Channel,Session campaign,Order ID,Order date,Week,Scope,Customer type,Customer source,Order status,Payment status,Net sales,Fulfilled net revenue,Gross order value,Fulfilled flag,Cancelled flag,Open net value,Cancelled net value,Return refund net value,Purchase events,Quantity,Brand,SKU,Page path + query string,Source file,Source CSV row,Backend loaded at,Backend updated at,Test order
Google Ads,All Brand - PMax PH,39773,2026-09-21 19:00:00,Week 3,Included,Website,,New,Unpaid,8473.13,0,9489.9,0,0,8473.13,0,0,4,2,YOKOHAMA,YOKOHAMA 185/65/R14 BLUEARTH ES32 86H,/complete-order?requestid=Mzk3NzM%3D,revenue_match/google_cpc.csv,2,2026-09-25 02:00:22,2026-09-22T10:55:00,false
Google Ads,BFG Advantage Touring – PMax PH,39143,2026-09-05 13:10:00,Week 1,Included,Website,,Fulfilled,Fully Paid,37973.21,37973.21,42530.0,1,0,0,0,0,2,4,MICHELIN,MICHELIN 265/65/R17 PRIMACY SUV+ 112H,/complete-order?requestid=MzkxNDM%3D,revenue_match/google_cpc.csv,3,2026-09-25 02:00:22,2026-09-10T15:28:00,false
Google Ads,MICHELIN - PMAX (Traffic),39395,2026-09-11 17:35:00,Week 2,Included,Website,,Fulfilled,Fully Paid,7095.27,7095.27,7946.7,1,0,0,0,0,2,3,ARIVO,ARIVO 185/55/R15 PREMIO COMFORT 6 ,/complete-order?requestid=MzkzOTU%3D,revenue_match/google_cpc.csv,4,2026-09-25 02:00:22,2026-09-21T14:40:00,false
Google Ads,Michelin - PMax PH,39497,2026-09-14 16:17:00,Week 2,Included,Website,CALL,Fulfilled,Fully Paid,37191.96,37191.96,41655.0,1,0,0,0,0,2,4,MICHELIN,MICHELIN 235/50/R18 PRIMACY 5 97W,/complete-order?requestid=Mzk0OTc=,revenue_match/google_cpc.csv,5,2026-09-25 02:00:22,2026-09-22T11:50:00,false
Google Ads,Michelin - PMax PH,39507,2026-09-14 17:43:00,Week 2,Included,Website,Website,Pending,Partial Payment,26661.61,0,29861.0,0,0,26661.61,0,0,2,4,KINTO,KINTO 285/40/ZR18 X-68+ 101W,/complete-order?requestid=Mzk1MDc%3D,revenue_match/google_cpc.csv,6,2026-09-25 02:00:22,2026-09-17T11:10:00,false
Google Ads,BFG Advantage Touring – PMax PH,39542,2026-09-15 14:31:00,Week 3,Included,Website,Website,Fulfilled,Fully Paid,11506.7,11506.7,12887.5,1,0,0,0,0,2,5,WESTLAKE,WESTLAKE 185/70/R14 RP36,/complete-order?requestid=Mzk1NDI%3D,revenue_match/google_cpc.csv,7,2026-09-25 02:00:22,2026-09-24T15:02:00,false
Google Ads,All Brand - PMax PH,39568,2026-09-16 11:09:00,Week 3,Included,Website,,New,Unpaid,15083.75,0,16893.8,0,0,15083.75,0,0,2,4,BFGOODRICH,BFGOODRICH 195/50/R16 ADVANTAGE TOURING 88V,/complete-order?requestid=Mzk1Njg=,revenue_match/google_cpc.csv,8,2026-09-25 02:00:22,2026-09-16T11:15:00,false
Google Ads,SRC | All Brands | PH,39570,2026-09-16 11:10:00,Week 3,Included,Website,Website,New,Unpaid,151683.75,0,169885.8,0,0,151683.75,0,0,2,12,TOYO,TOYO 235/60/R18 OPAT3 107H,/complete-order?requestid=Mzk1NzA=,revenue_match/google_cpc.csv,9,2026-09-25 02:00:22,2026-09-16T11:25:00,false
Google Ads,Michelin - PMax PH,39581,2026-09-16 14:03:00,Week 3,Included,Website,,New,Unpaid,45707.95,0,51192.9,0,0,45707.95,0,0,2,2,TOYO,TOYO 275/45/R21 PROXES SPORT PXSP2 110Y,/complete-order?requestid=Mzk1ODE=,revenue_match/google_cpc.csv,10,2026-09-25 02:00:22,2026-09-17T10:31:00,false
Google Ads,Michelin - PMax PH,39583,2026-09-16 14:14:00,Week 3,Included,Website,,New,Unpaid,45707.95,0,51192.9,0,0,45707.95,0,0,2,2,TOYO,TOYO 275/45/R21 PROXES SPORT PXSP2 110Y,/complete-order?requestid=Mzk1ODM=,revenue_match/google_cpc.csv,11,2026-09-25 02:00:22,2026-09-17T10:31:00,false
Google Ads,All Brand - PMax PH,39586,2026-09-16 15:22:00,Week 3,Included,Website,CALL,Fulfilled,Fully Paid,42857.14,42857.14,48000.0,1,0,0,0,0,2,4,MICHELIN,MICHELIN 255/45/R20 PILOT SPORT EV 105W,/complete-order?requestid=Mzk1ODY=,revenue_match/google_cpc.csv,12,2026-09-25 02:00:22,2026-09-22T15:56:00,false
Google Ads,BFG Advantage Touring – PMax PH,39603,2026-09-17 08:36:00,Week 3,Included,Website,,New,Unpaid,29117.32,0,32611.4,0,0,29117.32,0,0,2,8,HANKOOK,HANKOOK 205/55/R16 VENTUS PRIME 4 91W,/complete-order?requestid=Mzk2MDM=,revenue_match/google_cpc.csv,13,2026-09-25 02:00:22,2026-09-17T10:48:00,false
Google Ads,Gulongph Branding - PMax,39608,2026-09-17 10:02:00,Week 3,Included,Website,Website,Fulfilled,Fully Paid,4941.16,4941.16,5534.1,1,0,0,0,0,2,2,ARIVO,ARIVO 185/60/R15 PREMIO COMFORT 6 88H,/complete-order?requestid=Mzk2MDg%3D,revenue_match/google_cpc.csv,14,2026-09-25 02:00:22,2026-09-21T13:29:00,false
Google Ads,BFG Advantage Touring – PMax PH,39623,2026-09-17 11:14:00,Week 3,Included,Website,CALL,Pending,Partial Payment,30008.04,0,33609.0,0,0,30008.04,0,0,2,8,HANKOOK,HANKOOK 205/55/R16 VENTUS PRIME 4 91W,/complete-order?requestid=Mzk2MjM=,revenue_match/google_cpc.csv,15,2026-09-25 02:00:22,2026-09-24T15:39:00,false
Google Ads,BFG Advantage Touring – PMax PH,39665,2026-09-18 12:35:00,Week 3,Included,Website,Website,Fulfilled,Fully Paid,6785.71,6785.71,7600.0,1,0,0,0,0,2,2,BFGOODRICH,BFGOODRICH 185/55/R15 ADVANTAGE TOURING 86V,/complete-order?requestid=Mzk2NjU%3D,revenue_match/google_cpc.csv,16,2026-09-25 02:00:22,2026-09-24T14:23:00,false
Google Ads,BFG Advantage Touring – PMax PH,39677,2026-09-18 17:13:00,Week 3,Included,Website,Website,New,Unpaid,4808.04,0,5385.0,0,0,4808.04,0,0,2,1,BFGOODRICH,BFGOODRICH 215/45/R17 ADVANTAGE TOURING 91V,/complete-order?requestid=Mzk2Nzc=,revenue_match/google_cpc.csv,17,2026-09-25 02:00:22,2026-09-21T15:58:00,false
Google Ads,BFG Advantage Touring – PMax PH,39691,2026-09-19 01:20:00,Week 3,Included,Website,Website,Processing,Fully Paid,39419.64,0,44150.0,0,0,39419.64,0,0,2,4,MICHELIN,MICHELIN 255/40/ZR18 PILOT SPORT 5 99Y XL TL,/complete-order?requestid=Mzk2OTE%3D,revenue_match/google_cpc.csv,18,2026-09-25 02:00:22,2026-09-23T15:18:00,false
Google Ads,All Brand - PMax PH,39692,2026-09-19 08:28:00,Week 3,Included,Website,,Fulfilled,Partial Payment,14979.64,14979.64,16777.2,1,0,0,0,0,2,4,BRIDGESTONE,BRIDGESTONE 175/65/R14 ECOPIA EP150 82H,/complete-order?requestid=Mzk2OTI%3D,revenue_match/google_cpc.csv,19,2026-09-25 02:00:22,2026-09-24T09:59:00,false
Google Ads,Michelin - PMax PH,39705,2026-09-19 16:00:00,Week 3,Included,Website,Website,Cancelled,Fully Paid,10851.25,0,12153.4,0,1,0,10851.25,0,2,4,BFGOODRICH,BFGOODRICH 175/65/R14 ADVANTAGE TOURING 82H,/complete-order?requestid=Mzk3MDU%3D,revenue_match/google_cpc.csv,20,2026-09-25 02:00:22,2026-09-22T14:02:00,false
Google Ads,(cross-network),39736,2026-09-20 19:09:00,Week 3,Included,Website,,Fulfilled,Fully Paid,8613.66,8613.66,9647.3,1,0,0,0,0,2,2,YOKOHAMA,YOKOHAMA 185/60/R15 BLUEARTH ES32 84H,/complete-order?requestid=Mzk3MzY%3D,revenue_match/google_cpc.csv,21,2026-09-25 02:00:22,2026-09-24T14:48:00,false
Google Ads,Michelin - PMax PH,39738,2026-09-20 19:43:00,Week 3,Included,Website,,For Return,Partial Payment,10940.54,0,12253.4,0,0,0,0,10940.54,2,4,BFGOODRICH,BFGOODRICH 175/65/R14 ADVANTAGE TOURING 82H,/complete-order?requestid=Mzk3Mzg%3D,revenue_match/google_cpc.csv,22,2026-09-25 02:00:22,2026-09-23T10:01:00,false
Google Ads,All Brand - PMax PH,39816,2026-09-22 19:54:00,Week 4,Included,Website,Website,Processing,Fully Paid,19370.54,0,21695.0,0,0,19370.54,0,0,2,4,MICHELIN,MICHELIN 185/55/R15 ENERGY XM2+ 86V,/complete-order?requestid=Mzk4MTY%3D,revenue_match/google_cpc.csv,23,2026-09-25 02:00:22,2026-09-23T11:50:00,false
Google Ads,Gulongph Branding - PMax,39835,2026-09-23 12:13:00,Week 4,Included,Website,,Pending,Fully Paid,6370.54,0,7135.0,0,0,6370.54,0,0,2,1,YOKOHAMA,YOKOHAMA 205/65/R16 BLUEARTH E70B 95H,/complete-order?requestid=Mzk4MzU%3D,revenue_match/google_cpc.csv,24,2026-09-25 02:00:22,2026-09-23T12:15:00,false
Google Ads,BFG Advantage Touring – PMax PH,39862,2026-09-23 18:04:00,Week 4,Included,Website,,Processing,Fully Paid,26638.93,0,29835.6,0,0,26638.93,0,0,2,4,CST,CST 265/60/R18 SAHARA AT 2 110T,/complete-order?requestid=Mzk4NjI%3D,revenue_match/google_cpc.csv,25,2026-09-25 02:00:22,2026-09-24T12:11:00,false
Google Ads,BFG Advantage Touring – PMax PH,39870,2026-09-24 09:25:00,Week 4,Included,Website,,Pending,Partial Payment,11310.18,0,12667.4,0,0,11310.18,0,0,2,4,ARIVO,ARIVO 205/65/R15 PREMIO COMFORT 6 94V,/complete-order?requestid=Mzk4NzA=,revenue_match/google_cpc.csv,26,2026-09-25 02:00:22,2026-09-24T09:27:00,false
Google Ads,Michelin - PMax PH,39877,2026-09-24 09:47:00,Week 4,Included,Website,,Cancelled,Pending,21785.71,0,24400.0,0,1,0,21785.71,0,2,4,BFGOODRICH,BFGOODRICH 225/55/R18 ADVANTAGE TOURING 98H,/complete-order?requestid=Mzk4Nzc=,revenue_match/google_cpc.csv,27,2026-09-25 02:00:22,2026-09-24T10:30:00,false
Google Ads,Michelin - PMax PH,39878,2026-09-24 09:47:00,Week 4,Included,Website,Website,Cancelled,Pending,21785.71,0,24400.0,0,1,0,21785.71,0,2,4,BFGOODRICH,BFGOODRICH 225/55/R18 ADVANTAGE TOURING 98H,/complete-order?requestid=Mzk4Nzg=,revenue_match/google_cpc.csv,28,2026-09-25 02:00:22,2026-09-24T10:29:00,false
Google Ads,BFG Advantage Touring – PMax PH,39895,2026-09-24 13:02:00,Week 4,Included,Website,,New,Unpaid,10774.91,0,12067.9,0,0,10774.91,0,0,2,2,BFGOODRICH,BFGOODRICH 225/50/R17 ADVANTAGE TOURING 98V,/complete-order?requestid=Mzk4OTU=,revenue_match/google_cpc.csv,29,2026-09-25 02:00:22,2026-09-24T13:02:00,false
Google Ads,Michelin - PMax PH,39898,2026-09-24 14:41:00,Week 4,Included,Website,CHAT,Processing,Fully Paid,27812.14,0,31149.6,0,0,27812.14,0,0,2,4,YOKOHAMA,YOKOHAMA 215/60/R17 GEOLANDAR CV G058 96H,/complete-order?requestid=Mzk4OTg=,revenue_match/google_cpc.csv,30,2026-09-25 02:00:22,2026-09-24T14:46:00,false
Google Ads,Michelin - PMax PH,39017,2026-09-02 06:14:00,Week 1,Included,Website,Website,Fulfilled,Fully Paid,14073.04,14073.04,15761.8,1,0,0,0,0,2,4,BFGOODRICH,BFGOODRICH 185/65/R15 ADVANTAGE TOURING 88H,/complete-order?requestid=MzkwMTc%3D,revenue_match/google_cpc.csv,31,2026-09-25 02:00:22,2026-09-18T09:41:00,false
Google Ads,Michelin - PMax PH,39032,2026-09-02 12:19:00,Week 1,Included,Website,CALL,Fulfilled,Fully Paid,24990.18,24990.18,27989.0,1,0,0,0,0,2,4,YOKOHAMA,YOKOHAMA 215/55/R16 BLUEARTH GT AE51 97W,/complete-order?requestid=MzkwMzI%3D,revenue_match/google_cpc.csv,32,2026-09-25 02:00:22,2026-09-18T09:42:00,false
Google Ads,All Brand - PMax PH,39034,2026-09-02 13:21:00,Week 1,Included,Website,,New,Unpaid,19659.82,0,22019.0,0,0,19659.82,0,0,2,4,HANKOOK,HANKOOK 205/55/R17 VENTUS PRIME 4 95V,/complete-order?requestid=MzkwMzQ=,revenue_match/google_cpc.csv,33,2026-09-25 02:00:22,2026-09-02T14:15:00,false
Google Ads,All Brand - PMax PH,39035,2026-09-02 13:27:00,Week 1,Included,Website,Website,New,Unpaid,19659.82,0,22019.0,0,0,19659.82,0,0,2,4,HANKOOK,HANKOOK 205/55/R17 VENTUS PRIME 4 95V,/complete-order?requestid=MzkwMzU=,revenue_match/google_cpc.csv,34,2026-09-25 02:00:22,2026-09-02T14:16:00,false
Google Ads,Michelin - PMax PH,39065,2026-09-02 21:15:00,Week 1,Included,Website,,Fulfilled,Fully Paid,42234.11,42234.11,47302.2,1,0,0,0,0,2,4,DUNLOP,DUNLOP 265/50/R20 GRANDTREK PT5 107V,/complete-order?requestid=MzkwNjU%3D,revenue_match/google_cpc.csv,35,2026-09-25 02:00:22,2026-09-22T11:23:00,false
Google Ads,Michelin - PMax PH,38959,2026-08-31 18:55:00,Outside / unknown,Outside period,Website,Website,Fulfilled,Fully Paid,27053.57,27053.57,30300.0,1,0,0,0,0,2,4,MICHELIN,MICHELIN 195/60/R16 PRIMACY 5 93V,/complete-order?requestid=Mzg5NTk=,revenue_match/google_cpc.csv,36,2026-09-25 02:00:22,2026-09-22T16:14:00,false
Google Ads,Michelin - PMax PH,39158,2026-09-06 16:11:00,Week 1,Included,Website,Website,Fulfilled,Fully Paid,4517.77,4517.77,5059.9,1,0,0,0,0,2,2,CST,CST 155/80/R13 MARQUIS MR61 79T,/complete-order?requestid=MzkxNTg%3D,revenue_match/google_cpc.csv,37,2026-09-25 02:00:22,2026-09-11T18:53:00,false
Google Ads,Gulongph Branding - PMax,39164,2026-09-06 21:36:00,Week 1,Included,Website,,New,Unpaid,45796.43,0,51292.0,0,0,45796.43,0,0,2,5,HANKOOK,HANKOOK 265/50/R20 DYNAPRO AT2 XTREME RF12 111T,/complete-order?requestid=MzkxNjQ%3D,revenue_match/google_cpc.csv,38,2026-09-25 02:00:22,2026-09-07T13:17:00,false
Google Ads,Gulongph Branding - PMax,39166,2026-09-06 21:43:00,Week 1,Included,Website,,Fulfilled,Fully Paid,45796.43,45796.43,51292.0,1,0,0,0,0,2,5,HANKOOK,HANKOOK 265/50/R20 DYNAPRO AT2 XTREME RF12 111T,/complete-order?requestid=MzkxNjY%3D,revenue_match/google_cpc.csv,39,2026-09-25 02:00:22,2026-09-10T15:23:00,false
Google Ads,Michelin - PMax PH,39169,2026-09-06 22:03:00,Week 1,Included,Website,,Fulfilled,Fully Paid,8129.46,8129.46,9105.0,1,0,0,0,0,2,2,ARIVO,ARIVO 215/70/R16C TRANSITO ARZ 6-X,/complete-order?requestid=MzkxNjk%3D,revenue_match/google_cpc.csv,40,2026-09-25 02:00:22,2026-09-10T15:22:00,false
Google Ads,SRC | All Brands | PH,39193,2026-09-07 11:25:00,Week 1,Included,Website,Website,Fulfilled,Fully Paid,9157.68,9157.68,10256.6,1,0,0,0,0,2,4,ARIVO,ARIVO 175/70/R14 PREMIO COMFORT 6 84T,/complete-order?requestid=MzkxOTM%3D,revenue_match/google_cpc.csv,41,2026-09-25 02:00:22,2026-09-22T09:40:00,false
Google Ads,SRC | All Brands | PH,39204,2026-09-07 14:06:00,Week 1,Included,Website,CHAT,Fulfilled,Fully Paid,21785.71,21785.71,24400.0,1,0,0,0,0,2,4,BFGOODRICH,BFGOODRICH 225/55/R18 ADVANTAGE TOURING 98H,/complete-order?requestid=MzkyMDQ%3D,revenue_match/google_cpc.csv,42,2026-09-25 02:00:22,2026-09-14T08:32:00,false
Google Ads,BFG - PMax (Traffic),39260,2026-09-08 22:28:00,Week 2,Included,Website,Website,New,Unpaid,24883.93,0,27870.0,0,0,24883.93,0,0,2,4,VREDESTEIN,VREDESTEIN 235/55/R17 ULTRAC VORTI I,/complete-order?requestid=MzkyNjA=,revenue_match/google_cpc.csv,43,2026-09-25 02:00:22,2026-09-09T13:06:00,false
Google Ads,SRC | All Brands | PH,39265,2026-09-09 09:36:00,Week 2,Included,Website,Website,New,Unpaid,7950.54,0,8904.6,0,0,7950.54,0,0,2,4,BLACK ARROW,BLACK ARROW 185/65/R15 SUPER DART P16 88H,/complete-order?requestid=MzkyNjU=,revenue_match/google_cpc.csv,44,2026-09-25 02:00:22,2026-09-11T11:20:00,false
Google Ads,Michelin - PMax PH,39301,2026-09-09 18:27:00,Week 2,Included,Website,Website,Fulfilled,Fully Paid,31281.07,31281.07,35034.8,1,0,0,0,0,2,4,HANKOOK,HANKOOK 255/65/R17 DYNAPRO AT2 XTREME RF12 110T,/complete-order?requestid=MzkzMDE=,revenue_match/google_cpc.csv,45,2026-09-25 02:00:22,2026-09-14T11:23:00,false
Google Ads,Gulongph Branding - PMax,39372,2026-09-11 09:11:00,Week 2,Included,Website,,Pending,Fully Paid,6370.54,0,7135.0,0,0,6370.54,0,0,2,1,YOKOHAMA,YOKOHAMA 205/65/R16 BLUEARTH E70B 95H,/complete-order?requestid=MzkzNzI%3D,revenue_match/google_cpc.csv,46,2026-09-25 02:00:22,2026-09-11T09:12:00,false
Google Ads,Michelin - PMax PH,38981,2026-09-01 12:52:00,Week 1,Included,Website,Website,Fulfilled,Fully Paid,9504.11,9504.11,10644.6,1,0,0,0,0,2,4,ARIVO,ARIVO 185/60/R15 PREMIO COMFORT 6 88H,/complete-order?requestid=Mzg5ODE%3D,revenue_match/google_cpc.csv,47,2026-09-25 02:00:22,2026-09-22T13:17:00,false
Google Ads,BFG Advantage Touring – PMax PH,38969,2026-09-01 10:39:00,Week 1,Included,Website,,Fulfilled,Fully Paid,6201.43,6201.43,6945.6,1,0,0,0,0,1,2,BFGOODRICH,BFGOODRICH 185/55/R16 ADVANTAGE TOURING 87H,/complete-order?requestid=Mzg5Njk=,revenue_match/google_cpc.csv,48,2026-09-25 02:00:22,2026-09-18T09:38:00,false
Google Ads,Michelin - PMax PH,38985,2026-09-01 13:26:00,Week 1,Included,Website,CALL,Fulfilled,Fully Paid,57267.86,57267.86,64140.0,1,0,0,0,0,1,4,MICHELIN,MICHELIN 275/60/R20 PRIMACY SUV+ 115H,/complete-order?requestid=Mzg5ODU=,revenue_match/google_cpc.csv,49,2026-09-25 02:00:22,2026-09-18T09:48:00,false
Google Ads,BFG Advantage Touring – PMax PH,39468,2026-09-13 21:46:00,Week 2,Included,Website,,Cancelled,Pending,10851.25,0,12153.4,0,1,0,10851.25,0,1,4,BFGOODRICH,BFGOODRICH 175/65/R14 ADVANTAGE TOURING 82H,/complete-order?requestid=Mzk0Njg=,revenue_match/google_cpc.csv,50,2026-09-25 02:00:22,2026-09-23T16:19:00,false
Google Ads,Michelin - PMax PH,39471,2026-09-14 07:53:00,Week 2,Included,Website,Website,Cancelled,Pending,43410.71,0,48620.0,0,1,0,43410.71,0,1,4,MICHELIN,MICHELIN 255/45/R20 PILOT SPORT EV 105W,/complete-order?requestid=Mzk0NzE=,revenue_match/google_cpc.csv,51,2026-09-25 02:00:22,2026-09-23T16:19:00,false
Google Ads,All Brand - PMax PH,39589,2026-09-16 17:05:00,Week 3,Included,Website,Website,Cancelled,Pending,11483.39,0,12861.4,0,1,0,11483.39,0,1,4,ARIVO,ARIVO 195/60/R16 PREMIO COMFORT 6 89H,/complete-order?requestid=Mzk1ODk=,revenue_match/google_cpc.csv,52,2026-09-25 02:00:22,2026-09-23T16:17:00,false
Google Ads,BFG - PMax (Traffic),39594,2026-09-16 20:15:00,Week 3,Included,Website,Website,Cancelled,Pending,18497.32,0,20717.0,0,1,0,18497.32,0,1,4,BFGOODRICH,BFGOODRICH 215/55/R16 ADVANTAGE TOURING 97V,/complete-order?requestid=Mzk1OTQ=,revenue_match/google_cpc.csv,53,2026-09-25 02:00:22,2026-09-23T16:16:00,false
Google Ads,All Brand - PMax PH,39601,2026-09-16 22:46:00,Week 3,Included,Website,,Cancelled,Pending,7353.57,0,8236.0,0,1,0,7353.57,0,1,4,WESTLAKE,WESTLAKE 165/65/R14 RP18,/complete-order?requestid=Mzk2MDE=,revenue_match/google_cpc.csv,54,2026-09-25 02:00:22,2026-09-23T16:16:00,false
Google Ads,BFG Advantage Touring – PMax PH,39602,2026-09-17 00:57:00,Week 3,Included,Website,,Cancelled,Pending,22643.04,0,25360.2,0,1,0,22643.04,0,1,4,ARIVO,ARIVO 265/60/R18 TERRAMAX ARV PRO A/T,/complete-order?requestid=Mzk2MDI=,revenue_match/google_cpc.csv,55,2026-09-25 02:00:22,2026-09-17T11:32:00,false
Google Ads,All Brand - PMax PH,39656,2026-09-18 09:42:00,Week 3,Included,Website,Website,Fulfilled,Partial Payment,11168.84,11168.84,12509.1,1,0,0,0,0,1,2,BRIDGESTONE,BRIDGESTONE 185/55/R16 TURANZA ER370 83H,/complete-order?requestid=Mzk2NTY=,revenue_match/google_cpc.csv,56,2026-09-25 02:00:22,2026-09-24T10:24:00,false
Google Ads,All Brand - PMax PH,39813,2026-09-22 18:05:00,Week 4,Included,Website,Website,Cancelled,Pending,19459.82,0,21795.0,0,1,0,19459.82,0,1,4,MICHELIN,MICHELIN 175/70/R14 ENERGY XM2+ 88T,/complete-order?requestid=Mzk4MTM=,revenue_match/google_cpc.csv,57,2026-09-25 02:00:22,2026-09-23T16:12:00,false
Google Ads,All Brand - PMax PH,39023,2026-09-02 09:38:00,Week 1,Included,Website,Website,Fulfilled,Fully Paid,32340.36,32340.36,36221.2,1,0,0,0,0,1,4,WESTLAKE,WESTLAKE 305/35/R24 SA57,/complete-order?requestid=MzkwMjM=,revenue_match/google_cpc.csv,58,2026-09-25 02:00:22,2026-09-22T16:15:00,false
Google Ads,Michelin - PMax PH,39121,2026-09-04 16:02:00,Week 1,Included,Website,,Cancelled,Pending,7332.32,0,8212.2,0,1,0,7332.32,0,1,4,FRONWAY,FRONWAY 175/65/R14 ECOGREEN ONE 82V,/complete-order?requestid=MzkxMjE=,revenue_match/google_cpc.csv,59,2026-09-25 02:00:22,2026-09-10T16:31:00,false
Google Ads,BFG - PMax (Traffic),39132,2026-09-04 22:19:00,Week 1,Included,Website,,Cancelled,Pending,9103.04,0,10195.4,0,1,0,9103.04,0,1,4,CHENGSHAN,CHENGSHAN 205/55/R16 CSC-802 91V,/complete-order?requestid=MzkxMzI=,revenue_match/google_cpc.csv,60,2026-09-25 02:00:22,2026-09-23T16:24:00,false
Google Ads,BFG - PMax (Traffic),39133,2026-09-04 23:10:00,Week 1,Included,Website,,Cancelled,Pending,11772.5,0,13185.2,0,1,0,11772.5,0,1,4,LAUFENN,LAUFENN 185/55/R16 S FIT EQ 83V,/complete-order?requestid=MzkxMzM=,revenue_match/google_cpc.csv,61,2026-09-25 02:00:22,2026-09-10T15:08:00,false
Google Ads,Michelin - PMax PH,39146,2026-09-05 15:45:00,Week 1,Included,Website,Website,Cancelled,Pending,30293.21,0,33928.4,0,1,0,30293.21,0,1,4,BFGOODRICH,BFGOODRICH 265/50/R20 ADVANTAGE TOURING 111T,/complete-order?requestid=MzkxNDY=,revenue_match/google_cpc.csv,62,2026-09-25 02:00:22,2026-09-23T16:24:00,false
Google Ads,Michelin - PMax PH,39171,2026-09-06 22:44:00,Week 1,Included,Website,Website,Cancelled,Pending,32781.25,0,36715.0,0,1,0,32781.25,0,1,4,MICHELIN,MICHELIN 215/55/R17 PRIMACY 5 94V,/complete-order?requestid=MzkxNzE=,revenue_match/google_cpc.csv,63,2026-09-25 02:00:22,2026-09-10T14:38:00,false
Google Ads,Michelin - PMax PH,39172,2026-09-06 23:44:00,Week 1,Included,Website,,Fulfilled,Fully Paid,8185.0,8185.0,9167.2,1,0,0,0,0,1,4,WESTLAKE,WESTLAKE 165/70/R14 RP36,/complete-order?requestid=MzkxNzI=,revenue_match/google_cpc.csv,64,2026-09-25 02:00:22,2026-09-10T15:33:00,false
Google Ads,SRC | All Brands | PH,39213,2026-09-07 17:12:00,Week 1,Included,Website,Website,Fulfilled,Fully Paid,2419.64,2419.64,2710.0,1,0,0,0,0,1,1,DURATURN,DURATURN 195/60/R15 MOZZO ECO D3 88V,/complete-order?requestid=MzkyMTM=,revenue_match/google_cpc.csv,65,2026-09-25 02:00:22,2026-09-14T15:26:00,false
Google Ads,SRC | All Brands | PH,39219,2026-09-07 20:44:00,Week 1,Included,Website,,Cancelled,Pending,21633.93,0,24230.0,0,1,0,21633.93,0,1,4,MICHELIN,MICHELIN 205/60/R15 ENERGY XM2+ 91V,/complete-order?requestid=MzkyMTk=,revenue_match/google_cpc.csv,66,2026-09-25 02:00:22,2026-09-23T16:23:00,false
Google Ads,Gulongph Branding - PMax,39368,2026-09-11 08:36:00,Week 2,Included,Website,Website,Fulfilled,Fully Paid,9710.36,9710.36,10875.6,1,0,0,0,0,1,2,ATLAS,ATLAS 215/55/R18 A51 95V,/complete-order?requestid=MzkzNjg=,revenue_match/google_cpc.csv,67,2026-09-25 02:00:22,2026-09-19T14:41:00,false
Google Ads,BFG Advantage Touring – PMax PH,39396,2026-09-11 17:59:00,Week 2,Included,Website,Website,Cancelled,Pending,13805.71,0,15462.4,0,1,0,13805.71,0,1,4,YOKOHAMA,YOKOHAMA 175/65/R14 BLUEARTH ES32 82T,/complete-order?requestid=MzkzOTY=,revenue_match/google_cpc.csv,68,2026-09-25 02:00:22,2026-09-23T16:21:00,false
Google Ads,All Brand - PMax PH,39397,2026-09-11 20:19:00,Week 2,Included,Website,Website,Cancelled,Pending,13348.21,0,14950.0,0,1,0,13348.21,0,1,4,BFGOODRICH,BFGOODRICH 185/55/R15 ADVANTAGE TOURING 86V,/complete-order?requestid=MzkzOTc=,revenue_match/google_cpc.csv,69,2026-09-25 02:00:22,2026-09-23T16:21:00,false
Direct & Organic,(direct),39592,2026-09-16 19:42:00,Week 3,Included,Website,Website,Cancelled,Pending,12025.18,0,13468.2,0,1,0,12025.18,0,3,2,BFGOODRICH,BFGOODRICH 245/70/R16 ADVANTAGE TOURING 111T,/complete-order?requestid=Mzk1OTI=,direct_and_organic_revenue/direct_and_organic.csv,2,2026-09-25 02:00:22,2026-09-23T16:17:00,false
Direct & Organic,(organic),39200,2026-09-07 11:55:00,Week 1,Included,Fb,CHAT,Fulfilled,Fully Paid,14615.36,14615.36,16369.2,1,0,0,0,0,2,4,ARIVO,ARIVO 215/65/R16 PREMIO COMFORT 6 98H,/complete-order?requestid=MzkyMDA=,direct_and_organic_revenue/direct_and_organic.csv,3,2026-09-25 02:00:22,2026-09-23T10:58:00,false
Direct & Organic,(direct),39390,2026-09-11 16:31:00,Week 2,Included,Website,Website,Fulfilled,Fully Paid,8540.18,8540.18,9565.0,1,0,0,0,0,2,1,DUNLOP,DUNLOP 235/60/R17 SP LT30A 109T,/complete-order?requestid=MzkzOTA%3D,direct_and_organic_revenue/direct_and_organic.csv,4,2026-09-25 02:00:22,2026-09-19T14:32:00,false
Direct & Organic,(direct),38990,2026-09-01 14:40:00,Week 1,Included,Fb,CHAT,Fulfilled,Fully Paid,4114.73,4114.73,4608.5,1,0,0,0,0,2,2,WESTLAKE,WESTLAKE 165/60/R14 RP36,/complete-order?requestid=Mzg5OTA=,direct_and_organic_revenue/direct_and_organic.csv,5,2026-09-25 02:00:22,2026-09-23T10:59:00,false
Direct & Organic,(direct),38996,2026-09-01 17:12:00,Week 1,Included,Fb,CHAT,Fulfilled,Fully Paid,8333.21,8333.21,9333.2,1,0,0,0,0,2,4,WESTLAKE,WESTLAKE 165/65/R13 RP36,/complete-order?requestid=Mzg5OTY=,direct_and_organic_revenue/direct_and_organic.csv,6,2026-09-25 02:00:22,2026-09-22T11:57:00,false
Direct & Organic,(organic),39401,2026-09-12 00:18:00,Week 2,Included,Website,,New,Unpaid,12357.14,0,13840.0,0,0,12357.14,0,0,2,4,APOLLO,APOLLO 185/70/R13 AMAZER XP 86H,/complete-order?requestid=Mzk0MDE%3D,direct_and_organic_revenue/direct_and_organic.csv,7,2026-09-25 02:00:22,2026-09-12T11:46:00,false
Direct & Organic,(organic),39404,2026-09-12 01:06:00,Week 2,Included,Website,,Fulfilled,Fully Paid,22825.0,22825.0,25564.0,1,0,0,0,0,2,4,YOKOHAMA,YOKOHAMA 205/50/R16 ADVAN FLEVA V701 87V,/complete-order?requestid=Mzk0MDQ=,direct_and_organic_revenue/direct_and_organic.csv,8,2026-09-25 02:00:22,2026-09-21T08:39:00,false
Direct & Organic,(direct),39406,2026-09-12 08:19:00,Week 2,Included,Website,,New,Unpaid,12055.71,0,13502.4,0,0,12055.71,0,0,2,4,HANKOOK,HANKOOK 185/65/R15 KINERGY ECO2 88T,/complete-order?requestid=Mzk0MDY=,direct_and_organic_revenue/direct_and_organic.csv,9,2026-09-25 02:00:22,2026-09-14T17:09:00,false
Direct & Organic,(direct),39407,2026-09-12 08:36:00,Week 2,Included,Website,Website,New,Unpaid,12055.71,0,13502.4,0,0,12055.71,0,0,2,4,HANKOOK,HANKOOK 185/65/R15 KINERGY ECO2 88T,/complete-order?requestid=Mzk0MDc=,direct_and_organic_revenue/direct_and_organic.csv,10,2026-09-25 02:00:22,2026-09-14T16:58:00,false
Direct & Organic,(organic),39409,2026-09-12 09:32:00,Week 2,Included,Website,,Fulfilled,Fully Paid,19022.86,19022.86,21305.6,1,0,0,0,0,2,4,COMFORSER,COMFORSER 235/65/R17 CF2000 H/T 108H,/complete-order?requestid=Mzk0MDk%3D,direct_and_organic_revenue/direct_and_organic.csv,11,2026-09-25 02:00:22,2026-09-24T15:03:00,false
Direct & Organic,(organic),39417,2026-09-12 11:55:00,Week 2,Included,Website,Website,Fulfilled,Fully Paid,13348.21,13348.21,14950.0,1,0,0,0,0,2,4,BFGOODRICH,BFGOODRICH 185/55/R15 ADVANTAGE TOURING 86V,/complete-order?requestid=Mzk0MTc=,direct_and_organic_revenue/direct_and_organic.csv,12,2026-09-25 02:00:22,2026-09-22T11:20:00,false
Direct & Organic,(organic),39433,2026-09-12 16:37:00,Week 2,Included,Website,Website,New,Unpaid,12357.14,0,13840.0,0,0,12357.14,0,0,2,4,APOLLO,APOLLO 185/70/R13 AMAZER XP 86H,/complete-order?requestid=Mzk0MzM%3D,direct_and_organic_revenue/direct_and_organic.csv,13,2026-09-25 02:00:22,2026-09-14T11:23:00,false
Direct & Organic,(direct),39445,2026-09-12 16:52:00,Week 2,Included,Website,,Fulfilled,Fully Paid,20857.14,20857.14,23360.0,1,0,0,0,0,2,5,APOLLO,APOLLO 205/65/R15 ALNAC 4G 94H,/complete-order?requestid=Mzk0NDU%3D,direct_and_organic_revenue/direct_and_organic.csv,14,2026-09-25 02:00:22,2026-09-22T09:22:00,false
Direct & Organic,(direct),39451,2026-09-12 18:00:00,Week 2,Included,Website,Website,Fulfilled,Fully Paid,12384.11,12384.11,13870.2,1,0,0,0,0,2,4,WESTLAKE,WESTLAKE 195/60/R16 RP36,/complete-order?requestid=Mzk0NTE%3D,direct_and_organic_revenue/direct_and_organic.csv,15,2026-09-25 02:00:22,2026-09-19T16:18:00,false
Direct & Organic,(organic),39455,2026-09-12 20:54:00,Week 2,Included,Website,,For Return,Partial Payment,31301.07,0,35057.2,0,0,0,0,31301.07,2,4,HANKOOK,HANKOOK 265/60/R18 DYNAPRO AT2 XTREME RF12 114T,/complete-order?requestid=Mzk0NTU=,direct_and_organic_revenue/direct_and_organic.csv,16,2026-09-25 02:00:22,2026-09-24T14:06:00,false
Direct & Organic,(direct),39457,2026-09-13 07:54:00,Week 2,Included,Website,Website,Fulfilled,Fully Paid,53638.39,53638.39,60075.0,1,0,0,0,0,2,4,MICHELIN,MICHELIN 225/45/ZR19 PILOT SPORT 5 96Y XL TL,/complete-order?requestid=Mzk0NTc%3D,direct_and_organic_revenue/direct_and_organic.csv,17,2026-09-25 02:00:22,2026-09-19T16:22:00,false
Direct & Organic,(direct),39464,2026-09-13 14:40:00,Week 2,Included,Website,,Fulfilled,Fully Paid,4372.77,4372.77,4897.5,1,0,0,0,0,2,2,WESTLAKE,WESTLAKE 175/55/R15 RP26,/complete-order?requestid=Mzk0NjQ=,direct_and_organic_revenue/direct_and_organic.csv,18,2026-09-25 02:00:22,2026-09-21T11:49:00,false
Direct & Organic,(direct),39476,2026-09-14 09:33:00,Week 2,Included,Website,,New,Unpaid,4673.3,0,5234.1,0,0,4673.3,0,0,2,2,ARIVO,ARIVO 185/60/R15 PREMIO COMFORT 6 88H,/complete-order?requestid=Mzk0NzY%3D,direct_and_organic_revenue/direct_and_organic.csv,19,2026-09-25 02:00:22,2026-09-14T11:17:00,false
Direct & Organic,(direct),39477,2026-09-14 10:00:00,Week 2,Included,Website,,Cancelled,Pending,4851.88,0,5434.1,0,1,0,4851.88,0,2,2,ARIVO,ARIVO 185/60/R15 PREMIO COMFORT 6 88H,/complete-order?requestid=Mzk0Nzc=,direct_and_organic_revenue/direct_and_organic.csv,20,2026-09-25 02:00:22,2026-09-17T13:55:00,false
Direct & Organic,(direct),39482,2026-09-14 10:27:00,Week 2,Included,Website,Website,Fulfilled,Fully Paid,11102.32,11102.32,12434.6,1,0,0,0,0,2,4,ARIVO,ARIVO 185/55/R16 PREMIO COMFORT 6 83V,/complete-order?requestid=Mzk0ODI=,direct_and_organic_revenue/direct_and_organic.csv,21,2026-09-25 02:00:22,2026-09-22T09:22:00,false
Direct & Organic,(organic),39499,2026-09-14 16:49:00,Week 2,Included,Website,Website,Fulfilled,Fully Paid,18901.79,18901.79,21170.0,1,0,0,0,0,2,4,MICHELIN,MICHELIN 185/60/R15 ENERGY XM2+ 88H,/complete-order?requestid=Mzk0OTk=,direct_and_organic_revenue/direct_and_organic.csv,22,2026-09-25 02:00:22,2026-09-16T15:08:00,false
Direct & Organic,(direct),39525,2026-09-15 09:26:00,Week 3,Included,Fb,CHAT,Fulfilled,Fully Paid,5424.11,5424.11,6075.0,1,0,0,0,0,2,1,YOKOHAMA,YOKOHAMA 185/55/R16 BLUEARTH ES32 83V,/complete-order?requestid=Mzk1MjU=,direct_and_organic_revenue/direct_and_organic.csv,23,2026-09-25 02:00:22,2026-09-19T20:03:00,false
Direct & Organic,(direct),39531,2026-09-15 10:10:00,Week 3,Included,Fb,CHAT,Fulfilled,Fully Paid,28476.43,28476.43,31893.6,1,0,0,0,0,2,4,DUNLOP,DUNLOP 215/65/R16 ENASAVE EC300+ 98S,/complete-order?requestid=Mzk1MzE=,direct_and_organic_revenue/direct_and_organic.csv,24,2026-09-25 02:00:22,2026-09-22T09:06:00,false
Direct & Organic,(direct),39555,2026-09-15 21:33:00,Week 3,Included,Website,Website,Fulfilled,Fully Paid,4673.3,4673.3,5234.1,1,0,0,0,0,2,2,ARIVO,ARIVO 185/60/R15 PREMIO COMFORT 6 88H,/complete-order?requestid=Mzk1NTU=,direct_and_organic_revenue/direct_and_organic.csv,25,2026-09-25 02:00:22,2026-09-23T13:46:00,false
Direct & Organic,(direct),39558,2026-09-15 22:39:00,Week 3,Included,Website,,Fulfilled,Fully Paid,14979.64,14979.64,16777.2,1,0,0,0,0,2,4,BRIDGESTONE,BRIDGESTONE 175/65/R14 ECOPIA EP150 82H,/complete-order?requestid=Mzk1NTg=,direct_and_organic_revenue/direct_and_organic.csv,26,2026-09-25 02:00:22,2026-09-21T20:10:00,false
Direct & Organic,(organic),39563,2026-09-16 01:50:00,Week 3,Included,Website,Website,For Refund,For Refund,13700.89,0,15345.0,0,0,0,0,13700.89,2,1,BRIDGESTONE,BRIDGESTONE 225/45/R19 TURANZA T001 92W,/complete-order?requestid=Mzk1NjM%3D,direct_and_organic_revenue/direct_and_organic.csv,27,2026-09-25 02:00:22,2026-09-17T16:57:00,false
Direct & Organic,(direct),39571,2026-09-16 11:25:00,Week 3,Included,Website,,Cancelled,Pending,15181.61,0,17003.4,0,1,0,15181.61,0,2,4,BFGOODRICH,BFGOODRICH 205/65/R15 ADVANTAGE TOURING 99H,/complete-order?requestid=Mzk1NzE=,direct_and_organic_revenue/direct_and_organic.csv,28,2026-09-25 02:00:22,2026-09-23T16:17:00,false
Direct & Organic,(organic),39579,2026-09-16 12:25:00,Week 3,Included,Website,,Fulfilled,Fully Paid,29078.57,29078.57,32568.0,1,0,0,0,0,2,4,HANKOOK,HANKOOK 265/65/R17 DYNAPRO AT2 XTREME RF12 112T,/complete-order?requestid=Mzk1Nzk%3D,direct_and_organic_revenue/direct_and_organic.csv,29,2026-09-25 02:00:22,2026-09-21T20:23:00,false
Direct & Organic,(direct),39584,2026-09-16 15:03:00,Week 3,Included,Website,Website,New,Unpaid,18994.46,0,21273.8,0,0,18994.46,0,0,2,4,BFGOODRICH,BFGOODRICH 215/45/R17 ADVANTAGE TOURING 91V,/complete-order?requestid=Mzk1ODQ=,direct_and_organic_revenue/direct_and_organic.csv,30,2026-09-25 02:00:22,2026-09-17T11:33:00,false
Direct & Organic,(direct),39593,2026-09-16 19:52:00,Week 3,Included,Website,Website,New,Unpaid,15083.75,0,16893.8,0,0,15083.75,0,0,2,4,BFGOODRICH,BFGOODRICH 195/50/R16 ADVANTAGE TOURING 88V,/complete-order?requestid=Mzk1OTM=,direct_and_organic_revenue/direct_and_organic.csv,31,2026-09-25 02:00:22,2026-09-17T11:39:00,false
Direct & Organic,(direct),39600,2026-09-16 22:41:00,Week 3,Included,Website,Website,Fulfilled,Fully Paid,22553.75,22553.75,25260.2,1,0,0,0,0,2,4,ARIVO,ARIVO 265/60/R18 TERRAMAX ARV PRO A/T,/complete-order?requestid=Mzk2MDA=,direct_and_organic_revenue/direct_and_organic.csv,32,2026-09-25 02:00:22,2026-09-21T20:21:00,false
Direct & Organic,(organic),39612,2026-09-17 10:34:00,Week 3,Included,Website,Website,Fulfilled,Fully Paid,7460.18,7460.18,8355.4,1,0,0,0,0,2,4,ARIVO,ARIVO 175/65/R14 PREMIO COMFORT 6 82H,/complete-order?requestid=Mzk2MTI=,direct_and_organic_revenue/direct_and_organic.csv,33,2026-09-25 02:00:22,2026-09-21T15:35:00,false
Direct & Organic,(direct),39616,2026-09-17 10:43:00,Week 3,Included,Website,,Fulfilled,Partial Payment,4797.95,4797.95,5373.7,1,0,0,0,0,2,2,DURATURN,DURATURN 185/55/R15 MOZZO 4S 82V,/complete-order?requestid=Mzk2MTY%3D,direct_and_organic_revenue/direct_and_organic.csv,34,2026-09-25 02:00:22,2026-09-24T14:33:00,false
Direct & Organic,(direct),39624,2026-09-17 11:16:00,Week 3,Included,Website,,Fulfilled,Fully Paid,15738.57,15738.57,17627.2,1,0,0,0,0,2,4,BFGOODRICH,BFGOODRICH 205/65/R16 ADVANTAGE TOURING 95H,/complete-order?requestid=Mzk2MjQ=,direct_and_organic_revenue/direct_and_organic.csv,35,2026-09-25 02:00:22,2026-09-24T14:23:00,false
Direct & Organic,(direct),39636,2026-09-17 15:47:00,Week 3,Included,Website,,Fulfilled,Fully Paid,21785.71,21785.71,24400.0,1,0,0,0,0,2,4,BFGOODRICH,BFGOODRICH 225/55/R18 ADVANTAGE TOURING 98H,/complete-order?requestid=Mzk2MzY%3D,direct_and_organic_revenue/direct_and_organic.csv,36,2026-09-25 02:00:22,2026-09-24T14:29:00,false
Direct & Organic,(organic),39645,2026-09-17 18:25:00,Week 3,Included,Website,Website,Fulfilled,Fully Paid,21581.07,21581.07,24170.8,1,0,0,0,0,2,4,BRIDGESTONE,BRIDGESTONE 195/60/R16 ECOPIA EP150 89H,/complete-order?requestid=Mzk2NDU=,direct_and_organic_revenue/direct_and_organic.csv,37,2026-09-25 02:00:22,2026-09-24T10:21:00,false
Direct & Organic,(direct),39652,2026-09-18 06:32:00,Week 3,Included,Website,,Processing,Partial Payment,9837.86,0,11018.4,0,0,9837.86,0,0,2,4,WESTLAKE,WESTLAKE 185/55/R15 RP26,/complete-order?requestid=Mzk2NTI=,direct_and_organic_revenue/direct_and_organic.csv,38,2026-09-25 02:00:22,2026-09-23T14:33:00,false
Direct & Organic,(organic),39654,2026-09-18 08:23:00,Week 3,Included,Website,Website,Fulfilled,Fully Paid,32628.21,32628.21,36543.6,1,0,0,0,0,2,4,LAUFENN,LAUFENN 255/45/ZR20 S FIT AS 105 XLW,/complete-order?requestid=Mzk2NTQ%3D,direct_and_organic_revenue/direct_and_organic.csv,39,2026-09-25 02:00:22,2026-09-24T10:22:00,false
Direct & Organic,(organic),39667,2026-09-18 12:47:00,Week 3,Included,Website,,New,Unpaid,9180.36,0,10282.0,0,0,9180.36,0,0,2,4,BLACK ARROW,BLACK ARROW 205/55/R16 DART P15 91V,/complete-order?requestid=Mzk2Njc=,direct_and_organic_revenue/direct_and_organic.csv,40,2026-09-25 02:00:22,2026-09-18T12:47:00,false
Direct & Organic,(organic),39670,2026-09-18 13:50:00,Week 3,Included,Website,Website,Fulfilled,Fully Paid,15419.64,15419.64,17270.0,1,0,0,0,0,2,4,MICHELIN,MICHELIN 175/65/R14 ENERGY XM2+,/complete-order?requestid=Mzk2NzA=,direct_and_organic_revenue/direct_and_organic.csv,41,2026-09-25 02:00:22,2026-09-24T14:31:00,false
Direct & Organic,(direct),39673,2026-09-18 15:47:00,Week 3,Included,Fb,CHAT,Fulfilled,Fully Paid,14965.71,14965.71,16761.6,1,0,0,0,0,2,4,LAUFENN,LAUFENN 205/60/R16 G FIT AS 92V,/complete-order?requestid=Mzk2NzM=,direct_and_organic_revenue/direct_and_organic.csv,42,2026-09-25 02:00:22,2026-09-24T14:46:00,false
Direct & Organic,(direct),39679,2026-09-18 18:22:00,Week 3,Included,Website,Website,Fulfilled,Fully Paid,22343.21,22343.21,25024.4,1,0,0,0,0,2,4,LAUFENN,LAUFENN 215/55/R18 S FIT AS 99V,/complete-order?requestid=Mzk2Nzk=,direct_and_organic_revenue/direct_and_organic.csv,43,2026-09-25 02:00:22,2026-09-23T13:37:00,false
Direct & Organic,(direct),39698,2026-09-19 12:45:00,Week 3,Included,Website,,Fulfilled,Partial Payment,7766.88,7766.88,8698.9,1,0,0,0,0,2,2,BFGOODRICH,BFGOODRICH 195/60/R16 ADVANTAGE TOURING 89H,/complete-order?requestid=Mzk2OTg=,direct_and_organic_revenue/direct_and_organic.csv,44,2026-09-25 02:00:22,2026-09-24T10:07:00,false
Direct & Organic,(direct),39702,2026-09-19 15:20:00,Week 3,Included,Fb,CHAT,Processing,Partial Payment,15672.68,0,17553.4,0,0,15672.68,0,0,2,4,BFGOODRICH,BFGOODRICH 195/60/R16 ADVANTAGE TOURING 89H,/complete-order?requestid=Mzk3MDI=,direct_and_organic_revenue/direct_and_organic.csv,45,2026-09-25 02:00:22,2026-09-23T15:19:00,false
Direct & Organic,(direct),39718,2026-09-20 08:48:00,Week 3,Included,Website,,Processing,Fully Paid,19588.57,0,21939.2,0,0,19588.57,0,0,2,4,BFGOODRICH,BFGOODRICH 225/55/R17 ADVANTAGE TOURING 97V,/complete-order?requestid=Mzk3MTg%3D,direct_and_organic_revenue/direct_and_organic.csv,46,2026-09-25 02:00:22,2026-09-24T13:34:00,false
Direct & Organic,(direct),39720,2026-09-20 08:57:00,Week 3,Included,Website,,Processing,Fully Paid,8763.93,0,9815.6,0,0,8763.93,0,0,2,2,BFGOODRICH,BFGOODRICH 205/60/R16 ADVANTAGE TOURING 92H,/complete-order?requestid=Mzk3MjA=,direct_and_organic_revenue/direct_and_organic.csv,47,2026-09-25 02:00:22,2026-09-23T14:29:00,false
Direct & Organic,(organic),39721,2026-09-20 11:10:00,Week 3,Included,Website,,Fulfilled,Fully Paid,30459.82,30459.82,34115.0,1,0,0,0,0,2,4,MICHELIN,MICHELIN 205/55/R17 PRIMACY 5 95W,/complete-order?requestid=Mzk3MjE%3D,direct_and_organic_revenue/direct_and_organic.csv,48,2026-09-25 02:00:22,2026-09-24T14:39:00,false
Direct & Organic,(direct),39735,2026-09-20 17:51:00,Week 3,Included,Website,Website,Processing,Partial Payment,15508.93,0,17370.0,0,0,15508.93,0,0,2,4,MICHELIN,MICHELIN 175/65/R14 ENERGY XM2+,/complete-order?requestid=Mzk3MzU=,direct_and_organic_revenue/direct_and_organic.csv,49,2026-09-25 02:00:22,2026-09-23T16:41:00,false
Direct & Organic,(direct),39755,2026-09-21 11:51:00,Week 3,Included,Website,,Processing,Fully Paid,10597.32,0,11869.0,0,0,10597.32,0,0,2,4,WESTLAKE,WESTLAKE 195/55/R15 SA57,/complete-order?requestid=Mzk3NTU=,direct_and_organic_revenue/direct_and_organic.csv,50,2026-09-25 02:00:22,2026-09-23T14:27:00,false
Direct & Organic,(direct),39779,2026-09-21 20:25:00,Week 3,Included,Website,,Processing,Fully Paid,5841.88,0,6542.9,0,0,5841.88,0,0,2,2,ARIVO,ARIVO 205/65/R15 PREMIO COMFORT 6 94V,/complete-order?requestid=Mzk3Nzk%3D,direct_and_organic_revenue/direct_and_organic.csv,51,2026-09-25 02:00:22,2026-09-23T14:24:00,false
Direct & Organic,(organic),39784,2026-09-22 03:03:00,Week 4,Included,Website,,Pending,Partial Payment,21875.0,0,24500.0,0,0,21875.0,0,0,2,4,BFGOODRICH,BFGOODRICH 225/55/R18 ADVANTAGE TOURING 98H,/complete-order?requestid=Mzk3ODQ%3D,direct_and_organic_revenue/direct_and_organic.csv,52,2026-09-25 02:00:22,2026-09-22T03:09:00,false
Direct & Organic,(direct),39790,2026-09-22 11:34:00,Week 4,Included,Website,,Processing,Fully Paid,6201.43,0,6945.6,0,0,6201.43,0,0,2,2,BFGOODRICH,BFGOODRICH 185/55/R16 ADVANTAGE TOURING 87H,/complete-order?requestid=Mzk3OTA%3D,direct_and_organic_revenue/direct_and_organic.csv,53,2026-09-25 02:00:22,2026-09-22T13:55:00,false
Direct & Organic,(direct),39808,2026-09-22 16:38:00,Week 4,Included,Website,CHAT,Pending,Fully Paid,17549.11,0,19655.0,0,0,17549.11,0,0,2,4,MICHELIN,MICHELIN 185/70/R14 ENERGY XM2+ 88H,/complete-order?requestid=Mzk4MDg%3D,direct_and_organic_revenue/direct_and_organic.csv,54,2026-09-25 02:00:22,2026-09-23T16:20:00,false
Direct & Organic,(organic),39819,2026-09-22 22:33:00,Week 4,Included,Website,,Processing,Fully Paid,11238.48,0,12587.1,0,0,11238.48,0,0,2,2,YOKOHAMA,YOKOHAMA 205/45/R17 ADVAN FLEVA V701 88W,/complete-order?requestid=Mzk4MTk=,direct_and_organic_revenue/direct_and_organic.csv,55,2026-09-25 02:00:22,2026-09-23T14:22:00,false
Direct & Organic,(organic),39834,2026-09-23 12:12:00,Week 4,Included,Website,,Processing,Fully Paid,11220.89,0,12567.4,0,0,11220.89,0,0,2,4,ARIVO,ARIVO 205/65/R15 PREMIO COMFORT 6 94V,/complete-order?requestid=Mzk4MzQ%3D,direct_and_organic_revenue/direct_and_organic.csv,56,2026-09-25 02:00:22,2026-09-24T12:53:00,false
Direct & Organic,(direct),39837,2026-09-23 13:10:00,Week 4,Included,Chatbot,Chatbot,Processing,Partial Payment,71428.57,0,80000.0,0,0,71428.57,0,0,2,4,GOODYEAR,GOODYEAR 255/55/R20 WRANGLER TERRITORY HT 110V,/complete-order?requestid=Mzk4Mzc=,direct_and_organic_revenue/direct_and_organic.csv,57,2026-09-25 02:00:22,2026-09-23T15:24:00,false
Direct & Organic,(organic),39842,2026-09-23 14:09:00,Week 4,Included,Website,Website,Processing,Fully Paid,6600.27,0,7392.3,0,0,6600.27,0,0,2,2,FRONWAY,FRONWAY 215/55/R17 EURUS 08 98W,/complete-order?requestid=Mzk4NDI%3D,direct_and_organic_revenue/direct_and_organic.csv,58,2026-09-25 02:00:22,2026-09-23T14:43:00,false
Direct & Organic,(organic),39844,2026-09-23 14:20:00,Week 4,Included,Website,,Processing,Partial Payment,4763.39,0,5335.0,0,0,4763.39,0,0,2,1,CST,CST 225/60/R16 MEDALLION MD-A1 98V,/complete-order?requestid=Mzk4NDQ%3D,direct_and_organic_revenue/direct_and_organic.csv,59,2026-09-25 02:00:22,2026-09-24T10:37:00,false
Direct & Organic,(direct),39845,2026-09-23 15:11:00,Week 4,Included,Website,CALL,Processing,Partial Payment,20003.04,0,22403.4,0,0,20003.04,0,0,2,4,BFGOODRICH,BFGOODRICH 215/55/R17 ADVANTAGE TOURING 94V,/complete-order?requestid=Mzk4NDU=,direct_and_organic_revenue/direct_and_organic.csv,60,2026-09-25 02:00:22,2026-09-24T09:23:00,false
Direct & Organic,(direct),39860,2026-09-23 18:00:00,Week 4,Included,Website,Website,Cancelled,Pending,7812.14,0,8749.6,0,1,0,7812.14,0,2,2,WESTLAKE,WESTLAKE 215/55/R17 SA37,/complete-order?requestid=Mzk4NjA=,direct_and_organic_revenue/direct_and_organic.csv,61,2026-09-25 02:00:22,2026-09-24T11:00:00,false
Direct & Organic,(direct),39865,2026-09-23 20:18:00,Week 4,Included,Website,Website,Processing,Partial Payment,27556.43,0,30863.2,0,0,27556.43,0,0,2,4,BFGOODRICH,BFGOODRICH 235/60/R18 ADVANTAGE TOURING 103H,/complete-order?requestid=Mzk4NjU%3D,direct_and_organic_revenue/direct_and_organic.csv,62,2026-09-25 02:00:22,2026-09-24T11:15:00,false
Direct & Organic,(organic),39891,2026-09-24 11:22:00,Week 4,Included,Website,,Pending,Fully Paid,22432.5,0,25124.4,0,0,22432.5,0,0,2,4,KINTO,KINTO 235/50/ZR18 PRESTIGE P07 101W,/complete-order?requestid=Mzk4OTE%3D,direct_and_organic_revenue/direct_and_organic.csv,63,2026-09-25 02:00:22,2026-09-24T12:53:00,false
Direct & Organic,(direct),39900,,Outside / unknown,Unmatched,Unknown,Unknown,Unknown,Unknown,,,,0,0,,,,2,,,,/complete-order?requestid=Mzk5MDA=,direct_and_organic_revenue/direct_and_organic.csv,64,,,Unknown
Direct & Organic,(organic),39005,2026-09-01 20:13:00,Week 1,Included,Website,,Fulfilled,Fully Paid,11117.68,11117.68,12451.8,1,0,0,0,0,2,4,ARIVO,ARIVO 195/50/R16 ULTRA ARZ5 84V,/complete-order?requestid=MzkwMDU=,direct_and_organic_revenue/direct_and_organic.csv,65,2026-09-25 02:00:22,2026-09-18T09:40:00,false
Direct & Organic,(organic),39014,2026-09-01 23:36:00,Week 1,Included,Website,Website,Cancelled,Fully Paid,7677.59,0,8598.9,0,1,0,7677.59,0,2,2,BFGOODRICH,BFGOODRICH 205/65/R15 ADVANTAGE TOURING 99H,/complete-order?requestid=MzkwMTQ%3D,direct_and_organic_revenue/direct_and_organic.csv,66,2026-09-25 02:00:22,2026-09-14T09:54:00,false
Direct & Organic,(organic),39020,2026-09-02 08:17:00,Week 1,Included,Website,Website,Fulfilled,Fully Paid,10851.25,10851.25,12153.4,1,0,0,0,0,2,4,BFGOODRICH,BFGOODRICH 175/65/R14 ADVANTAGE TOURING 82H,/complete-order?requestid=MzkwMjA%3D,direct_and_organic_revenue/direct_and_organic.csv,67,2026-09-25 02:00:22,2026-09-18T09:47:00,false
Direct & Organic,(organic),39026,2026-09-02 11:07:00,Week 1,Included,Website,CHAT,Fulfilled,Fully Paid,6078.75,6078.75,6808.2,1,0,0,0,0,2,2,LAUFENN,LAUFENN 195/60/R15 G FIT AS 88V,/complete-order?requestid=MzkwMjY%3D,direct_and_organic_revenue/direct_and_organic.csv,68,2026-09-25 02:00:22,2026-09-22T09:25:00,false
Direct & Organic,(direct),39057,2026-09-02 17:18:00,Week 1,Included,Website,Website,Fulfilled,Fully Paid,19000.18,19000.18,21280.2,1,0,0,0,0,2,4,BFGOODRICH,BFGOODRICH 215/55/R17 ADVANTAGE TOURING 94V,/complete-order?requestid=MzkwNTc%3D,direct_and_organic_revenue/direct_and_organic.csv,69,2026-09-25 02:00:22,2026-09-14T15:06:00,false
Direct & Organic,(direct),39063,2026-09-02 20:34:00,Week 1,Included,Website,,Fulfilled,Fully Paid,5455.36,5455.36,6110.0,1,0,0,0,0,2,1,BRIDGESTONE,BRIDGESTONE 195/60/R16 ECOPIA EP150 89H,/complete-order?requestid=MzkwNjM%3D,direct_and_organic_revenue/direct_and_organic.csv,70,2026-09-25 02:00:22,2026-09-18T09:40:00,false
Direct & Organic,(direct),39068,2026-09-02 23:57:00,Week 1,Included,Website,Website,New,Unpaid,19659.82,0,22019.0,0,0,19659.82,0,0,2,4,HANKOOK,HANKOOK 205/55/R17 VENTUS PRIME 4 95V,/complete-order?requestid=MzkwNjg=,direct_and_organic_revenue/direct_and_organic.csv,71,2026-09-25 02:00:22,2026-09-04T14:42:00,false
Direct & Organic,(direct),39090,2026-09-03 18:50:00,Week 1,Included,Website,Website,Fulfilled,Fully Paid,13856.43,13856.43,15519.2,1,0,0,0,0,2,4,ARIVO,ARIVO 215/65/R16 PREMIO COMFORT 6 98H,/complete-order?requestid=MzkwOTA=,direct_and_organic_revenue/direct_and_organic.csv,72,2026-09-25 02:00:22,2026-09-22T09:20:00,false
Direct & Organic,(organic),39092,2026-09-03 19:12:00,Week 1,Included,Website,,Fulfilled,Fully Paid,10283.84,10283.84,11517.9,1,0,0,0,0,2,2,BFGOODRICH,BFGOODRICH 225/60/R17 ADVANTAGE TOURING 99H,/complete-order?requestid=MzkwOTI%3D,direct_and_organic_revenue/direct_and_organic.csv,73,2026-09-25 02:00:22,2026-09-18T09:46:00,false
Direct & Organic,(direct),39097,2026-09-03 21:41:00,Week 1,Included,Website,Website,Fulfilled,Fully Paid,17383.93,17383.93,19470.0,1,0,0,0,0,2,1,MICHELIN,MICHELIN 225/55/R19 PILOT SPORT 4 SUV 99V,/complete-order?requestid=MzkwOTc=,direct_and_organic_revenue/direct_and_organic.csv,74,2026-09-25 02:00:22,2026-09-09T17:34:00,false
Direct & Organic,(direct),39109,,Outside / unknown,Unmatched,Unknown,Unknown,Unknown,Unknown,,,,0,0,,,,2,,,,/complete-order?requestid=MzkxMDk=,direct_and_organic_revenue/direct_and_organic.csv,75,,,Unknown
Direct & Organic,(direct),39112,2026-09-04 14:06:00,Week 1,Included,Website,Website,Fulfilled,Partial Payment,13155.0,13155.0,14733.6,1,0,0,0,0,2,4,BFGOODRICH,BFGOODRICH 185/60/R15 ADVANTAGE TOURING 84H,/complete-order?requestid=MzkxMTI%3D,direct_and_organic_revenue/direct_and_organic.csv,76,2026-09-25 02:00:22,2026-09-10T15:29:00,false
Direct & Organic,(organic),39117,2026-09-04 15:13:00,Week 1,Included,Website,Website,New,Unpaid,35799.11,0,40095.0,0,0,35799.11,0,0,2,4,MICHELIN,MICHELIN 225/55/R18 PRIMACY 5 102V,/complete-order?requestid=MzkxMTc=,direct_and_organic_revenue/direct_and_organic.csv,77,2026-09-25 02:00:22,2026-09-04T16:03:00,false
Direct & Organic,(organic),39135,2026-09-04 23:17:00,Week 1,Included,Website,,Fulfilled,Fully Paid,7545.0,7545.0,8450.4,1,0,0,0,0,2,2,YOKOHAMA,YOKOHAMA 175/65/R14 BLUEARTH ES32 82T,/complete-order?requestid=MzkxMzU%3D,direct_and_organic_revenue/direct_and_organic.csv,78,2026-09-25 02:00:22,2026-09-18T09:45:00,false
Direct & Organic,(organic),39136,2026-09-04 23:45:00,Week 1,Included,Website,,Fulfilled,Fully Paid,9370.54,9370.54,10495.0,1,0,0,0,0,2,4,CHENGSHAN,CHENGSHAN 205/55/R16 CSC-802 91V,/complete-order?requestid=MzkxMzY%3D,direct_and_organic_revenue/direct_and_organic.csv,79,2026-09-25 02:00:22,2026-09-18T09:45:00,false
Direct & Organic,(organic),39140,2026-09-05 12:13:00,Week 1,Included,Website,CALL,Fulfilled,Fully Paid,35799.11,35799.11,40095.0,1,0,0,0,0,2,4,MICHELIN,MICHELIN 225/55/R18 PRIMACY 5 102V,/complete-order?requestid=MzkxNDA=,direct_and_organic_revenue/direct_and_organic.csv,80,2026-09-25 02:00:22,2026-09-18T09:47:00,false
Direct & Organic,(direct),39152,2026-09-06 11:28:00,Week 1,Included,Website,CHAT,Fulfilled,Fully Paid,4982.14,4982.14,5580.0,1,0,0,0,0,2,1,BRIDGESTONE,BRIDGESTONE 195/50/R16 TURANZA ER33 84V,/complete-order?requestid=MzkxNTI%3D,direct_and_organic_revenue/direct_and_organic.csv,81,2026-09-25 02:00:22,2026-09-09T10:09:00,false
Direct & Organic,(direct),39154,2026-09-06 12:56:00,Week 1,Included,Website,,New,Unpaid,9180.36,0,10282.0,0,0,9180.36,0,0,2,4,BLACK ARROW,BLACK ARROW 205/55/R16 DART P15 91V,/complete-order?requestid=MzkxNTQ=,direct_and_organic_revenue/direct_and_organic.csv,82,2026-09-25 02:00:22,2026-09-07T13:11:00,false
Direct & Organic,(direct),39161,2026-09-06 19:05:00,Week 1,Included,Website,,Fulfilled,Fully Paid,9212.32,9212.32,10317.8,1,0,0,0,0,2,4,FRONWAY,FRONWAY 195/50/R15 ECOGREEN ONE 82V,/complete-order?requestid=MzkxNjE%3D,direct_and_organic_revenue/direct_and_organic.csv,83,2026-09-25 02:00:22,2026-09-10T15:25:00,false
Direct & Organic,(organic),39179,2026-09-07 09:35:00,Week 1,Included,Fb,CHAT,Fulfilled,Fully Paid,19899.11,19899.11,22287.0,1,0,0,0,0,2,4,BFGOODRICH,BFGOODRICH 225/45/R17 ADVANTAGE TOURING 94V,/complete-order?requestid=MzkxNzk=,direct_and_organic_revenue/direct_and_organic.csv,84,2026-09-25 02:00:22,2026-09-22T09:56:00,false
Direct & Organic,(direct),39186,2026-09-07 10:56:00,Week 1,Included,Website,,New,Unpaid,35799.11,0,40095.0,0,0,35799.11,0,0,2,4,MICHELIN,MICHELIN 225/55/R18 PRIMACY 5 102V,/complete-order?requestid=MzkxODY=,direct_and_organic_revenue/direct_and_organic.csv,85,2026-09-25 02:00:22,2026-09-07T13:11:00,false
Direct & Organic,(direct),39189,2026-09-07 11:12:00,Week 1,Included,Website,Website,Fulfilled,Fully Paid,9598.21,9598.21,10750.0,1,0,0,0,0,2,1,BRIDGESTONE,BRIDGESTONE 265/65/R17 DUELER H/T 684 (RBT) 112S,/complete-order?requestid=MzkxODk=,direct_and_organic_revenue/direct_and_organic.csv,86,2026-09-25 02:00:22,2026-09-18T09:52:00,false
Direct & Organic,(direct),38805,2026-08-26 14:54:00,Outside / unknown,Outside period,Fb,CALL,Fulfilled,Fully Paid,54174.11,54174.11,60675.0,1,0,0,0,0,2,4,MICHELIN,MICHELIN 225/45/ZR19 PILOT SPORT 5 96Y XL TL,/complete-order?requestid=Mzg4MDU=,direct_and_organic_revenue/direct_and_organic.csv,87,2026-09-25 02:00:22,2026-09-18T09:53:00,false
Direct & Organic,(direct),38970,2026-09-01 10:49:00,Week 1,Included,Website,Website,Fulfilled,Fully Paid,18026.79,18026.79,20190.0,1,0,0,0,0,2,4,MICHELIN,MICHELIN 185/60/R14 ENERGY XM2+ 82H,/complete-order?requestid=Mzg5NzA=,direct_and_organic_revenue/direct_and_organic.csv,88,2026-09-25 02:00:22,2026-09-18T09:42:00,false
Direct & Organic,(direct),39203,2026-09-07 13:57:00,Week 1,Included,Website,CALL,Fulfilled,Fully Paid,68523.57,68523.57,76746.4,1,0,0,0,0,2,4,BFGOODRICH,BFGOODRICH 265/60/R18 ALL-TERRAIN T/A KO3 114/110S,/complete-order?requestid=MzkyMDM=,direct_and_organic_revenue/direct_and_organic.csv,89,2026-09-25 02:00:22,2026-09-23T10:14:00,false
Direct & Organic,(direct),39212,2026-09-07 17:03:00,Week 1,Included,Website,Website,Fulfilled,Fully Paid,18318.75,18318.75,20517.0,1,0,0,0,0,2,4,BFGOODRICH,BFGOODRICH 215/55/R16 ADVANTAGE TOURING 97V,/complete-order?requestid=MzkyMTI=,direct_and_organic_revenue/direct_and_organic.csv,90,2026-09-25 02:00:22,2026-09-22T11:25:00,false
Direct & Organic,(direct),39230,2026-09-08 10:57:00,Week 2,Included,Fb,CHAT,Fulfilled,Fully Paid,32959.82,32959.82,36915.0,1,0,0,0,0,2,4,MICHELIN,MICHELIN 215/55/R17 PRIMACY 5 94V,/complete-order?requestid=MzkyMzA=,direct_and_organic_revenue/direct_and_organic.csv,91,2026-09-25 02:00:22,2026-09-22T11:29:00,false
Direct & Organic,(direct),39233,2026-09-08 11:38:00,Week 2,Included,Website,,Fulfilled,Fully Paid,34243.04,34243.04,38352.2,1,0,0,0,0,2,4,YOKOHAMA,YOKOHAMA 255/70/R16 GEOLANDAR H/T4 G062 115T,/complete-order?requestid=MzkyMzM=,direct_and_organic_revenue/direct_and_organic.csv,92,2026-09-25 02:00:22,2026-09-12T10:48:00,false
Direct & Organic,(organic),39242,2026-09-08 13:55:00,Week 2,Included,Website,,New,Unpaid,12055.71,0,13502.4,0,0,12055.71,0,0,2,4,HANKOOK,HANKOOK 185/65/R15 KINERGY ECO2 88T,/complete-order?requestid=MzkyNDI=,direct_and_organic_revenue/direct_and_organic.csv,93,2026-09-25 02:00:22,2026-09-08T13:55:00,false
Direct & Organic,(organic),39246,2026-09-08 15:42:00,Week 2,Included,Website,,Fulfilled,Fully Paid,10840.89,10840.89,12141.8,1,0,0,0,0,2,2,BRIDGESTONE,BRIDGESTONE 195/60/R16 ECOPIA EP150 89H,/complete-order?requestid=MzkyNDY%3D,direct_and_organic_revenue/direct_and_organic.csv,94,2026-09-25 02:00:22,2026-09-11T18:55:00,false
Direct & Organic,(direct),39254,2026-09-08 17:30:00,Week 2,Included,Website,Website,Fulfilled,Fully Paid,29311.07,29311.07,32828.4,1,0,0,0,0,2,4,BFGOODRICH,BFGOODRICH 265/65/R17 ADVANTAGE TOURING 112H,/complete-order?requestid=MzkyNTQ%3D,direct_and_organic_revenue/direct_and_organic.csv,95,2026-09-25 02:00:22,2026-09-12T11:20:00,false
Direct & Organic,(organic),39256,2026-09-08 17:32:00,Week 2,Included,Website,,Fulfilled,Fully Paid,21785.71,21785.71,24400.0,1,0,0,0,0,2,4,BFGOODRICH,BFGOODRICH 225/55/R18 ADVANTAGE TOURING 98H,/complete-order?requestid=MzkyNTY=,direct_and_organic_revenue/direct_and_organic.csv,96,2026-09-25 02:00:22,2026-09-24T11:18:00,false
Direct & Organic,(direct),39263,2026-09-09 08:39:00,Week 2,Included,Website,,New,Unpaid,13646.07,0,15283.6,0,0,13646.07,0,0,2,4,BFGOODRICH,BFGOODRICH 185/60/R15 ADVANTAGE TOURING 84H,/complete-order?requestid=MzkyNjM=,direct_and_organic_revenue/direct_and_organic.csv,97,2026-09-25 02:00:22,2026-09-09T13:04:00,false
Direct & Organic,(direct),39264,2026-09-09 08:42:00,Week 2,Included,Website,,New,Unpaid,13646.07,0,15283.6,0,0,13646.07,0,0,2,4,BFGOODRICH,BFGOODRICH 185/60/R15 ADVANTAGE TOURING 84H,/complete-order?requestid=MzkyNjQ=,direct_and_organic_revenue/direct_and_organic.csv,98,2026-09-25 02:00:22,2026-09-09T13:04:00,false
Direct & Organic,(direct),39282,2026-09-09 15:27:00,Week 2,Included,Website,Website,Fulfilled,Fully Paid,19991.07,19991.07,22390.0,1,0,0,0,0,2,2,MICHELIN,MICHELIN 225/50/R18 PRIMACY 5 ENERGY 99W,/complete-order?requestid=MzkyODI=,direct_and_organic_revenue/direct_and_organic.csv,99,2026-09-25 02:00:22,2026-09-14T15:04:00,false
Direct & Organic,(organic),39286,2026-09-09 15:46:00,Week 2,Included,Website,Website,Fulfilled,Fully Paid,6300.63,6300.63,7056.7,1,0,0,0,0,2,2,WESTLAKE,WESTLAKE 195/60/R16 RP36,/complete-order?requestid=MzkyODY%3D,direct_and_organic_revenue/direct_and_organic.csv,100,2026-09-25 02:00:22,2026-09-22T10:51:00,false
Direct & Organic,(organic),39289,2026-09-09 16:03:00,Week 2,Included,Website,Website,Fulfilled,Fully Paid,7554.73,7554.73,8461.3,1,0,0,0,0,2,2,YOKOHAMA,YOKOHAMA 165/65/R14 BLUEARTH ES32 79T,/complete-order?requestid=MzkyODk%3D,direct_and_organic_revenue/direct_and_organic.csv,101,2026-09-25 02:00:22,2026-09-24T15:04:00,false
Direct & Organic,(organic),39304,2026-09-09 19:10:00,Week 2,Included,Website,,Fulfilled,Fully Paid,21848.21,21848.21,24470.0,1,0,0,0,0,2,4,MICHELIN,MICHELIN 205/65/R16 PRIMACY 5 95W,/complete-order?requestid=MzkzMDQ%3D,direct_and_organic_revenue/direct_and_organic.csv,102,2026-09-25 02:00:22,2026-09-14T13:38:00,false
Direct & Organic,(organic),39309,2026-09-09 20:23:00,Week 2,Included,Website,Website,Fulfilled,Fully Paid,7229.64,7229.64,8097.2,1,0,0,0,0,2,2,LINGLONG,LINGLONG 215/60/R17 COMFORT MASTER 96H,/complete-order?requestid=MzkzMDk%3D,direct_and_organic_revenue/direct_and_organic.csv,103,2026-09-25 02:00:22,2026-09-21T08:32:00,false
Direct & Organic,(organic),39310,2026-09-09 21:39:00,Week 2,Included,Website,,Fulfilled,Fully Paid,21026.79,21026.79,23550.0,1,0,0,0,0,2,4,BRIDGESTONE,BRIDGESTONE 205/65/R16 ECOPIA EP300 95V,/complete-order?requestid=MzkzMTA=,direct_and_organic_revenue/direct_and_organic.csv,104,2026-09-25 02:00:22,2026-09-14T11:36:00,false
Direct & Organic,(direct),39345,2026-09-10 15:14:00,Week 2,Included,Website,CHAT,Fulfilled,Fully Paid,15649.29,15649.29,17527.2,1,0,0,0,0,2,4,BFGOODRICH,BFGOODRICH 205/65/R16 ADVANTAGE TOURING 95H,/complete-order?requestid=MzkzNDU=,direct_and_organic_revenue/direct_and_organic.csv,105,2026-09-25 02:00:22,2026-09-14T09:24:00,false
Direct & Organic,(organic),39349,2026-09-10 18:23:00,Week 2,Included,Website,,New,Unpaid,20398.57,0,22846.4,0,0,20398.57,0,0,2,4,YOKOHAMA,YOKOHAMA 195/55/R15 ADVAN FLEVA V701 85V,/complete-order?requestid=MzkzNDk%3D,direct_and_organic_revenue/direct_and_organic.csv,106,2026-09-25 02:00:22,2026-09-14T11:26:00,false
Direct & Organic,(direct),39350,2026-09-10 19:50:00,Week 2,Included,Website,,New,Unpaid,13646.07,0,15283.6,0,0,13646.07,0,0,2,4,BFGOODRICH,BFGOODRICH 185/60/R15 ADVANTAGE TOURING 84H,/complete-order?requestid=MzkzNTA=,direct_and_organic_revenue/direct_and_organic.csv,107,2026-09-25 02:00:22,2026-09-11T11:18:00,false
Direct & Organic,(organic),39354,2026-09-10 22:31:00,Week 2,Included,Website,,Fulfilled,Fully Paid,18012.32,18012.32,20173.8,1,0,0,0,0,2,4,BFGOODRICH,BFGOODRICH 205/50/R17 ADVANTAGE TOURING 93V,/complete-order?requestid=MzkzNTQ%3D,direct_and_organic_revenue/direct_and_organic.csv,108,2026-09-25 02:00:22,2026-09-22T09:45:00,false
Direct & Organic,(organic),39363,2026-09-10 23:42:00,Week 2,Included,Website,Website,Fulfilled,Fully Paid,20287.32,20287.32,22721.8,1,0,0,0,0,2,4,WESTLAKE,WESTLAKE 235/45/ZR19 SUPERIDE 1,/complete-order?requestid=MzkzNjM=,direct_and_organic_revenue/direct_and_organic.csv,109,2026-09-25 02:00:22,2026-09-19T14:45:00,false
Direct & Organic,(direct),39377,2026-09-11 10:53:00,Week 2,Included,Website,Website,Fulfilled,Fully Paid,10831.16,10831.16,12130.9,1,0,0,0,0,2,2,LAUFENN,LAUFENN 225/60/R18 S FIT AS 100V,/complete-order?requestid=MzkzNzc=,direct_and_organic_revenue/direct_and_organic.csv,110,2026-09-25 02:00:22,2026-09-14T13:33:00,false
Direct & Organic,(direct),39202,2026-09-07 13:07:00,Week 1,Included,Website,CHAT,Fulfilled,Fully Paid,19526.79,19526.79,21870.0,1,0,0,0,0,2,4,MICHELIN,MICHELIN 185/60/R15 ENERGY XM2+ 88H,/complete-order?requestid=MzkyMDI=,direct_and_organic_revenue/direct_and_organic.csv,111,2026-09-25 02:00:22,2026-09-22T11:36:00,false
Direct & Organic,(organic),38967,2026-09-01 10:13:00,Week 1,Included,Website,Website,Fulfilled,Fully Paid,26049.11,26049.11,29175.0,1,0,0,0,0,1,4,VREDESTEIN,VREDESTEIN 265/60/R18 PINZA AT 110H,/complete-order?requestid=Mzg5Njc=,direct_and_organic_revenue/direct_and_organic.csv,112,2026-09-25 02:00:22,2026-09-07T15:52:00,false
Direct & Organic,(direct),38993,2026-09-01 15:30:00,Week 1,Included,Website,,Cancelled,Pending,3785.71,0,4240.0,0,1,0,3785.71,0,1,1,BRIDGESTONE,BRIDGESTONE 175/65/R14 ECOPIA EP150 82H,/complete-order?requestid=Mzg5OTM=,direct_and_organic_revenue/direct_and_organic.csv,113,2026-09-25 02:00:22,2026-09-23T16:30:00,false
Direct & Organic,(organic),38997,2026-09-01 17:31:00,Week 1,Included,Website,Website,Cancelled,Pending,13348.21,0,14950.0,0,1,0,13348.21,0,1,4,BFGOODRICH,BFGOODRICH 185/55/R15 ADVANTAGE TOURING 86V,/complete-order?requestid=Mzg5OTc=,direct_and_organic_revenue/direct_and_organic.csv,114,2026-09-25 02:00:22,2026-09-23T16:26:00,false
Direct & Organic,(organic),39411,2026-09-12 10:17:00,Week 2,Included,Website,Website,Fulfilled,Fully Paid,31211.79,31211.79,34957.2,1,0,0,0,0,1,4,HANKOOK,HANKOOK 265/60/R18 DYNAPRO AT2 XTREME RF12 114T,/complete-order?requestid=Mzk0MTE=,direct_and_organic_revenue/direct_and_organic.csv,115,2026-09-25 02:00:22,2026-09-22T11:30:00,false
Direct & Organic,(organic),39422,2026-09-12 13:27:00,Week 2,Included,Website,,Cancelled,Pending,22834.82,0,25575.0,0,1,0,22834.82,0,1,4,MICHELIN,MICHELIN 185/55/R16 ENERGY XM2+ 83V,/complete-order?requestid=Mzk0MjI=,direct_and_organic_revenue/direct_and_organic.csv,116,2026-09-25 02:00:22,2026-09-23T16:20:00,false
Direct & Organic,(organic),39423,2026-09-12 13:28:00,Week 2,Included,Website,,Cancelled,Pending,23281.25,0,26075.0,0,1,0,23281.25,0,1,4,MICHELIN,MICHELIN 185/55/R16 ENERGY XM2+ 83V,/complete-order?requestid=Mzk0MjM=,direct_and_organic_revenue/direct_and_organic.csv,117,2026-09-25 02:00:22,2026-09-23T16:20:00,false
Direct & Organic,(organic),39424,2026-09-12 13:28:00,Week 2,Included,Website,,Cancelled,Pending,23281.25,0,26075.0,0,1,0,23281.25,0,1,4,MICHELIN,MICHELIN 185/55/R16 ENERGY XM2+ 83V,/complete-order?requestid=Mzk0MjQ=,direct_and_organic_revenue/direct_and_organic.csv,118,2026-09-25 02:00:22,2026-09-23T16:20:00,false
Direct & Organic,(direct),39454,2026-09-12 19:02:00,Week 2,Included,Website,,Cancelled,Pending,4478.84,0,5016.3,0,1,0,4478.84,0,1,2,FRONWAY,FRONWAY 185/55/R15 ECOGREEN ONE 82V,/complete-order?requestid=Mzk0NTQ=,direct_and_organic_revenue/direct_and_organic.csv,119,2026-09-25 02:00:22,2026-09-23T16:19:00,false
Direct & Organic,(direct),39465,2026-09-13 15:38:00,Week 2,Included,Website,Website,Cancelled,Pending,11102.32,0,12434.6,0,1,0,11102.32,0,1,4,ARIVO,ARIVO 185/55/R16 PREMIO COMFORT 6 83V,/complete-order?requestid=Mzk0NjU=,direct_and_organic_revenue/direct_and_organic.csv,120,2026-09-25 02:00:22,2026-09-23T16:19:00,false
Direct & Organic,(direct),39474,2026-09-14 09:32:00,Week 2,Included,Website,,Cancelled,Pending,20339.29,0,22780.0,0,1,0,20339.29,0,1,4,VREDESTEIN,VREDESTEIN 215/75/R15 PINZA AT,/complete-order?requestid=Mzk0NzQ=,direct_and_organic_revenue/direct_and_organic.csv,121,2026-09-25 02:00:22,2026-09-23T16:19:00,false
Direct & Organic,(direct),39479,2026-09-14 10:08:00,Week 2,Included,Website,,Cancelled,Pending,4673.3,0,5234.1,0,1,0,4673.3,0,1,2,ARIVO,ARIVO 185/60/R15 PREMIO COMFORT 6 88H,/complete-order?requestid=Mzk0Nzk=,direct_and_organic_revenue/direct_and_organic.csv,122,2026-09-25 02:00:22,2026-09-17T13:55:00,false
Direct & Organic,(organic),39487,2026-09-14 13:30:00,Week 2,Included,Website,Website,Fulfilled,Fully Paid,18650.54,18650.54,20888.6,1,0,0,0,0,1,4,BFGOODRICH,BFGOODRICH 215/50/R17 ADVANTAGE TOURING 95V,/complete-order?requestid=Mzk0ODc=,direct_and_organic_revenue/direct_and_organic.csv,123,2026-09-25 02:00:22,2026-09-22T11:43:00,false
Direct & Organic,(organic),39564,2026-09-16 06:47:00,Week 3,Included,Website,Website,Cancelled,Pending,10940.54,0,12253.4,0,1,0,10940.54,0,1,4,BFGOODRICH,BFGOODRICH 175/65/R14 ADVANTAGE TOURING 82H,/complete-order?requestid=Mzk1NjQ=,direct_and_organic_revenue/direct_and_organic.csv,124,2026-09-25 02:00:22,2026-09-23T16:18:00,false
Direct & Organic,(organic),39575,2026-09-16 12:09:00,Week 3,Included,Website,,Cancelled,Pending,11755.18,0,13165.8,0,1,0,11755.18,0,1,4,HANKOOK,HANKOOK 185/55/R15 KINERGY ECO2 82H,/complete-order?requestid=Mzk1NzU=,direct_and_organic_revenue/direct_and_organic.csv,125,2026-09-25 02:00:22,2026-09-18T16:23:00,false
Direct & Organic,(organic),39580,2026-09-16 12:28:00,Week 3,Included,Website,Website,Cancelled,Pending,43410.71,0,48620.0,0,1,0,43410.71,0,1,4,MICHELIN,MICHELIN 255/45/R20 PILOT SPORT EV 105W,/complete-order?requestid=Mzk1ODA=,direct_and_organic_revenue/direct_and_organic.csv,126,2026-09-25 02:00:22,2026-09-23T16:17:00,false
Direct & Organic,(organic),39591,2026-09-16 18:34:00,Week 3,Included,Website,Website,Cancelled,Pending,7460.18,0,8355.4,0,1,0,7460.18,0,1,4,ARIVO,ARIVO 175/65/R14 PREMIO COMFORT 6 82H,/complete-order?requestid=Mzk1OTE=,direct_and_organic_revenue/direct_and_organic.csv,127,2026-09-25 02:00:22,2026-09-23T16:17:00,false
Direct & Organic,(direct),39639,2026-09-17 16:03:00,Week 3,Included,Website,,Fulfilled,Fully Paid,2227.68,2227.68,2495.0,1,0,0,0,0,1,1,ARIVO,ARIVO 185/60/R15 PREMIO COMFORT 6 88H,/complete-order?requestid=Mzk2Mzk=,direct_and_organic_revenue/direct_and_organic.csv,128,2026-09-25 02:00:22,2026-09-24T15:41:00,false
Direct & Organic,(organic),39642,2026-09-17 16:36:00,Week 3,Included,Website,,Cancelled,Pending,10940.54,0,12253.4,0,1,0,10940.54,0,1,4,BFGOODRICH,BFGOODRICH 175/65/R14 ADVANTAGE TOURING 82H,/complete-order?requestid=Mzk2NDI=,direct_and_organic_revenue/direct_and_organic.csv,129,2026-09-25 02:00:22,2026-09-23T16:16:00,false
Direct & Organic,(organic),39680,2026-09-18 20:52:00,Week 3,Included,Website,Website,For Refund,For Refund,15274.11,0,17107.0,0,0,0,0,15274.11,1,4,HANKOOK,HANKOOK 195/60/R16 KINERGY ECO2 89H,/complete-order?requestid=Mzk2ODA=,direct_and_organic_revenue/direct_and_organic.csv,130,2026-09-25 02:00:22,2026-09-22T13:33:00,false
Direct & Organic,(direct),39727,2026-09-20 14:31:00,Week 3,Included,Website,Website,Cancelled,Pending,9593.39,0,10744.6,0,1,0,9593.39,0,1,4,ARIVO,ARIVO 185/60/R15 PREMIO COMFORT 6 88H,/complete-order?requestid=Mzk3Mjc=,direct_and_organic_revenue/direct_and_organic.csv,131,2026-09-25 02:00:22,2026-09-23T16:15:00,false
Direct & Organic,(direct),39749,2026-09-21 08:27:00,Week 3,Included,Website,Website,Cancelled,Pending,22446.43,0,25140.0,0,1,0,22446.43,0,1,4,MICHELIN,MICHELIN 205/55/R16 ENERGY XM2+ 91V,/complete-order?requestid=Mzk3NDk=,direct_and_organic_revenue/direct_and_organic.csv,132,2026-09-25 02:00:22,2026-09-23T16:14:00,false
Direct & Organic,(direct),39780,2026-09-21 21:46:00,Week 3,Included,Website,,Cancelled,Pending,40098.21,0,44910.0,0,1,0,40098.21,0,1,4,MICHELIN,MICHELIN 265/50/R20 PILOT SPORT 4 SUV 107V,/complete-order?requestid=Mzk3ODA=,direct_and_organic_revenue/direct_and_organic.csv,133,2026-09-25 02:00:22,2026-09-23T10:26:00,false
Direct & Organic,(direct),39781,2026-09-21 21:54:00,Week 3,Included,Website,Website,Cancelled,Pending,40544.64,0,45410.0,0,1,0,40544.64,0,1,4,MICHELIN,MICHELIN 265/50/R20 PILOT SPORT 4 SUV 107V,/complete-order?requestid=Mzk3ODE=,direct_and_organic_revenue/direct_and_organic.csv,134,2026-09-25 02:00:22,2026-09-23T10:22:00,false
Direct & Organic,(direct),39829,2026-09-23 11:19:00,Week 4,Included,Website,Website,Pending,Partial Payment,13652.68,0,15291.0,0,0,13652.68,0,0,1,2,HANKOOK,HANKOOK 265/70/R16 DYNAPRO HT2 RH14 112T,/complete-order?requestid=Mzk4Mjk=,direct_and_organic_revenue/direct_and_organic.csv,135,2026-09-25 02:00:22,2026-09-23T11:34:00,false
Direct & Organic,(organic),39859,2026-09-23 17:45:00,Week 4,Included,Website,Website,Processing,Partial Payment,36879.46,0,41305.0,0,0,36879.46,0,0,1,4,MICHELIN,MICHELIN 235/50/R18 PRIMACY 5 97W,/complete-order?requestid=Mzk4NTk=,direct_and_organic_revenue/direct_and_organic.csv,136,2026-09-25 02:00:22,2026-09-24T11:18:00,false
Direct & Organic,(direct),39863,2026-09-23 19:17:00,Week 4,Included,Website,Website,Pending,Partial Payment,12886.43,0,14432.8,0,0,12886.43,0,0,1,4,COMFORSER,COMFORSER 205/55/R17 CF710 95W,/complete-order?requestid=Mzk4NjM=,direct_and_organic_revenue/direct_and_organic.csv,137,2026-09-25 02:00:22,2026-09-24T09:40:00,false
Direct & Organic,(direct),39894,2026-09-24 12:49:00,Week 4,Included,Website,,Pending,Pending,20289.29,0,22724.0,0,0,20289.29,0,0,1,5,YOKOHAMA,YOKOHAMA 185/70/R14 BLUEARTH ES32 88H,/complete-order?requestid=Mzk4OTQ=,direct_and_organic_revenue/direct_and_organic.csv,138,2026-09-25 02:00:22,2026-09-24T13:37:00,false
Direct & Organic,(direct),39004,2026-09-01 20:10:00,Week 1,Included,Website,,Cancelled,Pending,10894.46,0,12201.8,0,1,0,10894.46,0,1,4,ARIVO,ARIVO 195/50/R16 ULTRA ARZ5 84V,/complete-order?requestid=MzkwMDQ=,direct_and_organic_revenue/direct_and_organic.csv,139,2026-09-25 02:00:22,2026-09-10T16:35:00,false
Direct & Organic,(organic),39012,2026-09-01 23:19:00,Week 1,Included,Website,Website,Cancelled,Pending,19138.21,0,21434.8,0,1,0,19138.21,0,1,4,YOKOHAMA,YOKOHAMA 205/65/R15 BLUEARTH ES32 94H,/complete-order?requestid=MzkwMTI=,direct_and_organic_revenue/direct_and_organic.csv,140,2026-09-25 02:00:22,2026-09-23T16:26:00,false
Direct & Organic,(organic),39015,2026-09-02 01:19:00,Week 1,Included,Website,Website,Cancelled,Pending,6008.93,0,6730.0,0,1,0,6008.93,0,1,2,ARIVO,ARIVO 205/50/R16 PREMIO SPORT 6 91W,/complete-order?requestid=MzkwMTU=,direct_and_organic_revenue/direct_and_organic.csv,141,2026-09-25 02:00:22,2026-09-23T16:26:00,false
Direct & Organic,(direct),39018,2026-09-02 07:05:00,Week 1,Included,Website,,Cancelled,Pending,9376.25,0,10501.4,0,1,0,9376.25,0,1,4,COMFORSER,COMFORSER 185/60/R15 CF510 84H,/complete-order?requestid=MzkwMTg=,direct_and_organic_revenue/direct_and_organic.csv,142,2026-09-25 02:00:22,2026-09-23T16:25:00,false
Direct & Organic,(organic),39042,2026-09-02 15:16:00,Week 1,Included,Website,,Fulfilled,Fully Paid,2281.25,2281.25,2555.0,1,0,0,0,0,1,1,ARIVO,ARIVO 175/55/R15 PREMIO COMFORT 6,/complete-order?requestid=MzkwNDI=,direct_and_organic_revenue/direct_and_organic.csv,143,2026-09-25 02:00:22,2026-09-18T09:39:00,false
Direct & Organic,(direct),39052,,Outside / unknown,Unmatched,Unknown,Unknown,Unknown,Unknown,,,,0,0,,,,1,,,,/complete-order?requestid=MzkwNTI=,direct_and_organic_revenue/direct_and_organic.csv,144,,,Unknown
Direct & Organic,(direct),39053,2026-09-02 16:48:00,Week 1,Included,Website,CALL,Fulfilled,Fully Paid,15366.61,15366.61,17210.6,1,0,0,0,0,1,2,BRIDGESTONE,BRIDGESTONE 205/50/R17 TURANZA T005A,/complete-order?requestid=MzkwNTM=,direct_and_organic_revenue/direct_and_organic.csv,145,2026-09-25 02:00:22,2026-09-18T09:41:00,false
Direct & Organic,(organic),39061,2026-09-02 18:07:00,Week 1,Included,Website,Website,Cancelled,Pending,19089.46,0,21380.2,0,1,0,19089.46,0,1,4,HANKOOK,HANKOOK 215/55/R17 VENTUS PRIME 4 94W,/complete-order?requestid=MzkwNjE=,direct_and_organic_revenue/direct_and_organic.csv,146,2026-09-25 02:00:22,2026-09-23T16:25:00,false
Direct & Organic,(organic),39066,2026-09-02 21:34:00,Week 1,Included,Website,Website,Cancelled,Pending,9598.21,0,10750.0,0,1,0,9598.21,0,1,1,BRIDGESTONE,BRIDGESTONE 265/65/R17 DUELER H/T 684 (RBT) 112S,/complete-order?requestid=MzkwNjY=,direct_and_organic_revenue/direct_and_organic.csv,147,2026-09-25 02:00:22,2026-09-23T16:25:00,false
Direct & Organic,(organic),39071,2026-09-03 08:35:00,Week 1,Included,Website,Website,Cancelled,Pending,13258.93,0,14850.0,0,1,0,13258.93,0,1,4,BFGOODRICH,BFGOODRICH 185/55/R15 ADVANTAGE TOURING 86V,/complete-order?requestid=MzkwNzE=,direct_and_organic_revenue/direct_and_organic.csv,148,2026-09-25 02:00:22,2026-09-10T16:27:00,false
Direct & Organic,(organic),39081,2026-09-03 12:11:00,Week 1,Included,Website,Website,Cancelled,Pending,19124.11,0,21419.0,0,1,0,19124.11,0,1,4,LAUFENN,LAUFENN 225/65/R17 X FIT HT 102T,/complete-order?requestid=MzkwODE=,direct_and_organic_revenue/direct_and_organic.csv,149,2026-09-25 02:00:22,2026-09-23T16:25:00,false
Direct & Organic,(organic),39085,2026-09-03 17:13:00,Week 1,Included,Website,Website,Cancelled,Pending,13969.11,0,15645.4,0,1,0,13969.11,0,1,4,BFGOODRICH,BFGOODRICH 195/55/R15 ADVANTAGE TOURING 89V,/complete-order?requestid=MzkwODU=,direct_and_organic_revenue/direct_and_organic.csv,150,2026-09-25 02:00:22,2026-09-23T16:25:00,false
Direct & Organic,(direct),39088,2026-09-03 17:55:00,Week 1,Included,Website,,Cancelled,Pending,15181.61,0,17003.4,0,1,0,15181.61,0,1,4,BFGOODRICH,BFGOODRICH 195/60/R16 ADVANTAGE TOURING 89H,/complete-order?requestid=MzkwODg=,direct_and_organic_revenue/direct_and_organic.csv,151,2026-09-25 02:00:22,2026-09-23T16:24:00,false
Direct & Organic,(direct),39124,2026-09-04 19:20:00,Week 1,Included,Website,Website,Cancelled,Pending,18318.75,0,20517.0,0,1,0,18318.75,0,1,4,BFGOODRICH,BFGOODRICH 215/55/R16 ADVANTAGE TOURING 97V,/complete-order?requestid=MzkxMjQ=,direct_and_organic_revenue/direct_and_organic.csv,152,2026-09-25 02:00:22,2026-09-10T16:27:00,false
Direct & Organic,(direct),39129,2026-09-04 21:44:00,Week 1,Included,Website,,Cancelled,Pending,15961.79,0,17877.2,0,1,0,15961.79,0,1,4,BFGOODRICH,BFGOODRICH 205/65/R16 ADVANTAGE TOURING 95H,/complete-order?requestid=MzkxMjk=,direct_and_organic_revenue/direct_and_organic.csv,153,2026-09-25 02:00:22,2026-09-10T15:09:00,false
Direct & Organic,(direct),39131,2026-09-04 22:08:00,Week 1,Included,Website,,Cancelled,Pending,9807.59,0,10984.5,0,1,0,9807.59,0,1,2,ARIVO,ARIVO 235/60/R18 TERRANO ARV H/T 107H,/complete-order?requestid=MzkxMzE=,direct_and_organic_revenue/direct_and_organic.csv,154,2026-09-25 02:00:22,2026-09-10T15:08:00,false
Direct & Organic,(organic),39148,2026-09-05 16:37:00,Week 1,Included,Website,Website,Cancelled,Pending,9538.75,0,10683.4,0,1,0,9538.75,0,1,4,ARIVO,ARIVO 185/55/R15 PREMIO COMFORT 6 ,/complete-order?requestid=MzkxNDg=,direct_and_organic_revenue/direct_and_organic.csv,155,2026-09-25 02:00:22,2026-09-23T16:24:00,false
Direct & Organic,(direct),39151,2026-09-06 04:40:00,Week 1,Included,Website,Website,Cancelled,Pending,32424.11,0,36315.0,0,1,0,32424.11,0,1,4,MICHELIN,MICHELIN 215/55/R17 PRIMACY 5 94V,/complete-order?requestid=MzkxNTE=,direct_and_organic_revenue/direct_and_organic.csv,156,2026-09-25 02:00:22,2026-09-23T16:23:00,false
Direct & Organic,(direct),39160,2026-09-06 17:15:00,Week 1,Included,Website,Website,Cancelled,Pending,12378.21,0,13863.6,0,1,0,12378.21,0,1,4,BFGOODRICH,BFGOODRICH 185/55/R16 ADVANTAGE TOURING 87H,/complete-order?requestid=MzkxNjA=,direct_and_organic_revenue/direct_and_organic.csv,157,2026-09-25 02:00:22,2026-09-23T16:23:00,false
Direct & Organic,(direct),39201,2026-09-07 12:45:00,Week 1,Included,Website,,Fulfilled,Fully Paid,5090.54,5090.54,5701.4,1,0,0,0,0,1,2,WESTLAKE,WESTLAKE 185/65/R15 RP36,/complete-order?requestid=MzkyMDE=,direct_and_organic_revenue/direct_and_organic.csv,158,2026-09-25 02:00:22,2026-09-14T15:22:00,false
Direct & Organic,(direct),39217,2026-09-07 20:01:00,Week 1,Included,Website,,Cancelled,Pending,23794.64,0,26650.0,0,1,0,23794.64,0,1,2,MICHELIN,MICHELIN 225/50/R18 PRIMACY 5 99W,/complete-order?requestid=MzkyMTc=,direct_and_organic_revenue/direct_and_organic.csv,159,2026-09-25 02:00:22,2026-09-23T16:23:00,false
Direct & Organic,(organic),39220,2026-09-07 21:38:00,Week 1,Included,Website,Website,Cancelled,Pending,6098.21,0,6830.0,0,1,0,6098.21,0,1,2,ARIVO,ARIVO 205/50/R16 PREMIO SPORT 6 91W,/complete-order?requestid=MzkyMjA=,direct_and_organic_revenue/direct_and_organic.csv,160,2026-09-25 02:00:22,2026-09-23T16:23:00,false
Direct & Organic,(direct),39226,2026-09-08 00:37:00,Week 2,Included,Website,Website,Cancelled,Pending,61138.39,0,68475.0,0,1,0,61138.39,0,1,4,MICHELIN,MICHELIN 255/55/R20 PRIMACY 5 110V,/complete-order?requestid=MzkyMjY=,direct_and_organic_revenue/direct_and_organic.csv,161,2026-09-25 02:00:22,2026-09-23T16:22:00,false
Direct & Organic,(direct),39257,2026-09-08 18:23:00,Week 2,Included,Website,Website,Cancelled,Pending,11871.16,0,13295.7,0,1,0,11871.16,0,1,2,WESTLAKE,WESTLAKE 265/50/R20 SA37,/complete-order?requestid=MzkyNTc=,direct_and_organic_revenue/direct_and_organic.csv,162,2026-09-25 02:00:22,2026-09-23T16:22:00,false
Direct & Organic,(organic),39278,2026-09-09 15:11:00,Week 2,Included,Website,,Cancelled,Pending,19782.32,0,22156.2,0,1,0,19782.32,0,1,4,WESTLAKE,WESTLAKE 235/55/R18 SU318,/complete-order?requestid=MzkyNzg=,direct_and_organic_revenue/direct_and_organic.csv,163,2026-09-25 02:00:22,2026-09-23T16:22:00,false
Direct & Organic,(organic),39299,2026-09-09 18:22:00,Week 2,Included,Website,,Cancelled,Pending,23196.43,0,25980.0,0,1,0,23196.43,0,1,4,MICHELIN,MICHELIN 205/55/R16 PRIMACY 5 91W,/complete-order?requestid=MzkyOTk=,direct_and_organic_revenue/direct_and_organic.csv,164,2026-09-25 02:00:22,2026-09-12T13:11:00,false
Direct & Organic,(organic),39308,2026-09-09 20:17:00,Week 2,Included,Website,,Cancelled,Pending,7051.07,0,7897.2,0,1,0,7051.07,0,1,2,LINGLONG,LINGLONG 215/60/R17 COMFORT MASTER 96H,/complete-order?requestid=MzkzMDg=,direct_and_organic_revenue/direct_and_organic.csv,165,2026-09-25 02:00:22,2026-09-23T16:21:00,false
Direct & Organic,(direct),39315,2026-09-10 02:18:00,Week 2,Included,Website,Website,Cancelled,Pending,23107.14,0,25880.0,0,1,0,23107.14,0,1,4,MICHELIN,MICHELIN 205/55/R16 PRIMACY 5 91W,/complete-order?requestid=MzkzMTU=,direct_and_organic_revenue/direct_and_organic.csv,166,2026-09-25 02:00:22,2026-09-23T16:21:00,false
Direct & Organic,(organic),39318,2026-09-10 09:36:00,Week 2,Included,Website,Website,Fulfilled,Fully Paid,33294.64,33294.64,37290.0,1,0,0,0,0,1,4,MICHELIN,MICHELIN 225/65/R17 PRIMACY SUV+ 106H,/complete-order?requestid=MzkzMTg=,direct_and_organic_revenue/direct_and_organic.csv,167,2026-09-25 02:00:22,2026-09-22T09:06:00,false
Direct & Organic,(direct),39338,2026-09-10 14:47:00,Week 2,Included,Website,,Fulfilled,Partial Payment,22016.79,22016.79,24658.8,1,0,0,0,0,1,4,BRIDGESTONE,BRIDGESTONE 215/55/R17 TURANZA ER33 94V,/complete-order?requestid=MzkzMzg=,direct_and_organic_revenue/direct_and_organic.csv,168,2026-09-25 02:00:22,2026-09-16T13:09:00,false
Direct & Organic,(organic),39351,2026-09-10 22:30:00,Week 2,Included,Website,,Cancelled,Pending,21547.86,0,24133.6,0,1,0,21547.86,0,1,4,FRONWAY,FRONWAY 265/65/R17 ROCKBLADE AT II 112/T,/complete-order?requestid=MzkzNTE=,direct_and_organic_revenue/direct_and_organic.csv,169,2026-09-25 02:00:22,2026-09-14T14:07:00,false
Direct & Organic,(direct),39361,2026-09-10 22:59:00,Week 2,Included,Website,,Cancelled,Pending,10831.16,0,12130.9,0,1,0,10831.16,0,1,2,LAUFENN,LAUFENN 225/60/R18 S FIT AS 100V,/complete-order?requestid=MzkzNjE=,direct_and_organic_revenue/direct_and_organic.csv,170,2026-09-25 02:00:22,2026-09-23T16:21:00,false
Direct & Organic,(organic),39379,2026-09-11 11:19:00,Week 2,Included,Website,Website,Fulfilled,Fully Paid,33294.64,33294.64,37290.0,1,0,0,0,0,1,4,MICHELIN,MICHELIN 225/65/R17 PRIMACY SUV+ 106H,/complete-order?requestid=MzkzNzk=,direct_and_organic_revenue/direct_and_organic.csv,171,2026-09-25 02:00:22,2026-09-22T09:10:00,false
Direct & Organic,(organic),39382,2026-09-11 11:52:00,Week 2,Included,Website,,Cancelled,Pending,18991.07,0,21270.0,0,1,0,18991.07,0,1,4,MICHELIN,MICHELIN 185/60/R15 ENERGY XM2+ 88H,/complete-order?requestid=MzkzODI=,direct_and_organic_revenue/direct_and_organic.csv,172,2026-09-25 02:00:22,2026-09-12T13:10:00,false
Referral,(referral),39448,2026-09-12 17:04:00,Week 2,Included,Website,Website,New,Unpaid,6689.55,0,7492.3,0,0,6689.55,0,0,2,2,FRONWAY,FRONWAY 205/55/ZR17 EURUS 08 95W,/complete-order?requestid=Mzk0NDg%3D,referral_revenue/referral.csv,2,2026-09-25 02:00:22,2026-09-14T11:20:00,false
Referral,(referral),39460,2026-09-13 10:54:00,Week 2,Included,Website,,New,Unpaid,7950.54,0,8904.6,0,0,7950.54,0,0,2,4,BLACK ARROW,BLACK ARROW 185/65/R15 SUPER DART P16 88H,/complete-order?requestid=Mzk0NjA=,referral_revenue/referral.csv,3,2026-09-25 02:00:22,2026-09-13T10:54:00,false
Referral,(referral),39485,2026-09-14 13:28:00,Week 2,Included,Website,Website,Fulfilled,Fully Paid,12799.82,12799.82,14335.8,1,0,0,0,0,2,4,WESTLAKE,WESTLAKE 205/60/R16 RP36,/complete-order?requestid=Mzk0ODU%3D,referral_revenue/referral.csv,4,2026-09-25 02:00:22,2026-09-21T12:27:00,false
Referral,(referral),39490,2026-09-14 14:41:00,Week 2,Included,Website,,Fulfilled,Fully Paid,8903.04,8903.04,9971.4,1,0,0,0,0,2,4,RADAR,RADAR 175/65/R14 RIVERA PRO2 82H,/complete-order?requestid=Mzk0OTA%3D,referral_revenue/referral.csv,5,2026-09-25 02:00:22,2026-09-24T15:14:00,false
Referral,(referral),39723,2026-09-20 11:30:00,Week 3,Included,Website,Website,Fulfilled,Partial Payment,19363.39,19363.39,21687.0,1,0,0,0,0,2,4,BFGOODRICH,BFGOODRICH 215/65/R16 ADVANTAGE TOURING 98T,/complete-order?requestid=Mzk3MjM%3D,referral_revenue/referral.csv,6,2026-09-25 02:00:22,2026-09-24T14:44:00,false
Referral,(referral),39075,2026-09-03 10:11:00,Week 1,Included,Website,Website,Fulfilled,Fully Paid,44651.79,44651.79,50010.0,1,0,0,0,0,2,4,MICHELIN,MICHELIN 235/60/R18 PILOT SPORT 4 SUV 107W,/complete-order?requestid=MzkwNzU%3D,referral_revenue/referral.csv,7,2026-09-25 02:00:22,2026-09-08T21:07:00,false
Referral,(referral),39101,2026-09-04 08:54:00,Week 1,Included,Website,,Fulfilled,Fully Paid,32334.82,32334.82,36215.0,1,0,0,0,0,2,4,MICHELIN,MICHELIN 215/55/R17 PRIMACY 5 94V,/complete-order?requestid=MzkxMDE%3D,referral_revenue/referral.csv,8,2026-09-25 02:00:22,2026-09-18T09:45:00,false
Referral,(referral),39125,2026-09-04 20:23:00,Week 1,Included,Website,,New,Unpaid,5950.89,0,6665.0,0,0,5950.89,0,0,2,1,GOODYEAR,GOODYEAR 205/50/R17 ASSURANCE TRIPLEMAX 2 89V,/complete-order?requestid=MzkxMjU=,referral_revenue/referral.csv,9,2026-09-25 02:00:22,2026-09-07T13:10:00,false
Referral,(referral),39293,2026-09-09 16:17:00,Week 2,Included,Website,Website,Fulfilled,Fully Paid,32424.11,32424.11,36315.0,1,0,0,0,0,2,4,MICHELIN,MICHELIN 215/55/R17 PRIMACY 5 94V,/complete-order?requestid=MzkyOTM%3D,referral_revenue/referral.csv,10,2026-09-25 02:00:22,2026-09-22T09:19:00,false
Referral,(referral),39364,2026-09-11 00:48:00,Week 2,Included,Website,,For Return,Partial Payment,10940.54,0,12253.4,0,0,0,0,10940.54,2,4,BFGOODRICH,BFGOODRICH 175/65/R14 ADVANTAGE TOURING 82H,/complete-order?requestid=MzkzNjQ%3D,referral_revenue/referral.csv,11,2026-09-25 02:00:22,2026-09-24T15:19:00,false
Referral,(referral),39369,2026-09-11 08:55:00,Week 2,Included,Website,,New,Unpaid,7950.54,0,8904.6,0,0,7950.54,0,0,2,4,BLACK ARROW,BLACK ARROW 185/65/R15 SUPER DART P16 88H,/complete-order?requestid=MzkzNjk=,referral_revenue/referral.csv,12,2026-09-25 02:00:22,2026-09-11T11:18:00,false
Referral,(referral),39684,2026-09-18 23:49:00,Week 3,Included,Website,,Cancelled,Pending,16119.46,0,18053.8,0,1,0,16119.46,0,1,4,YOKOHAMA,YOKOHAMA 185/60/R15 BLUEARTH ES32 84H,/complete-order?requestid=Mzk2ODQ=,referral_revenue/referral.csv,13,2026-09-25 02:00:22,2026-09-23T16:15:00,false
Referral,(referral),39551,2026-09-15 16:54:00,Week 3,Included,Website,CHAT,Fulfilled,Fully Paid,44642.86,44642.86,50000.0,1,0,0,0,0,1,4,RADAR,RADAR 275/35/R21 DIMAX SPORT EV-C 103Y,/complete-order?requestid=Mzk1NTE=,referral_revenue/referral.csv,14,2026-09-25 02:00:22,2026-09-22T15:54:00,false
Referral,(referral),39655,2026-09-18 09:37:00,Week 3,Included,Website,Website,Fulfilled,Fully Paid,6452.86,6452.86,7227.2,1,0,0,0,0,1,4,FRONWAY,FRONWAY 165/65/R13 ECOGREEN ONE 77T,/complete-order?requestid=Mzk2NTU=,referral_revenue/referral.csv,15,2026-09-25 02:00:22,2026-09-24T14:26:00,false
Referral,(referral),39528,2026-09-15 09:30:00,Week 3,Included,Website,Website,Cancelled,Pending,8066.43,0,9034.4,0,1,0,8066.43,0,1,4,WESTLAKE,WESTLAKE 165/80/R13 RP26,/complete-order?requestid=Mzk1Mjg=,referral_revenue/referral.csv,16,2026-09-25 02:00:22,2026-09-23T16:18:00,false
Referral,(referral),39686,2026-09-18 23:50:00,Week 3,Included,Website,,Cancelled,Pending,16431.96,0,18403.8,0,1,0,16431.96,0,1,4,YOKOHAMA,YOKOHAMA 185/60/R15 BLUEARTH ES32 84H,/complete-order?requestid=Mzk2ODY=,referral_revenue/referral.csv,17,2026-09-25 02:00:22,2026-09-23T16:15:00,false
Referral,(referral),39751,2026-09-21 10:58:00,Week 3,Included,Website,Website,Cancelled,Pending,10028.39,0,11231.8,0,1,0,10028.39,0,1,4,ARIVO,ARIVO 185/65/R15 PREMIO COMFORT 6 88H,/complete-order?requestid=Mzk3NTE=,referral_revenue/referral.csv,18,2026-09-25 02:00:22,2026-09-23T16:14:00,false
Referral,(referral),39758,2026-09-21 12:11:00,Week 3,Included,Website,CHAT,Processing,Partial Payment,13735.18,0,15383.4,0,0,13735.18,0,0,1,4,COMFORSER,COMFORSER 215/55/R17 CF710 94V,/complete-order?requestid=Mzk3NTg=,referral_revenue/referral.csv,19,2026-09-25 02:00:22,2026-09-23T16:29:00,false
Referral,(referral),39795,2026-09-22 12:56:00,Week 4,Included,Website,Website,Cancelled,Pending,25169.64,0,28190.0,0,1,0,25169.64,0,1,4,MICHELIN,MICHELIN 215/65/R16 ENERGY XM2+ 98H,/complete-order?requestid=Mzk3OTU=,referral_revenue/referral.csv,20,2026-09-25 02:00:22,2026-09-23T10:21:00,false
Referral,(referral),39840,2026-09-23 13:21:00,Week 4,Included,Website,Website,Cancelled,Pending,5098.48,0,5710.3,0,1,0,5098.48,0,1,2,ARIVO,ARIVO 185/65/R15 PREMIO COMFORT 6 88H,/complete-order?requestid=Mzk4NDA=,referral_revenue/referral.csv,21,2026-09-25 02:00:22,2026-09-23T16:12:00,false
Referral,(referral),39006,2026-09-01 20:27:00,Week 1,Included,Website,Website,Cancelled,Pending,4135.0,0,4631.2,0,1,0,4135.0,0,1,2,WESTLAKE,WESTLAKE 185/70/R13 RP36,/complete-order?requestid=MzkwMDY=,referral_revenue/referral.csv,22,2026-09-25 02:00:22,2026-09-23T16:26:00,false
Referral,(referral),39011,2026-09-01 22:59:00,Week 1,Included,Website,,Cancelled,Pending,3772.59,0,4225.3,0,1,0,3772.59,0,1,2,CHENGSHAN,CHENGSHAN 175/70/R14 CSC-802 84H,/complete-order?requestid=MzkwMTE=,referral_revenue/referral.csv,23,2026-09-25 02:00:22,2026-09-10T16:33:00,false
Referral,(referral),39248,2026-09-08 16:20:00,Week 2,Included,Website,CALL,Fulfilled,Partial Payment,19892.86,19892.86,22280.0,1,0,0,0,0,1,4,VREDESTEIN,VREDESTEIN 215/75/R15 PINZA AT,/complete-order?requestid=MzkyNDg=,referral_revenue/referral.csv,24,2026-09-25 02:00:22,2026-09-16T15:07:00,false
Referral,(referral),39280,2026-09-09 15:15:00,Week 2,Included,Website,,Cancelled,Pending,4805.89,0,5382.6,0,1,0,4805.89,0,1,2,WESTLAKE,WESTLAKE 185/60/R15 RP36,/complete-order?requestid=MzkyODA=,referral_revenue/referral.csv,25,2026-09-25 02:00:22,2026-09-12T13:12:00,false
Referral,(referral),39314,2026-09-10 02:05:00,Week 2,Included,Website,Website,Cancelled,Pending,23107.14,0,25880.0,0,1,0,23107.14,0,1,4,MICHELIN,MICHELIN 205/55/R16 PRIMACY 5 91W,/complete-order?requestid=MzkzMTQ=,referral_revenue/referral.csv,26,2026-09-25 02:00:22,2026-09-23T16:21:00,false
Referral,(referral),39325,2026-09-10 12:49:00,Week 2,Included,Website,,New,Unpaid,5894.02,0,6601.3,0,0,5894.02,0,0,1,2,CHENGSHAN,CHENGSHAN 205/55/R17 CSC-701 95V,/complete-order?requestid=MzkzMjU=,referral_revenue/referral.csv,27,2026-09-25 02:00:22,2026-09-10T14:38:00,false
Referral,(referral),39341,2026-09-10 14:53:00,Week 2,Included,Website,CALL,Fulfilled,Fully Paid,51763.39,51763.39,57975.0,1,0,0,0,0,1,4,MICHELIN,MICHELIN 235/50/R21 PILOT SPORT 4 SUV 101W,/complete-order?requestid=MzkzNDE=,referral_revenue/referral.csv,28,2026-09-25 02:00:22,2026-09-11T18:55:00,false
Referral,(referral),39392,2026-09-11 17:02:00,Week 2,Included,Website,,Cancelled,Pending,15508.93,0,17370.0,0,1,0,15508.93,0,1,4,MICHELIN,MICHELIN 175/65/R14 ENERGY XM2+,/complete-order?requestid=MzkzOTI=,referral_revenue/referral.csv,29,2026-09-25 02:00:22,2026-09-14T14:07:00,false
