BRAND1,SKU,tire size,quantity,Orders,% Tires quantity,Net Sales of VAT,quantity
MICHELIN,MICHELIN 265/65/R17 PRIMACY SUV+ 112H,265/65/R17,4,36,1.57%,"₱1,191,270.54",144
MICHELIN,MICHELIN 265/60/R18 PRIMACY SUV+ 110H,265/60/R18,4,29,1.26%,"₱1,065,848.21",116
MICHELIN,MICHELIN 265/50/R20 PILOT SPORT 4 SUV 107V,265/50/R20,4,16,0.7%,"₱636,446.43",64
MICHELIN,MICHELIN 225/55/R18 PRIMACY 4 ST 102V,225/55/R18,4,17,0.74%,"₱626,006.79",68
MICHELIN,MICHELIN 205/65/R16 PRIMACY 4ST 95V,205/65/R16,4,29,1.26%,"₱613,385.36",116
YOKOHAMA,YOKOHAMA 185/60/R15 BLUEARTH ES32 84H,185/60/R15,4,38,1.65%,"₱599,667.86",152
YOKOHAMA,YOKOHAMA 185/65/R15 BLUEARTH AE01 88H,185/65/R15,4,28,1.22%,"₱443,620.54",112
YOKOHAMA,YOKOHAMA 205/55/R16 BLUEARTH ES32 91V,205/55/R16,4,23,1%,"₱443,291.07",92
MICHELIN,MICHELIN 225/55/R19 PRIMACY SUV+ 99V,225/55/R19,4,12,0.52%,"₱442,040",48
MICHELIN,MICHELIN 205/55/R16 ENERGY XM2+ 91V,205/55/R16,4,20,0.87%,"₱409,517.86",80
YOKOHAMA,YOKOHAMA 185/65/R15 BLUEARTH ES32 88H,185/65/R15,4,25,1.09%,"₱404,060.71",100
YOKOHAMA,YOKOHAMA 175/65/R15 BLUEARTH ES32 84H,175/65/R15,4,25,1.09%,"₱372,972.68",100
MICHELIN,MICHELIN 225/65/R17 PRIMACY SUV+ 106H,225/65/R17,4,11,0.48%,"₱366,959.82",44
YOKOHAMA,YOKOHAMA 175/65/R14 BLUEARTH ES32 82T,175/65/R14,4,25,1.09%,"₱340,089.29",100
YOKOHAMA,YOKOHAMA 185/55/R15 BLUEARTH AE01 82V,185/55/R15,4,22,0.96%,"₱332,678.57",88
MICHELIN,MICHELIN 225/60/R17 PRIMACY 4 ST 103V,225/60/R17,4,10,0.44%,"₱314,847.14",40
MICHELIN,MICHELIN 235/60/R18 PRIMACY SUV+ 103V,235/60/R18,4,7,0.3%,"₱287,312.5",28
YOKOHAMA,YOKOHAMA 225/60/R17 GEOLANDAR CV G058 99H,225/60/R17,4,9,0.39%,"₱281,218.75",36
MICHELIN,MICHELIN 235/50/R18 PRIMACY 4 ST 97W,235/50/R18,4,7,0.3%,"₱273,450.89",28
YOKOHAMA,YOKOHAMA 185/55/R15 BLUEARTH ES32 82H,185/55/R15,4,18,0.78%,"₱271,848.21",72
YOKOHAMA,YOKOHAMA 175/70/R14 BLUEARTH ES32 84H,175/70/R14,4,18,0.78%,"₱259,090.36",72
ARIVO,ARIVO 185/60/R15 PREMIO ARZ1 88H,185/60/R15,4,28,1.22%,"₱250,978.21",112
ARIVO,ARIVO 175/65/R14 PREMIO ARZ1 82H,175/65/R14,4,34,1.48%,"₱240,820.36",136
MICHELIN,MICHELIN 235/55/R19 PILOT SPORT 4 SUV 105Y,235/55/R19,4,4,0.17%,"₱231,008.93",16
BRIDGESTONE,BRIDGESTONE 185/65/R15 ECOPIA EP300 88H,185/65/R15,4,14,0.61%,"₱227,729.07",56
APOLLO,APOLLO 185/65/R15 ALNAC 4G 88H,185/65/R15,4,18,0.78%,"₱226,355",72
YOKOHAMA,YOKOHAMA 225/55/R18 GEOLANDAR CV G058 98V,225/55/R18,4,5,0.22%,"₱225,750",20
YOKOHAMA,YOKOHAMA 185/55/R16 BLUEARTH ES32 83V,185/55/R16,4,12,0.52%,"₱221,892.86",48
MICHELIN,MICHELIN 215/55/R17 PRIMACY 4 ST 94V,215/55/R17,4,7,0.3%,"₱217,017.86",28
YOKOHAMA,YOKOHAMA 185/70/R14 BLUEARTH ES32 88H,185/70/R14,4,14,0.61%,"₱208,919.64",56
ARIVO,ARIVO 185/55/R15 PREMIO ARZ1,185/55/R15,4,23,1%,"₱207,599.11",92
MICHELIN,MICHELIN 225/50/R18 PRIMACY 3 ZP 95W,225/50/R18,4,4,0.17%,"₱206,281.25",16
MICHELIN,MICHELIN 245/35/R19 PILOT SPORT 4S 93Y,245/35/R19,4,2,0.09%,"₱206,250",8
MICHELIN,MICHELIN 185/55/R15 ENERGY XM2+ 86V,185/55/R15,4,11,0.48%,"₱204,951.61",44
MICHELIN,MICHELIN 265/50/R20 PRIMACY SUV+ 111V,265/50/R20,4,5,0.22%,"₱199,170.71",20
BRIDGESTONE,BRIDGESTONE 205/60/R16 ECOPIA EP300 92V,205/60/R16,4,9,0.39%,"₱193,441.5",36
MICHELIN,MICHELIN 185/60/R15 ENERGY XM2+ 88H,185/60/R15,4,11,0.48%,"₱191,785.71",44
BFGOODRICH,BFGOODRICH 275/65/R18 ALL-TERRAIN T/A KO2 123R,275/65/R18,5,2,0.11%,"₱191,612.05",10
YOKOHAMA,YOKOHAMA 255/60/R18 GEOLANDAR H/T G056 112V,255/60/R18,4,4,0.17%,"₱190,883.93",16
MICHELIN,MICHELIN 175/65/R14 ENERGY XM2+,175/65/R14,4,13,0.57%,"₱188,169.64",52
ARIVO,ARIVO 185/65/R15 PREMIO ARZ1 88H,185/65/R15,4,19,0.83%,"₱180,414.11",76
MICHELIN,MICHELIN 255/50/R20 PILOT SPORT 4 SUV 109Y,255/50/R20,4,2,0.09%,"₱177,678.57",8
ARIVO,ARIVO 265/65/R17 TERRAMAX ARV PRO A/T,265/65/R17,4,8,0.35%,"₱175,797.86",32
YOKOHAMA,YOKOHAMA 275/60/R20 GEOLANDAR A/T G015 115H,275/60/R20,4,3,0.13%,"₱172,044.64",12
MICHELIN,MICHELIN 255/65/R17 PRIMACY SUV+ 110H,255/65/R17,4,4,0.17%,"₱162,875",16
ARIVO,ARIVO 265/50/R20 TERRAMAX ARV PRO A/T 111S,265/50/R20,4,7,0.3%,"₱159,766.25",28
DUNLOP,DUNLOP 185/65/R15 SPORT LM705 88H,185/65/R15,4,9,0.39%,"₱159,760.71",36
YOKOHAMA,YOKOHAMA 205/45/R17 ADVAN FLEVA V701 88W,205/45/R17,4,8,0.35%,"₱158,919.64",32
MICHELIN,MICHELIN 215/45/R18 PRIMACY 4 ST 93W,215/45/R18,4,5,0.22%,"₱158,526.79",20
MICHELIN,MICHELIN 205/45/ZR17 PILOT SPORT 5 88Y XL TL,null,4,5,0.22%,"₱158,375",20
BRIDGESTONE,BRIDGESTONE 205/55/R16 ECOPIA EP300 91V,205/55/R16,4,7,0.3%,"₱155,713.36",28
BRIDGESTONE,BRIDGESTONE 215/55/R17 TURANZA ER33 94V,215/55/R17,4,7,0.3%,"₱154,280.61",28
YOKOHAMA,YOKOHAMA 205/65/R15 BLUEARTH ES32 94H,205/65/R15,4,9,0.39%,"₱150,625",36
MICHELIN,MICHELIN 215/50/R18 PRIMACY SUV+ 92V,215/50/R18,4,5,0.22%,"₱148,763.39",20
MICHELIN,MICHELIN 235/45/ZR18 PILOT SPORT 5,null,4,4,0.17%,"₱147,625",16
YOKOHAMA,YOKOHAMA 215/70/R16 GEOLANDAR CV G058 100H,215/70/R16,4,6,0.26%,"₱145,603.57",24
YOKOHAMA,YOKOHAMA 245/40/R18 ADVAN FLEVA V701 97W,245/40/R18,4,5,0.22%,"₱144,892.86",20
DUNLOP,DUNLOP 265/60/R18 GRANDTREK AT20 110H,265/60/R18,4,3,0.13%,"₱144,098.04",12
MICHELIN,MICHELIN 265/60/R18 LTX TRAIL 110T,265/60/R18,4,3,0.13%,"₱137,589.29",12
MICHELIN,MICHELIN 205/65/R15 ENERGY XM2+ 99V,205/65/R15,4,7,0.3%,"₱137,006.25",28
MICHELIN,MICHELIN 245/40/ZR18 PILOT SPORT 5 97Y XL TL,null,4,3,0.13%,"₱135,402.68",12
MICHELIN,MICHELIN 215/55/R18 PRIMACY 4 ST 99V,215/55/R18,4,3,0.13%,"₱133,714.29",12
YOKOHAMA,YOKOHAMA 185/60/R15 ASPEC DB E70B 84H,185/60/R15,4,8,0.35%,"₱132,540.54",32
MICHELIN,MICHELIN 185/55/R16 ENERGY XM2+ 83V,185/55/R16,4,6,0.26%,"₱130,611.61",24
YOKOHAMA,YOKOHAMA 225/45/R18 ADVAN FLEVA V701 95W,225/45/R18,4,5,0.22%,"₱129,866.07",20
YOKOHAMA,YOKOHAMA 215/55/R16 BLUEARTH GT 97W,215/55/R16,4,6,0.26%,"₱128,120.54",24
YOKOHAMA,YOKOHAMA 245/50/R20 GEOLANDAR CV G058 102V,245/50/R20,4,3,0.13%,"₱126,142.86",12
ARIVO,ARIVO 265/60/R18 TERRANO ARV H/T,265/60/R18,4,6,0.26%,"₱125,793.93",24
YOKOHAMA,YOKOHAMA 225/50/R17 BLUEARTH GT AE51 98W,225/50/R17,4,5,0.22%,"₱125,314.29",20
BRIDGESTONE,BRIDGESTONE 265/65/R17 DUELER A/T 693 112S,265/65/R17,4,3,0.13%,"₱124,985.18",12
YOKOHAMA,YOKOHAMA 265/60/R18 GEOLANDAR H/T G056 110H,265/60/R18,4,3,0.13%,"₱124,950.89",12
YOKOHAMA,YOKOHAMA 265/65/R17 GEOLANDAR G94D 112S,265/65/R17,4,3,0.13%,"₱124,169.64",12
MICHELIN,MICHELIN 215/60/R17 PRIMACY 4 ST 96H,215/60/R17,4,4,0.17%,"₱121,276.79",16
MICHELIN,MICHELIN 175/65/R15 ENERGY XM2+ 84H,175/65/R15,4,7,0.3%,"₱119,950.89",28
BRIDGESTONE,BRIDGESTONE 255/60/R18 DUELER H/T 684 RB 108S,255/60/R18,4,3,0.13%,"₱118,662.5",12
DUNLOP,DUNLOP 275/55/R20 GRANDTREK AT5 113T,275/55/R20,4,3,0.13%,"₱116,999.29",12
YOKOHAMA,YOKOHAMA 205/50/R17 BLUEARTH GT AE51 93W,205/50/R17,4,5,0.22%,"₱116,187.5",20
YOKOHAMA,YOKOHAMA 195/60/R15 BLUEARTH ES32 88H,195/60/R15,4,7,0.3%,"₱114,772.32",28
MICHELIN,MICHELIN 195/80/R15C AGILIS 3 108S,195/80/R15,4,5,0.22%,"₱113,964.29",20
MICHELIN,MICHELIN 235/40/ZR19 PILOT SPORT 5 96Y XL TL,null,4,2,0.09%,"₱112,093.75",8
ARIVO,ARIVO 205/65/R16 PREMIO ARZ1,205/65/R16,4,9,0.39%,"₱109,680.54",36
YOKOHAMA,YOKOHAMA P265/65/R17 GEOLANDAR H/T G056 110T,265/65/R17,4,3,0.13%,"₱109,508.93",12
MICHELIN,MICHELIN 235/55/R17 PRIMACY 4 ST 103W XT TL,235/55/R17,4,3,0.13%,"₱107,960.55",12
MICHELIN,MICHELIN 235/55/R18 PRIMACY SUV+ 104V,235/55/R18,4,3,0.13%,"₱106,357.14",12
MICHELIN,MICHELIN 235/50/R19 PILOT SPORT 4 SUV S1 99V,235/50/R19,4,2,0.09%,"₱105,477.68",8
BRIDGESTONE,BRIDGESTONE 185/60/R15 ECOPIA EP300 84V,185/60/R15,4,6,0.26%,"₱104,728.18",24
YOKOHAMA,YOKOHAMA 205/50/R16 ADVAN FLEVA V701 87V,205/50/R16,4,5,0.22%,"₱104,553.57",20
MICHELIN,MICHELIN 225/45/ZR18 PRIMACY 4 ST 95W,null,4,3,0.13%,"₱103,455.36",12
ARIVO,ARIVO 265/65/R17 TERRANO ARV H/T 112H,265/65/R17,4,5,0.22%,"₱103,084.29",20
YOKOHAMA,YOKOHAMA 165/65/R14 BLUEARTH ES32 79T,165/65/R14,4,8,0.35%,"₱102,754.46",32
WESTLAKE,WESTLAKE 185/65/R15 RP36,185/65/R15,4,10,0.44%,"₱102,616.43",40
MICHELIN,MICHELIN 265/65/R17 PRIMACY SUV+ 112H,265/65/R17,2,6,0.13%,"₱102,102.68",12
MICHELIN,MICHELIN 275/65/R18 PRIMACY SUV+ 116H,275/65/R18,4,2,0.09%,"₱101,946.43",8
MICHELIN,MICHELIN 225/55/R17 PRIMACY 4 ST 101W,225/55/R17,4,3,0.13%,"₱101,464.29",12
YOKOHAMA,YOKOHAMA 195/65/R15 BLUEARTH ES32 91H,195/65/R15,4,6,0.26%,"₱100,910.71",24
MICHELIN,MICHELIN 225/50/R18 PRIMACY 4 ST 95V,225/50/R18,4,3,0.13%,"₱100,562.5",12
YOKOHAMA,YOKOHAMA 225/65/R17 GEOLANDAR G91AV 101H,225/65/R17,4,3,0.13%,"₱99,750",12
MICHELIN,MICHELIN 265/60/R18 PRIMACY SUV+ 110H,265/60/R18,5,2,0.11%,"₱99,732.14",10
ARIVO,ARIVO 205/55/R16 ULTRA ARZ4 94W,205/55/R16,4,8,0.35%,"₱98,206.61",32
DUNLOP,DUNLOP 185/70/R14 SPORT LM705 88H,185/70/R14,4,6,0.26%,"₱97,986.25",24
MICHELIN,MICHELIN 225/40/ZR18 PILOT SPORT 5 92Y XL TL,null,4,2,0.09%,"₱96,428.57",8
MICHELIN,MICHELIN 205/60/R16 ENERGY XM2+ 92V,205/60/R16,4,4,0.17%,"₱96,187.5",16
BFGOODRICH,BFGOODRICH 235/60/R18 ADVANTAGE TOURING 103H,235/60/R18,4,3,0.13%,"₱95,787.14",12
YOKOHAMA,YOKOHAMA 195/60/R16 BLUEARTH ES32 89H,195/60/R16,4,4,0.17%,"₱95,160.71",16
YOKOHAMA,YOKOHAMA 195/55/R15 ADVAN FLEVA V701 85V,195/55/R15,4,5,0.22%,"₱95,089.29",20
MICHELIN,MICHELIN 235/60/R17 AGILIS 3 117/115T,235/60/R17,4,2,0.09%,"₱94,642.86",8
MICHELIN,MICHELIN 205/50/R17 PRIMACY 4 ST 93W,205/50/R17,4,3,0.13%,"₱94,321.43",12
MAXXIS,MAXXIS 185/65/R15 MAP5 88H,185/65/R15,4,7,0.3%,"₱94,041.79",28
YOKOHAMA,YOKOHAMA 235/65/R16C BLUEARTH VAN RY55 121/119R,235/65/R16,4,3,0.13%,"₱93,263.39",12
YOKOHAMA,YOKOHAMA 255/65/R17 GEOLANDAR A/T G015 110H,255/65/R17,8,1,0.09%,"₱91,071.43",8
ARIVO,ARIVO 185/70/R14 PREMIO ARZ1 88H,185/70/R14,4,10,0.44%,"₱90,839.11",40
APOLLO,APOLLO 185/60/R15 ALNAC 4G 84H,185/60/R15,4,8,0.35%,"₱90,642.86",32
MICHELIN,MICHELIN 255/40/ZR19 PILOT SPORT 4S 100Y,null,4,1,0.04%,"₱90,589.29",4
YOKOHAMA,YOKOHAMA 185/R14C SUPERVAN Y356 102/100P,185/R14C,4,5,0.22%,"₱90,401.79",20
YOKOHAMA,YOKOHAMA 175/55/R15 BLUEARTH ES32 77V,175/55/R15,4,6,0.26%,"₱89,991.07",24
ALLIANCE,ALLIANCE 215/50/R17 030EX 95W,215/50/R17,4,5,0.22%,"₱89,446.43",20
BFGOODRICH,BFGOODRICH 285/60/R18 ALL-TERRAIN T/A KO2 118S,285/60/R18,4,1,0.04%,"₱89,285.71",4
MICHELIN,MICHELIN 265/35/R19 PILOT SPORT 4S 98Y,265/35/R19,4,1,0.04%,"₱89,285.71",4
YOKOHAMA,YOKOHAMA 245/70/R16 GEOLANDAR A/T G015 111H,245/70/R16,4,3,0.13%,"₱89,187.5",12
ARIVO,ARIVO 265/60/R18 TERRAMAX ARV PRO A/T,265/60/R18,4,4,0.17%,"₱88,057.86",16
MICHELIN,MICHELIN 255/45/R20 PILOT SPORT EV,255/45/R20,4,2,0.09%,"₱87,857.14",8
DUNLOP,DUNLOP 265/65/R17 GRANDTREK AT20 112S,265/65/R17,4,2,0.09%,"₱87,508.93",8
ARIVO,ARIVO 175/70/R14 PREMIO ARZ1 84T,175/70/R14,4,10,0.44%,"₱86,432.95",40
MICHELIN,MICHELIN 305/40/R20 PILOT SPORT 4 SUV 112Y,305/40/R20,4,1,0.04%,"₱86,276.79",4
MICHELIN,MICHELIN 265/40/R20 PILOT SPORT 4S 104Y,265/40/R20,4,1,0.04%,"₱86,250",4
WESTLAKE,WESTLAKE 175/65/R14 RP36,175/65/R14,4,10,0.44%,"₱86,227.32",40
MICHELIN,MICHELIN 235/35/R19 PILOT SPORT 4S 91Y,235/35/R19,4,1,0.04%,"₱84,821.43",4
BFGOODRICH,BFGOODRICH 235/55/R18 ADVANTAGE TOURING 104H,235/55/R18,4,3,0.13%,"₱84,304.46",12
MICHELIN,MICHELIN 245/55/R19 PRIMACY SUV+ 103H,245/55/R19,4,2,0.09%,"₱84,211.61",8
ARIVO,ARIVO 195/55/R15 PREMIO ARZ1 85V,195/55/R15,4,9,0.39%,"₱84,055.89",36
YOKOHAMA,YOKOHAMA 265/30/R19 ADVAN NEOVA AD09 89W,265/30/R19,4,1,0.04%,"₱83,928.57",4
MICHELIN,MICHELIN 215/55/R16 PRIMACY 4 ST 97W,215/55/R16,4,3,0.13%,"₱83,924.11",12
MICHELIN,MICHELIN 185/70/R14 ENERGY XM2+ 88H,185/70/R14,4,5,0.22%,"₱83,781.25",20
MICHELIN,MICHELIN 255/40/ZR19 PILOT SPORT 5 100Y,null,4,2,0.09%,"₱83,589.29",8
MICHELIN,MICHELIN 235/40/ZR18 PILOT SPORT 5 95Y XL TL,null,4,2,0.09%,"₱83,339.29",8
MICHELIN,MICHELIN 245/45/R19 PRIMACY 3 ZP 98Y,245/45/R19,4,1,0.04%,"₱83,035.71",4
MICHELIN,MICHELIN 235/60/R18 PRIMACY SUV+ 103V,235/60/R18,5,1,0.05%,"₱82,642.86",5
BRIDGESTONE,BRIDGESTONE 195/60/R16 ECOPIA EP150 89H,195/60/R16,4,4,0.17%,"₱82,228.57",16
MICHELIN,MICHELIN 205/50/R17 PILOT SPORT 4 ZP 89Y,205/50/R17,4,2,0.09%,"₱82,178.57",8
YOKOHAMA,YOKOHAMA 265/65/R17 GEOLANDAR A/T G015 112H,265/65/R17,4,2,0.09%,"₱81,660.71",8
DUNLOP,DUNLOP 235/35/R19 DIREZZA DZ102 91W,235/35/R19,4,2,0.09%,"₱81,339.29",8
MICHELIN,MICHELIN 215/40/ZR18 PILOT SPORT 5 89Y,null,4,2,0.09%,"₱80,870.54",8
BFGOODRICH,BFGOODRICH 285/45/R22 TRAIL-TERRAIN T/A 114H,285/45/R22,4,1,0.04%,"₱80,357.14",4
ARIVO,ARIVO 195/65/R15 PREMIO ARZ1 91V,195/65/R15,4,8,0.35%,"₱79,813.21",32
MICHELIN,MICHELIN 185/65/R15 ENERGY XM2+ 88H,185/65/R15,4,4,0.17%,"₱79,562.5",16
MICHELIN,MICHELIN 265/45/R20 PILOT SPORT 4 SUV 108Y,265/45/R20,4,1,0.04%,"₱79,464.29",4
MICHELIN,MICHELIN 245/45/R18 PRIMACY 4 ST 100W,245/45/R18,4,2,0.09%,"₱78,857.14",8
YOKOHAMA,YOKOHAMA 255/50/R20 GEOLANDAR X-CV G057 109W,255/50/R20,4,2,0.09%,"₱78,767.86",8
BRIDGESTONE,BRIDGESTONE 215/55/R16 POTENZA RE004 ADRENALIN 97W,215/55/R16,4,3,0.13%,"₱78,650.14",12
ARIVO,ARIVO 185/65/R14 PREMIO ARZ1 86H,185/65/R14,4,10,0.44%,"₱77,936.07",40
WESTLAKE,WESTLAKE 225/55/R18 SU318,225/55/R18,4,4,0.17%,"₱77,909.35",16
WESTLAKE,WESTLAKE 205/55/R16 SA37,205/55/R16,4,6,0.26%,"₱77,727.86",24
MICHELIN,MICHELIN 225/40/ZR18 PILOT SPORT 4S 92Y,null,4,1,0.04%,"₱76,785.71",4
YOKOHAMA,YOKOHAMA 255/65/R17 GEOLANDAR H/T G056 114H,255/65/R17,4,2,0.09%,"₱76,232.14",8
BFGOODRICH,BFGOODRICH 225/60/R17 ADVANTAGE TOURING 99H,225/60/R17,4,3,0.13%,"₱76,126.25",12
BFGOODRICH,BFGOODRICH 285/70/R17 B6 ALL-TERRAIN KO2 116S,285/70/R17,5,1,0.05%,"₱75,491.07",5
MICHELIN,MICHELIN 235/60/R18 E PRIMACY ST 103H,235/60/R18,4,2,0.09%,"₱74,526.79",8
COOPER,COOPER 275/65/R18 STT PRO 10 PLY,275/65/R18,4,1,0.04%,"₱74,291.61",4
MICHELIN,MICHELIN 245/40/R18 PILOT SPORT 4 S 97Y,245/40/R18,4,1,0.04%,"₱74,142.86",4
BFGOODRICH,BFGOODRICH 215/55/R17 ADVANTAGE TOURING 94V,215/55/R17,4,3,0.13%,"₱73,396.43",12
MICHELIN,MICHELIN 195/55/R15 ENERGY XM2+ 85V,195/55/R15,4,4,0.17%,"₱72,348.21",16
YOKOHAMA,YOKOHAMA 235/50/R18 ADVAN DB V552 97W,235/50/R18,4,2,0.09%,"₱71,571.43",8
MICHELIN,MICHELIN 225/40/R19 PILOT SPORT 4 ZP 93Y,225/40/R19,4,1,0.04%,"₱71,428.57",4
WESTLAKE,WESTLAKE 265/65/R17 SU318,265/65/R17,4,3,0.13%,"₱70,948.57",12
MICHELIN,MICHELIN 235/65/R16 AGILIS 3 8PR 108/106T,235/65/R16,4,2,0.09%,"₱70,821.43",8
MICHELIN,MICHELIN 245/50/R19 LATITUDE SPORT 3 ZP 105W,245/50/R19,4,1,0.04%,"₱69,642.86",4
MICHELIN,MICHELIN 275/40/R19 PILOT SPORT 4S 105Y,275/40/R19,4,1,0.04%,"₱69,642.86",4
ARIVO,ARIVO 185/60/R15 PREMIO ARZ1 88H,185/60/R15,2,15,0.33%,"₱69,285.71",30
MICHELIN,MICHELIN 185/65/R14 ENERGY XM2+ 86H,185/65/R14,4,4,0.17%,"₱69,254.46",16
BRIDGESTONE,BRIDGESTONE 235/55/R20 DUELER H/L 102V,235/55/R20,4,1,0.04%,"₱69,196.43",4
APOLLO,APOLLO 225/65/R17 APTERRA H/T 2,225/65/R17,4,3,0.13%,"₱69,120.54",12
BRIDGESTONE,BRIDGESTONE 175/65/R15 ECOPIA EP300 84H,175/65/R15,4,4,0.17%,"₱68,374.96",16
MICHELIN,MICHELIN 315/40/R21 LATITUDE SPORT 3 111Y,315/40/R21,2,1,0.02%,"₱67,857.14",2
MICHELIN,MICHELIN 265/65/R17 PRIMACY SUV+ 112H TL,265/65/R17,4,2,0.09%,"₱67,464.29",8
DUNLOP,DUNLOP 205/60/R16 SPORT LM705 92H,205/60/R16,4,3,0.13%,"₱67,383.93",12
MICHELIN,MICHELIN 235/60/R17 PRIMACY SUV+ 102V,235/60/R17,4,2,0.09%,"₱67,053.57",8
APOLLO,APOLLO 185/55/R16 ALNAC 4G 83H,185/55/R16,4,5,0.22%,"₱66,571.43",20
NITTO,NITTO 285/45/R22 NT420V HP 114H,285/45/R22,4,1,0.04%,"₱66,071.43",4
MICHELIN,MICHELIN 235/40/ZR18 PILOT SPORT 4S,null,4,1,0.04%,"₱66,071.43",4
APOLLO,APOLLO 205/60/R16 ALNAC 4G 93V,205/60/R16,4,4,0.17%,"₱65,869.82",16
DUNLOP,DUNLOP 185/70/R14 ENASAVE EC300+ 88S,185/70/R14,4,4,0.17%,"₱65,697.5",16
MICHELIN,MICHELIN 215/50/R17 PRIMACY 4 ST 95W,215/50/R17,4,2,0.09%,"₱65,654.64",8
MICHELIN,MICHELIN 245/50/R18 PRIMACY 3 ZP 100W,245/50/R18,4,1,0.04%,"₱65,611.61",4
ARIVO,ARIVO 175/65/R14 PREMIO ARZ1 82H,175/65/R14,2,18,0.39%,"₱65,610.71",36
WESTLAKE,WESTLAKE 225/55/R19 SU318,225/55/R19,4,3,0.13%,"₱65,177.86",12
YOKOHAMA,YOKOHAMA LT215/75/R15 GEOLANDAR A/T G015 100S,215/75/R15,4,2,0.09%,"₱65,139.29",8
MICHELIN,MICHELIN 205/55/R16 PRIMACY 4 ST 91W,205/55/R16,4,3,0.13%,"₱65,075.89",12
BFGOODRICH,BFGOODRICH 245/65/R17 TRAIL-TERRAIN T/A 111T,245/65/R17,4,1,0.04%,"₱64,285.71",4
MICHELIN,MICHELIN 285/60/R18 PRIMACY SUV+ 116V TL,285/60/R18,2,2,0.04%,"₱64,285.71",4
WESTLAKE,WESTLAKE 175/55/R15 RP26,175/55/R15,4,7,0.3%,"₱63,809.46",28
MICHELIN,MICHELIN 225/65/R17 PRIMACY SUV+ 106H+1,225/65/R17,4,2,0.09%,"₱63,803.21",8
MAXXIS,MAXXIS 285/70/R17 RAZR MT772 121/118Q,285/70/R17,4,1,0.04%,"₱63,708.21",4
MICHELIN,MICHELIN 225/45/R19 PILOT SPORT 4S 96Y,225/45/R19,4,1,0.04%,"₱63,571.43",4
MICHELIN,MICHELIN 225/45/R17 PRIMACY 4 ST 94W,225/45/R17,4,2,0.09%,"₱63,169.64",8
ARIVO,ARIVO 235/50/R18 ULTRA ARZ5 97V,235/50/R18,4,4,0.17%,"₱62,642.32",16
MICHELIN,MICHELIN 255/55/R18 LATITUDE SPORT 3 ZP 109V,255/55/R18,4,1,0.04%,"₱62,500",4
ARIVO,ARIVO 175/65/R15 PREMIO ARZ1 84H,175/65/R15,4,7,0.3%,"₱62,457.14",28
BFGOODRICH,BFGOODRICH 265/65/R17 ALL-TERRAIN T/A KO2 120S,265/65/R17,4,1,0.04%,"₱62,218.57",4
YOKOHAMA,YOKOHAMA 225/55/R17 BLUEARTH XT AE61 97W,225/55/R17,4,2,0.09%,"₱62,035.71",8
DUNLOP,DUNLOP 275/55/R20 GRANDTREK AT5 113T,275/55/R20,2,3,0.07%,"₱61,642.86",6
BFGOODRICH,BFGOODRICH 285/70/R17 B6 ALL-TERRAIN KO2 116S,285/70/R17,1,4,0.04%,"₱60,392.86",4
BFGOODRICH,BFGOODRICH 285/70/R17 B6 ALL-TERRAIN KO2 116S,285/70/R17,4,1,0.04%,"₱60,392.86",4
MICHELIN,MICHELIN 245/45/R18 PILOT SPORT 4 ZP 100Y,245/45/R18,4,1,0.04%,"₱60,267.86",4
WESTLAKE,WESTLAKE 215/55/R17 SA37,215/55/R17,4,4,0.17%,"₱59,877.5",16
DUNLOP,DUNLOP 215/60/R17 ENASAVE EC300+ 96H,215/60/R17,2,4,0.09%,"₱59,714.29",8
MICHELIN,MICHELIN 235/70/R16 PRIMACY SUV+ 106H TL,235/70/R16,4,2,0.09%,"₱59,482.14",8
DUNLOP,DUNLOP 245/40/R20 DIREZZA DZ102 99W,245/40/R20,4,1,0.04%,"₱59,410.68",4
DUNLOP,DUNLOP 205/55/R17 ENASAVE EC300+ 91V,205/55/R17,4,2,0.09%,"₱59,166.96",8
MICHELIN,MICHELIN 235/55/R20 PRIMACY SUV+ 102V TLÊ,235/55/R20,4,1,0.04%,"₱58,901.79",4
BFGOODRICH,BFGOODRICH 195/60/R16 ADVANTAGE TOURING 89H,195/60/R16,4,3,0.13%,"₱58,598.21",12
BRIDGESTONE,BRIDGESTONE 265/60/R18 DUELER H/T 684 RBT 110H,265/60/R18,4,1,0.04%,"₱58,419.64",4
MICHELIN,MICHELIN 265/65/R17 PRIMACY SUV+ 112H,265/65/R17,8,1,0.09%,"₱58,321.43",8
MICHELIN,MICHELIN 255/35/ZR19 PILOT SPORT 5 96Y,null,4,1,0.04%,"₱57,973.21",4
ARIVO,ARIVO 205/60/R16 PREMIO ARZ1,205/60/R16,4,5,0.22%,"₱57,833.57",20
YOKOHAMA,YOKOHAMA 235/45/R17 ADVAN NEOVA AD09 94W,235/45/R17,4,1,0.04%,"₱57,607.14",4
YOKOHAMA,YOKOHAMA 215/40/R17 ADVAN NEOVA AD09 83W,215/40/R17,4,1,0.04%,"₱57,607.14",4
MICHELIN,MICHELIN 225/55/R19 PILOT SPORT 4 SUV 99V,225/55/R19,4,1,0.04%,"₱57,142.86",4
MICHELIN,MICHELIN 235/50/R18 PILOT SPORT 4S,235/50/R18,4,1,0.04%,"₱57,071.43",4
MICHELIN,MICHELIN 165/60/R14 ENERGY XM2+ 79T,165/60/R14,4,4,0.17%,"₱56,843.75",16
APOLLO,APOLLO 265/65/R17 APTERRA A/T2 112T,265/65/R17,4,2,0.09%,"₱56,718.75",8
MICHELIN,MICHELIN 275/60/R20 PRIMACY SUV+ 115H,275/60/R20,4,1,0.04%,"₱56,611.61",4
MICHELIN,MICHELIN 235/50/R19 LATITUDE SPORT 3 99W,235/50/R19,4,1,0.04%,"₱56,325.89",4
ARIVO,ARIVO 205/45/R17 ULTRA ARZ4,205/45/R17,4,5,0.22%,"₱56,191.07",20
DUNLOP,DUNLOP 245/35/R19 DIREZZA DZ102 93W,245/35/R19,4,1,0.04%,"₱55,812.5",4
MICHELIN,MICHELIN 225/45/ZR19 PILOT SPORT 5 96Y,null,4,1,0.04%,"₱55,767.86",4
NITTO,NITTO 265/60/R18 TERRA GRAPPLER NTGA2 114T,265/60/R18,4,1,0.04%,"₱55,599.11",4
MICHELIN,MICHELIN 245/40/R19 PILOT SPORT 4 ZP 98Y,245/40/R19,2,1,0.02%,"₱55,553.57",2
YOKOHAMA,YOKOHAMA 235/35/R19 ADVAN FLEVA V701 91W,235/35/R19,4,1,0.04%,"₱55,357.14",4
ARIVO,ARIVO 205/65/R15 PREMIO ARZ1 94V,205/65/R15,4,5,0.22%,"₱55,350",20
YOKOHAMA,YOKOHAMA 215/70/R16 GEOLANDAR A/T G015 100H,215/70/R16,4,2,0.09%,"₱55,285.71",8
YOKOHAMA,YOKOHAMA 205/65/R15 ASPEC A300 94S,205/65/R15,4,3,0.13%,"₱55,142.86",12
DUNLOP,DUNLOP 225/60/R17 SPORT LM704 99H,225/60/R17,4,2,0.09%,"₱55,035.71",8
DUNLOP,DUNLOP 215/60/R17 ENASAVE EC300+ 96H,215/60/R17,4,2,0.09%,"₱54,901.79",8
MICHELIN,MICHELIN 205/65/R16 PRIMACY 4ST 95V,205/65/R16,2,5,0.11%,"₱54,607.14",10
MICHELIN,MICHELIN 255/55/R19 PRIMACY SUV+ 111V XL TL,255/55/R19,4,1,0.04%,"₱54,348.21",4
APOLLO,APOLLO 265/60/R18 APTERRA HT 2,265/60/R18,4,2,0.09%,"₱54,214.29",8
MAXXIS,MAXXIS 265/70/R17 BIGHORN MT764 118/115Q,265/70/R17,4,1,0.04%,"₱54,178.75",4
TOYO,TOYO 285/50/R20 PXST3 116V,285/50/R20,4,1,0.04%,"₱54,161.43",4
MICHELIN,MICHELIN 225/55/R19 PRIMACY SUV+ 99V,225/55/R19,5,1,0.05%,"₱54,010.57",5
BRIDGESTONE,BRIDGESTONE 245/70/R16 DUELER H/T 689 RBT 111S,245/70/R16,4,2,0.09%,"₱53,571.43",8
SAILUN,SAILUN 185/60/R15 ATREZZO ELITE 88T,185/60/R15,4,5,0.22%,"₱53,417.86",20
WESTLAKE,WESTLAKE 265/65/R17 SL369 A/T,265/65/R17,4,2,0.09%,"₱53,090.18",8
MICHELIN,MICHELIN 245/35/R19 PILOT SPORT 4S 93Y,245/35/R19,2,1,0.02%,"₱52,973.21",2
BRIDGESTONE,BRIDGESTONE 285/75/R16 DUELER A/T 697 (OWT) 116R,285/75/R16,4,1,0.04%,"₱52,678.57",4
MICHELIN,MICHELIN 195/60/R16 ENERGY XM2+ 89H,195/60/R16,4,2,0.09%,"₱52,500",8
MICHELIN,MICHELIN 255/50/R20 PRIMACY SUV+ 109V,255/50/R20,2,2,0.04%,"₱52,473.21",4
ARIVO,ARIVO 235/60/R18 TERRANO ARV H/T 107H,235/60/R18,4,3,0.13%,"₱52,136.96",12
WESTLAKE,WESTLAKE 195/60/R16 RP36,195/60/R16,4,4,0.17%,"₱51,982.32",16
BRIDGESTONE,BRIDGESTONE 185/55/R15 ECOPIA EP300 82V,185/55/R15,4,3,0.13%,"₱51,914.68",12
ARIVO,ARIVO 215/65/R16 PREMIO ARZ1 98H,215/65/R16,4,4,0.17%,"₱51,825.71",16
MICHELIN,MICHELIN 305/30/R19 PILOT SPORT 4S 102Y,305/30/R19,2,1,0.02%,"₱51,785.71",2
ARIVO,ARIVO 275/55/R20 TERRAMAX ARV PRO A/T S117,275/55/R20,4,2,0.09%,"₱51,785.71",8
YOKOHAMA,YOKOHAMA 215/60/R17 GEOLANDAR CV G058 96H,215/60/R17,4,2,0.09%,"₱51,785.71",8
ARIVO,ARIVO 215/55/R16 PREMIO ARZ1,215/55/R16,4,4,0.17%,"₱51,598.57",16
MICHELIN,MICHELIN 275/65/R18 PRIMACY SUV+ 116H,275/65/R18,2,2,0.04%,"₱51,500",4
MICHELIN,MICHELIN 285/60/R18 PRIMACY SUV+ 116V TL,285/60/R18,4,1,0.04%,"₱51,089.29",4
ARIVO,ARIVO 275/65/R18 TERRAMAX ARV PRO A/T 116T,275/65/R18,4,2,0.09%,"₱50,788.93",8
MICHELIN,MICHELIN 235/40/R18 PILOT SPORT 5 95Y,235/40/R18,4,1,0.04%,"₱50,589.29",4
MICHELIN,MICHELIN 215/70/R15C AGILIS 3 109/107S,215/70/R15,4,2,0.09%,"₱50,540.18",8
WESTLAKE,WESTLAKE 185/60/R15 RP36,185/60/R15,4,5,0.22%,"₱50,350.71",20
YOKOHAMA,YOKOHAMA 215/50/R17 BLUEARTH GT AE51 95W,215/50/R17,4,2,0.09%,"₱50,299.11",8
YOKOHAMA,YOKOHAMA 225/45/R17 BLUEARTH ES32 94V,225/45/R17,4,2,0.09%,"₱50,261.25",8
TOYO,TOYO 225/55/R19 PXR46 99V,225/55/R19,4,1,0.04%,"₱50,000",4
ARIVO,ARIVO 185/65/R15 PREMIO ARZ1 88H,185/65/R15,2,10,0.22%,"₱49,776.79",20
TOYO,TOYO 295/40/R21 PROXES SPORT 2 111Y,295/40/R21,2,1,0.02%,"₱49,678.57",2
MICHELIN,MICHELIN 205/50/R16 PILOT SPORT 4 91W,205/50/R16,4,2,0.09%,"₱49,276.79",8
MICHELIN,MICHELIN 275/40/ZR19 PILOT SPORT 5 105Y,null,4,1,0.04%,"₱49,107.14",4
APOLLO,APOLLO 235/60/R18 APTERRA HP,235/60/R18,4,2,0.09%,"₱49,049.11",8
WESTLAKE,WESTLAKE 265/60/R18 SU318,265/60/R18,4,2,0.09%,"₱48,910.36",8
MICHELIN,MICHELIN 235/65/R16 AGILIS 3 8PR 108/106T,235/65/R16,5,1,0.05%,"₱48,678.57",5
BRIDGESTONE,BRIDGESTONE 175/65/R14 ECOPIA EP150 82H,175/65/R14,4,3,0.13%,"₱48,637.86",12
WESTLAKE,WESTLAKE 215/60/R17 SU318,215/60/R17,4,3,0.13%,"₱48,560.89",12
MICHELIN,MICHELIN 225/55/R18 PRIMACY 4 ST 102V,225/55/R18,1,5,0.05%,"₱48,258.93",5
YOKOHAMA,YOKOHAMA 195/70/R14 BLUEARTH ES32 91H,195/70/R14,4,3,0.13%,"₱48,214.29",12
YOKOHAMA,YOKOHAMA 265/60/R18 GEOLANDAR A/T G015 110H,265/60/R18,4,1,0.04%,"₱47,276.79",4
SAILUN,SAILUN 265/65/R17 TERRAMAX CVR 112T,265/65/R17,4,2,0.09%,"₱47,243.57",8
YOKOHAMA,YOKOHAMA 225/40/R18 BLUEARTH GT AE51 92W,225/40/R18,4,2,0.09%,"₱47,232.14",8
MICHELIN,MICHELIN 245/35/ZR19 PILOT SPORT 5 93Y XL TL,null,4,1,0.04%,"₱47,223.21",4
MICHELIN,MICHELIN 275/45/R21 LATITUDE SPORT 3 107Y,275/45/R21,2,1,0.02%,"₱47,035.71",2
YOKOHAMA,YOKOHAMA 195/R15C BLUEARTH VAN RY55 106/104S,195/R15C,4,2,0.09%,"₱46,875",8
MICHELIN,MICHELIN 235/50/R18 PILOT SPORT 4 SUV ZP 97V,235/50/R18,4,1,0.04%,"₱46,602.68",4
DUNLOP,DUNLOP 265/60/R18 GRANDTREK AT25 110H,265/60/R18,4,1,0.04%,"₱46,446.43",4
YOKOHAMA,YOKOHAMA 235/60/R18 GEOLANDAR CV G058 107V,235/60/R18,4,1,0.04%,"₱46,428.57",4
TOYO,TOYO 255/50/R19 PXST3 107V,255/50/R19,4,1,0.04%,"₱46,053.57",4
APOLLO,APOLLO 185/R14C ALTRUST 8PR 102/100S,185/R14C,4,3,0.13%,"₱45,926.07",12
MICHELIN,MICHELIN 245/45/ZR18 PILOT SPORT 5 100Y XL TL,null,4,1,0.04%,"₱45,683.04",4
ARIVO,ARIVO 215/70/R16 TERRANO ARV H/T 100,215/70/R16,4,3,0.13%,"₱45,604.64",12
MICHELIN,MICHELIN 225/45/R18 PRIMACY 3 ZP 95Y,225/45/R18,4,1,0.04%,"₱45,535.71",4
BRIDGESTONE,BRIDGESTONE 205/65/R16 ECOPIA EP300 95V,205/65/R16,4,2,0.09%,"₱45,474.11",8
YOKOHAMA,YOKOHAMA 225/60/R18 GEOLANDAR CV G058 100H,225/60/R18,4,1,0.04%,"₱45,348.21",4
MICHELIN,MICHELIN 245/45/R19 PRIMACY 4 ST 102W,245/45/R19,4,1,0.04%,"₱45,303.57",4
MICHELIN,MICHELIN 165/65/R14 ENERGY XM2+ 79H,165/65/R14,4,3,0.13%,"₱45,147.32",12
MICHELIN,MICHELIN 255/35/R20 PILOT SPORT 4S 97Y,255/35/R20,2,1,0.02%,"₱45,107.14",2
YOKOHAMA,YOKOHAMA 205/65/R16 BLUEARTH E70B 95H,205/65/R16,4,2,0.09%,"₱45,000",8
DUNLOP,DUNLOP 205/65/R16 SPORT LM704 95H,205/65/R16,8,1,0.09%,"₱45,000",8
ARIVO,ARIVO 205/50/R17 ULTRA ARZ4,205/50/R17,4,3,0.13%,"₱44,999.64",12
ARIVO,ARIVO 265/70/R16 TERRAMAX ARV PRO A/T 112T,265/70/R16,4,2,0.09%,"₱44,683.93",8
MICHELIN,MICHELIN 225/55/R17 PRIMACY 4 ST 101W,225/55/R17,5,1,0.05%,"₱44,642.86",5
MICHELIN,MICHELIN 225/45/R19 PILOT SPORT 4S 96Y,225/45/R19,2,1,0.02%,"₱44,598.21",2
PIRELLI,PIRELLI 245/40/R19 CINTURATO P7 RUNFLAT 98Y,245/40/R19,1,1,0.01%,"₱44,508.93",1
YOKOHAMA,YOKOHAMA 225/65/R17 GEOLANDAR A/T G01 5102T,225/65/R17,5,1,0.05%,"₱44,446.43",5
MICHELIN,MICHELIN 235/60/R18 PRIMACY 3 ST SUV 103H,235/60/R18,4,1,0.04%,"₱44,418.75",4
ARIVO,ARIVO 195/60/R16 PREMIO ARZ1 89H,195/60/R16,4,4,0.17%,"₱44,305.71",16
DUNLOP,DUNLOP 175/70/R14 SPORT LM704 84H,175/70/R14,4,3,0.13%,"₱44,285.71",12
MICHELIN,MICHELIN 225/45/ZR18 PILOT SPORT 5 95Y XL TL,null,4,1,0.04%,"₱44,258.93",4
BFGOODRICH,BFGOODRICH 205/60/R16 ADVANTAGE TOURING 92H,205/60/R16,4,2,0.09%,"₱44,203.93",8
SAILUN,SAILUN 225/40/R18 ATREZZO ZSR 92W,225/40/R18,4,3,0.13%,"₱43,940",12
BFGOODRICH,BFGOODRICH 235/60/R17 ADVANTAGE TOURING 102H,235/60/R17,6,1,0.07%,"₱43,544.64",6
MICHELIN,MICHELIN 195/55/R16 PRIMACY 4 ST 91V,195/55/R16,4,2,0.09%,"₱43,535.71",8
YOKOHAMA,YOKOHAMA 215/55/R18 GEOLANDAR CV G058 99V,215/55/R18,4,1,0.04%,"₱43,446.43",4
BRIDGESTONE,BRIDGESTONE 205/70/R15 DUELER H/T D684 96T,205/70/R15,4,2,0.09%,"₱43,392.14",8
MICHELIN,MICHELIN 265/65/R17 PRIMACY SUV+ 112H,265/65/R17,5,1,0.05%,"₱43,250",5
ARIVO,ARIVO 175/65/R14 PREMIO ARZ1 82H,175/65/R14,5,5,0.27%,"₱43,203.57",25
BFGOODRICH,BFGOODRICH 235/55/R18 ADVANTAGE TOURING 104H,235/55/R18,2,3,0.07%,"₱43,123.21",6
MICHELIN,MICHELIN 195/65/R15 ENERGY XM2+ 91V,195/65/R15,4,2,0.09%,"₱43,044.64",8
MICHELIN,MICHELIN 245/45/R19 PRIMACY 3 ZP 98Y,245/45/R19,2,1,0.02%,"₱42,678.57",2
ARIVO,ARIVO 225/65/R17 PREMIO ARZ1 102H,225/65/R17,4,3,0.13%,"₱42,617.14",12
YOKOHAMA,YOKOHAMA LT215/75/R15 GEOLANDAR A/T G015 100S,215/75/R15,5,1,0.05%,"₱42,428.57",5
MICHELIN,MICHELIN 225/45/R17 PRIMACY 4 ST 94W,225/45/R17,5,1,0.05%,"₱42,410.71",5
YOKOHAMA,YOKOHAMA 215/45/R17 ADVAN FLEVA V701 91W,215/45/R17,4,2,0.09%,"₱42,283.93",8
YOKOHAMA,YOKOHAMA 185/55/R15 BLUEARTH AE01 82V,185/55/R15,2,5,0.11%,"₱42,183.04",10
BFGOODRICH,BFGOODRICH 215/55/R16 ADVANTAGE TOURING 97V,215/55/R16,4,2,0.09%,"₱42,137.68",8
MICHELIN,MICHELIN 225/45/R17 PILOT SPORT 4 ZP 94Y,225/45/R17,4,1,0.04%,"₱41,964.29",4
BRIDGESTONE,BRIDGESTONE 215/55/R17 TURANZA ER33 94V,215/55/R17,2,4,0.09%,"₱41,816.07",8
GOODYEAR,GOODYEAR 235/50/R18 ASSURANCE MAXGUARD SUV 103W,235/50/R18,4,1,0.04%,"₱41,502.14",4
BRIDGESTONE,BRIDGESTONE 265/65/R17 DUELER A/T 697 RBT 112T,265/65/R17,4,1,0.04%,"₱41,502.14",4
VREDESTEIN,VREDESTEIN 275/65/R18 PINZA AT,275/65/R18,4,1,0.04%,"₱41,412.86",4
YOKOHAMA,YOKOHAMA 31X10.5/R15 GEOLANDAR X-A/T G016 109Q,null,4,1,0.04%,"₱41,053.57",4
MICHELIN,MICHELIN 235/55/R18 PRIMACY 3 AO GRNX 104Y XL TL,235/55/R18,4,1,0.04%,"₱40,928.57",4
DUNLOP,DUNLOP 185/55/R16 SPORT LM705 83V,185/55/R16,4,2,0.09%,"₱40,689.29",8
GOODYEAR,GOODYEAR 265/50/R20 EFFICIENTGRIP PERFORMANCE SUV 107T,265/50/R20,2,1,0.02%,"₱40,482.14",2
YOKOHAMA,YOKOHAMA 275/65/R17 GEOLANDAR H/T G056 115H,275/65/R17,4,1,0.04%,"₱40,285.71",4
ARIVO,ARIVO 195/60/R15 PREMIO ARZ1,195/60/R15,4,4,0.17%,"₱40,036.43",16
MICHELIN,MICHELIN 255/40/ZR18 PILOT SPORT 5 99Y XL TL,null,4,1,0.04%,"₱39,928.57",4
BRIDGESTONE,BRIDGESTONE 215/60/R16 ECOPIA EP300 95H,215/60/R16,4,2,0.09%,"₱39,927.14",8
APOLLO,APOLLO 175/65/R14 AMAZER 3G MAXX 82T,175/65/R14,4,4,0.17%,"₱39,923.57",16
ARIVO,ARIVO 195/R15C TRANSITO ARZ 6-C 106/104R,195/R15C,4,3,0.13%,"₱39,767.32",12
MICHELIN,MICHELIN 215/45/R17 PRIMACY 4 ST 91W,215/45/R17,5,1,0.05%,"₱39,732.14",5
ARIVO,ARIVO 255/60/R18 TERRAMAX ARV PRO A/T,255/60/R18,4,2,0.09%,"₱39,612.14",8
WESTLAKE,WESTLAKE 205/60/R16 RP36,205/60/R16,4,3,0.13%,"₱39,576.79",12
YOKOHAMA,YOKOHAMA 185/55/R15 BLUEARTH AE01 82V,185/55/R15,1,9,0.1%,"₱39,347.99",9
YOKOHAMA,YOKOHAMA 235/50/R18 BLUEARTH XT AE61 97W,235/50/R18,4,1,0.04%,"₱39,286.61",4
BRIDGESTONE,BRIDGESTONE 265/65/R17 DUELER H/T 684 (RBT) 112S,265/65/R17,4,1,0.04%,"₱39,215.71",4
MICHELIN,MICHELIN 195/50/R15 PILOT SPORT 3 82V,195/50/R15,4,2,0.09%,"₱39,066.96",8
YOKOHAMA,YOKOHAMA 225/60/R17 GEOLANDAR CV G058 99H,225/60/R17,5,1,0.05%,"₱39,053.57",5
MICHELIN,MICHELIN 235/60/R18 PRIMACY 4 MO 103V TL,235/60/R18,4,1,0.04%,"₱39,044.64",4
WESTLAKE,WESTLAKE 235/65/R17 Z-007,235/65/R17,4,2,0.09%,"₱38,938.57",8
ARIVO,ARIVO 225/45/R17 ULTRA ARZ4,225/45/R17,4,3,0.13%,"₱38,774.29",12
DUNLOP,DUNLOP 215/55/R18 SPORT MAXX 050 95H,215/55/R18,4,1,0.04%,"₱38,488.21",4
BRIDGESTONE,BRIDGESTONE 265/60/R18 DUELER H/T 684 RBT  110H,265/60/R18,2,2,0.04%,"₱38,330.36",4
ARIVO,ARIVO 235/45/R19 ULTRA ARZ4 99W,235/45/R19,4,2,0.09%,"₱38,305.89",8
YOKOHAMA,YOKOHAMA 235/50/R18 BLUEEARTH XT 97V,235/50/R18,4,1,0.04%,"₱38,196.43",4
YOKOHAMA,YOKOHAMA 205/70/R15 GEOLANDAR G046 96T,205/70/R15,4,2,0.09%,"₱38,178.57",8
MICHELIN,MICHELIN 245/40/ZR19 PILOT SPORT 5 98Y,null,4,1,0.04%,"₱38,080.36",4
ARIVO,ARIVO 185/55/R15 PREMIO ARZ1,185/55/R15,2,8,0.17%,"₱37,964.29",16
YOKOHAMA,YOKOHAMA 195/R14C SUPERVAN Y356 106/104P,195/R14C,4,2,0.09%,"₱37,848.21",8
MICHELIN,MICHELIN 225/60/R18 PRIMACY SUV+ 100H,225/60/R18,4,1,0.04%,"₱37,767.86",4
APOLLO,APOLLO 275/55/R20 APTERRA AT 2 LT,275/55/R20,4,1,0.04%,"₱37,700.89",4
WESTLAKE,WESTLAKE 225/65/R17 SU318,225/65/R17,4,2,0.09%,"₱37,584.82",8
BRIDGESTONE,BRIDGESTONE 265/65/R17 DUELER H/T 684 112S,265/65/R17,4,1,0.04%,"₱37,500",4
DUNLOP,DUNLOP 225/65/R17 GRANDTREK ST30 102H,225/65/R17,4,1,0.04%,"₱37,500",4
MICHELIN,MICHELIN 265/35/ZR18 PILOT SPORT 5 97Y,null,4,1,0.04%,"₱37,500",4
BFGOODRICH,BFGOODRICH 235/55/R18 ADVANTAGE TOURING 104H,235/55/R18,1,5,0.05%,"₱37,428.57",5
WESTLAKE,WESTLAKE 185/70/R14 RP36,185/70/R14,4,4,0.17%,"₱37,359.64",16
VREDESTEIN,VREDESTEIN 265/70/R18 PINZA AT,265/70/R18,4,1,0.04%,"₱37,186.43",4
DUNLOP,DUNLOP 245/45/R18 DIREZZA DZ102 100W,245/45/R18,4,1,0.04%,"₱36,793.93",4
YOKOHAMA,YOKOHAMA 185/55/R16 BLUEARTH ES32 83V,185/55/R16,2,4,0.09%,"₱36,793.75",8
BFGOODRICH,BFGOODRICH 195/55/R16 ADVANTAGE TOURING 87V,195/55/R16,4,2,0.09%,"₱36,770.71",8
MICHELIN,MICHELIN 245/45/R17 PRIMACY 4 ST 99W,245/45/R17,4,1,0.04%,"₱36,607.14",4
TOYO,TOYO 305/45/R22 PXST3 118V,305/45/R22,2,1,0.02%,"₱36,607.14",2
APOLLO,APOLLO 275/65/R18 APTERRA AT 2,275/65/R18,4,1,0.04%,"₱36,093.75",4
MICHELIN,MICHELIN 235/65/R17 LTX TRAIL 108T,235/65/R17,4,1,0.04%,"₱35,973.21",4
DUNLOP,DUNLOP 215/65/R16 GRANDTREK ST20 98H,215/65/R16,4,2,0.09%,"₱35,910.71",8
MICHELIN,MICHELIN 265/70/R17 PRIMACY SUV+ 115H,265/70/R17,4,1,0.04%,"₱35,723.21",4
MICHELIN,MICHELIN 245/50/R19 PILOT SPORT 4 SUV 105W,245/50/R19,2,1,0.02%,"₱35,714.29",2
MAXXIS,MAXXIS 265/65/R17 RAZR AT811 112T,265/65/R17,4,1,0.04%,"₱35,714.29",4
TOYO,TOYO 235/50/R18 PXR30 97V,235/50/R18,2,1,0.02%,"₱35,571.43",2
DUNLOP,DUNLOP 195/65/R15 SPORT LM705 91H,195/65/R15,4,2,0.09%,"₱35,446.43",8
ARIVO,ARIVO 205/70/R15 PREMIO ARZ1 96H,205/70/R15,2,6,0.13%,"₱35,425",12
APOLLO,APOLLO 215/55/R17 ASPIRE 4G+,215/55/R17,4,2,0.09%,"₱35,044.64",8
ARIVO,ARIVO 175/55/R15 PREMIO ARZ1,175/55/R15,4,4,0.17%,"₱35,032.14",16
BRIDGESTONE,BRIDGESTONE 195/R15C DURAVIS R624 106/104S,195/R15C,6,1,0.07%,"₱34,821.43",6
WESTLAKE,WESTLAKE 225/60/R17 SU318,225/60/R17,4,2,0.09%,"₱34,746.79",8
YOKOHAMA,YOKOHAMA 215/55/R17 ASPEC DB E70B 93V,215/55/R17,4,1,0.04%,"₱34,723.21",4
MICHELIN,MICHELIN 215/45/ZR17 PILOT SPORT 5 91Y,null,4,1,0.04%,"₱34,464.29",4
FRONWAY,FRONWAY 205/60/R16 ECOGREEN 66 92/V,205/60/R16,4,3,0.13%,"₱34,365.71",12
VREDESTEIN,VREDESTEIN 245/45/R17 ULTRAC VORTI I,245/45/R17,4,1,0.04%,"₱34,330.36",4
BRIDGESTONE,BRIDGESTONE 265/60/R18 DUELER H/T 684 RBT  110H,265/60/R18,4,1,0.04%,"₱34,285.71",4
YOKOHAMA,YOKOHAMA 205/70/R15 GEOLANDAR G046 96H,205/70/R15,4,2,0.09%,"₱34,250",8
ALLIANCE,ALLIANCE 215/55/R16 030EX 97V,215/55/R16,4,2,0.09%,"₱34,104.29",8
ARIVO,ARIVO 265/60/R18 TERRANO ARV H/T,265/60/R18,8,1,0.09%,"₱34,035.71",8
BFGOODRICH,BFGOODRICH 265/50/R20 ADVANTAGE TOURING 111T,265/50/R20,4,1,0.04%,"₱34,019.29",4
YOKOHAMA,YOKOHAMA 235/55/R17 GEOLANDAR CV G058 99H,235/55/R17,4,1,0.04%,"₱33,928.57",4
FRONWAY,FRONWAY 175/65/R14 ECOGREEN 66 82/T,175/65/R14,4,5,0.22%,"₱33,891.86",20
VREDESTEIN,VREDESTEIN 265/60/R18 PINZA AT 110H,265/60/R18,4,1,0.04%,"₱33,846.07",4
BRIDGESTONE,BRIDGESTONE 265/65/R17 DUELER A/T 697 RBT 112T,265/65/R17,3,1,0.03%,"₱33,741.07",3
ARIVO,ARIVO 205/45/R17 ULTRA ARZ4,205/45/R17,2,6,0.13%,"₱33,723.21",12
YOKOHAMA,YOKOHAMA 225/65/R17 GEOLANDAR A/T G01 5102T,225/65/R17,4,1,0.04%,"₱33,669.64",4
BFGOODRICH,BFGOODRICH 235/55/R19 ADVANTAGE TOURING 101H,235/55/R19,4,1,0.04%,"₱33,568.93",4
CONTINENTAL,CONTINENTAL 275/55/R20 TERRAINCONTACT A/T 117H,275/55/R20,2,1,0.02%,"₱33,428.57",2
MICHELIN,MICHELIN 225/50/R17 PRIMACY 4 W98,225/50/R17,4,1,0.04%,"₱33,321.43",4
FRONWAY,FRONWAY 195//R14C VANPLUS 09 106/104/R,null,4,3,0.13%,"₱33,261.25",12
ARIVO,ARIVO 235/55/R18 ULTRA ARZ4 104V,235/55/R18,4,2,0.09%,"₱33,237.14",8
MICHELIN,MICHELIN 245/45/19 PRIMACY 4 ST,null,4,1,0.04%,"₱33,213.39",4
YOKOHAMA,YOKOHAMA 225/55/R17 ADVAN DB V552 97W,225/55/R17,4,1,0.04%,"₱33,187.5",4
MICHELIN,MICHELIN 245/70/R16 PRIMACY SUV+ 111H XL TL,245/70/R16,4,1,0.04%,"₱33,071.43",4
FRONWAY,FRONWAY 265/60/R18 ROCKBLADE AT II 110/T,265/60/R18,2,3,0.07%,"₱33,035.71",6
BFGOODRICH,BFGOODRICH 225/60/R18 ADVANTAGE TOURING 104H,225/60/R18,4,1,0.04%,"₱32,737.5",4
YOKOHAMA,YOKOHAMA 195/55/R15 BLUEARTH ES32 85H,195/55/R15,4,2,0.09%,"₱32,683.04",8
FRONWAY,FRONWAY 185/60/R15 ECOGREEN 55 88/H,185/60/R15,4,4,0.17%,"₱32,672.68",16
DUNLOP,DUNLOP 215/65/R16 GRANDTREK ST20 98H,215/65/R16,2,3,0.07%,"₱32,660.71",6
MAXXIS,MAXXIS 265/65/R17 BRAVO HP-M3 112H,265/65/R17,4,1,0.04%,"₱32,654.82",4
MICHELIN,MICHELIN 235/60/R16 PRIMACY 4 ST 100V,235/60/R16,4,1,0.04%,"₱32,589.29",4
ARIVO,ARIVO 185/60/R15 PREMIO ARZ1 88H,185/60/R15,3,4,0.13%,"₱32,437.5",12
BRIDGESTONE,BRIDGESTONE 235/60/R16 DUELER H/T 687 RBT 100H,235/60/R16,4,1,0.04%,"₱32,433.93",4
PIRELLI,PIRELLI 205/60/R16 P1 CINTURATO ROSSO 92V,205/60/R16,4,1,0.04%,"₱32,391.07",4
APOLLO,APOLLO 175/70/R14 AMAZER XP 84T,175/70/R14,4,3,0.13%,"₱32,299.11",12
MICHELIN,MICHELIN 235/45/R17 PILOT SPORT 4 97Y,235/45/R17,4,1,0.04%,"₱32,142.86",4
YOKOHAMA,YOKOHAMA 265/70/R15 GEOLANDAR A/T G015 112H,265/70/R15,4,1,0.04%,"₱32,071.43",4
NANKANG,NANKANG 225/45/R16 AR-1 93W,225/45/R16,4,1,0.04%,"₱31,964.29",4
BFGOODRICH,BFGOODRICH 185/55/R16 ADVANTAGE TOURING 87H,185/55/R16,4,2,0.09%,"₱31,939.29",8
APOLLO,APOLLO 195/R15C ALTRUST 8PR 107/105S,195/R15C,4,2,0.09%,"₱31,937.5",8
DUNLOP,DUNLOP 175/65/R15 SP TOURING R1 84T,175/65/R15,4,2,0.09%,"₱31,919.64",8
SAILUN,SAILUN 225/55/R17 ATREZZO ZSR 101W,225/55/R17,4,2,0.09%,"₱31,862.14",8
BRIDGESTONE,BRIDGESTONE 205/55/R17 ECOPIA EP150,205/55/R17,1,4,0.04%,"₱31,857.14",4
MICHELIN,MICHELIN 215/45/R17 PRIMACY 4 ST 91W,215/45/R17,4,1,0.04%,"₱31,754.46",4
YOKOHAMA,YOKOHAMA 235/65/R17 GEOLANDAR CV G058 108V,235/65/R17,4,1,0.04%,"₱31,607.14",4
YOKOHAMA,YOKOHAMA 265/70/R16 GEOLANDAR H/T G056 112H,265/70/R16,4,1,0.04%,"₱31,383.93",4
COOPER,COOPER 225/65/R17 DISCOVERER ATT 106H,225/65/R17,5,1,0.05%,"₱31,219.2",5
WESTLAKE,WESTLAKE 215/65/R16 RP26,215/65/R16,4,2,0.09%,"₱31,214.29",8
BRIDGESTONE,BRIDGESTONE 185/65/R15 EP300    2023,185/65/R15,4,2,0.09%,"₱31,194.64",8
YOKOHAMA,YOKOHAMA 195/50/R15 BLUEARTH ES32 82V,195/50/R15,4,2,0.09%,"₱31,000",8
WESTLAKE,WESTLAKE 285/50/R20 SL369 A/T,285/50/R20,4,1,0.04%,"₱30,901.43",4
ARIVO,ARIVO 185/R14C TRANSITO ARZ 6-C,185/R14C,4,3,0.13%,"₱30,789.82",12
WESTLAKE,WESTLAKE 275/55/R20 SL369 A/T,275/55/R20,4,1,0.04%,"₱30,732.14",4
MICHELIN,MICHELIN 225/70/R15 AGILIS 3 112/110S,225/70/R15,2,2,0.04%,"₱30,607.14",4
YOKOHAMA,YOKOHAMA 205/45/R17 ADVAN FLEVA V701 88W,205/45/R17,6,1,0.07%,"₱30,517.86",6
WESTLAKE,WESTLAKE 215/45Z/R18 SA37,null,4,2,0.09%,"₱30,385.71",8
MICHELIN,MICHELIN 215/70/R16 PRIMACY SUV+ 100H,215/70/R16,4,1,0.04%,"₱30,312.5",4
BRIDGESTONE,BRIDGESTONE 185/55/R15 ECOPIA EP300,185/55/R15,4,2,0.09%,"₱30,005.36",8
WESTLAKE,WESTLAKE 175/65/R15 RP26,175/65/R15,4,3,0.13%,"₱29,980.71",12
MICHELIN,MICHELIN 235/55/R19 PILOT SPORT 4 SUV 105Y,235/55/R19,2,1,0.02%,"₱29,642.86",2
ARIVO,ARIVO 235/60/R18 TERRANO ARV H/T 107H,235/60/R18,2,3,0.07%,"₱29,473.21",6
YOKOHAMA,YOKOHAMA 265/75/R16 GEOLANDAR H/T G056 116H,265/75/R16,4,1,0.04%,"₱29,464.29",4
MICHELIN,MICHELIN 275/40/ZR19 PILOT SPORT 5 105Y,null,2,1,0.02%,"₱29,464.29",2
DUNLOP,DUNLOP 175/65/R14 ENASAVE EC300 82T,175/65/R14,4,2,0.09%,"₱29,321.43",8
MICHELIN,MICHELIN 225/45/ZR19 PILOT SPORT 5 96Y,null,2,1,0.02%,"₱29,267.86",2
DUNLOP,DUNLOP 175/65/R14 SPORT LM705 82H,175/65/R14,4,2,0.09%,"₱29,232.14",8
SAILUN,SAILUN 175/70/R14 ATREZZO ECO 88T,175/70/R14,4,3,0.13%,"₱29,204.11",12
WESTLAKE,WESTLAKE 265/40/R22 SA57,265/40/R22,4,1,0.04%,"₱29,017.86",4
APOLLO,APOLLO 185/R14C ALTRUST GRIP 102/100S,185/R14C,4,2,0.09%,"₱28,919.64",8
ATLAS,ATLAS 175/70/R14 GREEN MAX ECO 84/T,175/70/R14,4,3,0.13%,"₱28,802.86",12
WESTLAKE,WESTLAKE 285/60/R18 SL369 A/T,285/60/R18,4,1,0.04%,"₱28,788.21",4
YOKOHAMA,YOKOHAMA 265/35/R19 ADVAN APEX V601 98Y,265/35/R19,2,1,0.02%,"₱28,750",2
TOYO,TOYO 215/60/R17 PXST3 100V,215/60/R17,4,1,0.04%,"₱28,607.14",4
BRIDGESTONE,BRIDGESTONE 195/60/R16 ECOPIA EP150 89H,195/60/R16,5,1,0.05%,"₱28,571.43",5
DUNLOP,DUNLOP 235/40/R18 DIREZZA DZ102 95W,235/40/R18,4,1,0.04%,"₱28,571.43",4
ARIVO,ARIVO 225/60/R17 PREMIO ARZ1 99H,225/60/R17,4,2,0.09%,"₱28,527.86",8
ALLIANCE,ALLIANCE 175/70/R13 030EX 82T,175/70/R13,4,3,0.13%,"₱28,502.5",12
WESTLAKE,WESTLAKE 255/50/R20 SU318,255/50/R20,4,1,0.04%,"₱28,357.14",4
DUNLOP,DUNLOP 215/65/R16 ENASAVE EC300+ 98S,215/65/R16,4,1,0.04%,"₱28,265.89",4
DUNLOP,DUNLOP 165/65/R14 ENASAVE EC300 79S,165/65/R14,4,2,0.09%,"₱28,151.79",8
BFGOODRICH,BFGOODRICH 225/65/R17 ADVANTAGE TOURING 102H,225/65/R17,4,1,0.04%,"₱27,907.14",4
MICHELIN,MICHELIN 225/45/R18 PILOT SPORT 4 ZP 95Y,225/45/R18,2,1,0.02%,"₱27,678.57",2
YOKOHAMA,YOKOHAMA 235/70/R15 GEOLANDAR A/T G012 102S,235/70/R15,4,1,0.04%,"₱27,535.71",4
MICHELIN,MICHELIN 215/65/R16 PRIMACY SUV+ 102H,215/65/R16,4,1,0.04%,"₱27,504.46",4
WESTLAKE,WESTLAKE 275/55/R20 SA57,275/55/R20,4,1,0.04%,"₱27,491.25",4
MICHELIN,MICHELIN 225/60/R16 PRIMACY 4 ST 98W,225/60/R16,4,1,0.04%,"₱27,375",4
ARIVO,ARIVO 225/50/R17 PREMIO ARZ5,225/50/R17,4,2,0.09%,"₱27,356.43",8
MICHELIN,MICHELIN 185/60/R15 ENERGY XM2+ 88H,185/60/R15,2,3,0.07%,"₱27,258.93",6
YOKOHAMA,YOKOHAMA 235/70/R15 GEOLANDAR A/T G012 102S,235/70/R15,2,2,0.04%,"₱27,232.14",4
MICHELIN,MICHELIN 215/40/ZR18 PILOT SPORT 5 89Y,null,2,1,0.02%,"₱27,098.21",2
BRIDGESTONE,BRIDGESTONE 165/65/R14 ECOPIA EP150,165/65/R14,4,2,0.09%,"₱27,038.71",8
MICHELIN,MICHELIN 255/40/ZR19 PILOT SPORT 5 100Y,null,2,1,0.02%,"₱27,000",2
DUNLOP,DUNLOP 195/55/R16 SPORT LM704 87V,195/55/R16,5,1,0.05%,"₱26,999.78",5
ARIVO,ARIVO 155/70/R13 PREMIO ARZ1,155/70/R13,4,4,0.17%,"₱26,986.96",16
MICHELIN,MICHELIN 225/70/R15 LTX TRAIL 104T,225/70/R15,4,1,0.04%,"₱26,973.21",4
DUNLOP,DUNLOP 225/50/R17 SPORT LM705 98V,225/50/R17,4,1,0.04%,"₱26,952.14",4
DUNLOP,DUNLOP 185/60/R16 ENASAVE EC300+ 86H,185/60/R16,4,1,0.04%,"₱26,785.71",4
BFGOODRICH,BFGOODRICH 235/40/R18 ADVANTAGE TOURING 95V,235/40/R18,4,1,0.04%,"₱26,785.71",4
YOKOHAMA,YOKOHAMA 215/45/R17 ADVAN DB V552 91W,215/45/R17,4,1,0.04%,"₱26,785.71",4
YOKOHAMA,YOKOHAMA 205/65/R16 BLUEARTH E70B 95H,205/65/R16,2,2,0.04%,"₱26,732.14",4
MICHELIN,MICHELIN 205/55/R16 PRIMACY 4 ST 91W,205/55/R16,5,1,0.05%,"₱26,730.7",5
ATLAS,ATLAS 205/60/R16 FORCE HP 92/V,205/60/R16,4,2,0.09%,"₱26,702.5",8
ARIVO,ARIVO 215/45/R18 ULTRA ARZ5,215/45/R18,4,2,0.09%,"₱26,696.43",8
NANKANG,NANKANG 225/55/R18 SP-9 98V,225/55/R18,4,1,0.04%,"₱26,675",4
ARIVO,ARIVO 265/60/R18 ROCK TRAK R/T,265/60/R18,4,1,0.04%,"₱26,605.71",4
BRIDGESTONE,BRIDGESTONE 185/55/R15 ECOPIA EP300 82V,185/55/R15,2,3,0.07%,"₱26,571.43",6
WESTLAKE,WESTLAKE 265/70/R17 SL399 A/T,265/70/R17,4,1,0.04%,"₱26,569.46",4
LAUFENN,LAUFENN 265/60/R18 X FIT HT 110V,265/60/R18,4,1,0.04%,"₱26,553.75",4
DUNLOP,DUNLOP 225/40/R18 SPORT LM705 92W,225/40/R18,4,1,0.04%,"₱26,536.43",4
MICHELIN,MICHELIN 205/65/R15 ENERGY XM2+ 99V,205/65/R15,5,1,0.05%,"₱26,517.86",5
ARIVO,ARIVO 215/55/R17 ULTRA ARZ4,215/55/R17,4,2,0.09%,"₱26,471.07",8
APOLLO,APOLLO 195/50/R16 ALNAC 4G 88V,195/50/R16,4,2,0.09%,"₱26,406.25",8
ARIVO,ARIVO 235/55/R18 ULTRA ARZ4 104V,235/55/R18,6,1,0.07%,"₱26,377.86",6
VREDESTEIN,VREDESTEIN 225/55/R18 ULTRAC VORTI I,225/55/R18,4,1,0.04%,"₱26,328.57",4
DUNLOP,DUNLOP 215/55/R17 SPORT LM705 94V,215/55/R17,4,1,0.04%,"₱26,293.93",4
BRIDGESTONE,BRIDGESTONE 205/70/R15 DUELER H/T D684 96T,205/70/R15,5,1,0.05%,"₱26,250",5
MICHELIN,MICHELIN 205/60/R16 PRIMACY 4 ST 92V,205/60/R16,4,1,0.04%,"₱26,250",4
WESTLAKE,WESTLAKE 265/65/R17 SL399 A/T,265/65/R17,4,1,0.04%,"₱26,241.96",4
FRONWAY,FRONWAY 185/55/R15 ECOGREEN 55 82V,185/55/R15,4,3,0.13%,"₱26,233.93",12
MICHELIN,MICHELIN 205/60/R16 ENERGY XM2+ 92V,205/60/R16,2,2,0.04%,"₱26,214.29",4
YOKOHAMA,YOKOHAMA 215/60/R16 ADVAN DB V552 95V,215/60/R16,4,1,0.04%,"₱25,955.36",4
BFGOODRICH,BFGOODRICH 275/55/R20 ALL-TERRAIN T/A KO2 115S,275/55/R20,1,1,0.01%,"₱25,919.64",1
ARIVO,ARIVO 265/60/R18 TERRANO ARV H/T,265/60/R18,5,1,0.05%,"₱25,892.86",5
NANKANG,NANKANG 225/60/R18 SP-9 100H,225/60/R18,4,1,0.04%,"₱25,878.21",4
FRONWAY,FRONWAY 265/60/R18 ROADPOWER HT 79 110/H,265/60/R18,5,1,0.05%,"₱25,873.88",5
BRIDGESTONE,BRIDGESTONE 255/60/R18 DUELER H/T 684 RB 108S,255/60/R18,2,1,0.02%,"₱25,758.93",2
SAILUN,SAILUN 265/50/R20 ATREZZO SVR LX 111V,265/50/R20,4,1,0.04%,"₱25,719.64",4
YOKOHAMA,YOKOHAMA 195/50/R16 BLUEARTH ES32 84V,195/50/R16,5,1,0.05%,"₱25,625",5
VREDESTEIN,VREDESTEIN 195/55/R15 ULTRAC I,195/55/R15,8,1,0.09%,"₱25,583.75",8
ATLAS,ATLAS LT215 /85/R16 PARALLER HT 115/112/S,null,4,1,0.04%,"₱25,479.82",4
DUNLOP,DUNLOP 215/55/R16 SPORT LM704 93V,215/55/R16,4,1,0.04%,"₱25,289.29",4
DUNLOP,DUNLOP 215/65/R16 GRANDTREK ST20 98H,215/65/R16,5,1,0.05%,"₱25,267.63",5
DUNLOP,DUNLOP 205/65/R16 SPORT LM704 95H,205/65/R16,4,1,0.04%,"₱25,200",4
SAILUN,SAILUN 255/45/R20 ATREZZO SVR LX 105V,255/45/R20,4,1,0.04%,"₱25,196.07",4
MICHELIN,MICHELIN 215/60/R16 ENERGY XM2 + 95H,215/60/R16,4,1,0.04%,"₱25,000",4
BRIDGESTONE,BRIDGESTONE 205/55/R16 POTENZA RE004 ADRENALIN 91W,205/55/R16,4,1,0.04%,"₱24,974.04",4
MICHELIN,MICHELIN 215/65/R16 ENERGY XM2 98H,215/65/R16,4,1,0.04%,"₱24,973.21",4
BRIDGESTONE,BRIDGESTONE 185/55/R15 POTENZA RE030 82V,185/55/R15,2,2,0.04%,"₱24,882.14",4
APOLLO,APOLLO 265/65/R17 APTERRA H/T2 112H,265/65/R17,4,1,0.04%,"₱24,866.07",4
YOKOHAMA,YOKOHAMA 205/45/R17 ADVAN FLEVA V701 88W,205/45/R17,2,2,0.04%,"₱24,785.71",4
DEESTONE,DEESTONE 245/65/R17 PAYAK R404 107T,245/65/R17,4,1,0.04%,"₱24,680.36",4
MICHELIN,MICHELIN 205/45/R16 PILOT SPORT 3 87W,205/45/R16,4,1,0.04%,"₱24,553.57",4
APOLLO,APOLLO 195/55/R15 ALNAC 4G 85H,195/55/R15,4,2,0.09%,"₱24,169.64",8
BFGOODRICH,BFGOODRICH 195/50/R16 ADVANTAGE TOURING 88V,195/50/R16,5,1,0.05%,"₱24,139.06",5
WESTLAKE,WESTLAKE 265/65/R17 SU318,265/65/R17,2,2,0.04%,"₱24,107.14",4
WESTLAKE,WESTLAKE 265/60/R18 SL369 A/T,265/60/R18,4,1,0.04%,"₱24,107.14",4
DUNLOP,DUNLOP 205/45/R17 SPORT LM705 88W,205/45/R17,4,1,0.04%,"₱24,035.71",4
MICHELIN,MICHELIN 225/50/R17 PRIMACY 3 ZP 94W,225/50/R17,2,1,0.02%,"₱23,982.14",2
ALLIANCE,ALLIANCE 185/65/R15 030EX 88H,185/65/R15,4,2,0.09%,"₱23,952.86",8
WESTLAKE,WESTLAKE 185/55/R16 RP26,185/55/R16,4,2,0.09%,"₱23,695.71",8
WESTLAKE,WESTLAKE 255/60/R18 SU318,255/60/R18,4,1,0.04%,"₱23,660.71",4
ARIVO,ARIVO 185/65/R15 PREMIO ARZ1 88H,185/65/R15,5,2,0.11%,"₱23,429.02",10
APOLLO,APOLLO 175/70/R14 AMAZER 3G MAXX 84T,175/70/R14,4,2,0.09%,"₱23,418.57",8
DUNLOP,DUNLOP 185/65/R15 ENASAVE EC300+ 88H,185/65/R15,5,1,0.05%,"₱23,254.02",5
GOODYEAR,GOODYEAR 205/65/R15 ASSURANCE MAXGUARD 94V,205/65/R15,4,1,0.04%,"₱23,214.29",4
BRIDGESTONE,BRIDGESTONE 205/55/R16 ECOPIA EP300 91V,205/55/R16,2,2,0.04%,"₱23,198.21",4
MICHELIN,MICHELIN 215/55/R17 PRIMACY 4 ST 94V,215/55/R17,3,1,0.03%,"₱23,196.43",3
APOLLO,APOLLO 235/40/R18 ASPIRE 4G+,235/40/R18,4,1,0.04%,"₱23,169.64",4
ARIVO,ARIVO 255/60/R18 TERRAMAX ARV PRO A/T,255/60/R18,2,2,0.04%,"₱22,946.43",4
YOKOHAMA,YOKOHAMA 185/60/R16 BLUEARTH GT AE51 86H,185/60/R16,4,1,0.04%,"₱22,941.96",4
WESTLAKE,WESTLAKE 255/65/R17 SU318,255/65/R17,4,1,0.04%,"₱22,864.29",4
BFGOODRICH,BFGOODRICH 215/50/R17 ADVANTAGE TOURING 95V,215/50/R17,4,1,0.04%,"₱22,820.18",4
WESTLAKE,WESTLAKE 245/70/R16 SL369 A/T,245/70/R16,4,1,0.04%,"₱22,775",4
ARIVO,ARIVO 265/65/R17 TERRAMAX ARV PRO A/T,265/65/R17,2,2,0.04%,"₱22,678.57",4
ARIVO,ARIVO 205/65/R15 PREMIO ARZ1 94V,205/65/R15,2,4,0.09%,"₱22,660.71",8
MICHELIN,MICHELIN 255/35/R19 PILOT SPORT 4S 96Y,255/35/R19,1,1,0.01%,"₱22,392.86",1
FRONWAY,FRONWAY 205/55/R16 ECOGREEN 66,205/55/R16,4,2,0.09%,"₱22,378.78",8
APOLLO,APOLLO 205/75/R16C QUANTUM PLUS 110/108R,205/75/R16,4,1,0.04%,"₱22,321.43",4
ARIVO,ARIVO 265/65/R17 TERRAMAX ARV PRO A/T,265/65/R17,5,1,0.05%,"₱22,321.43",5
TOYO,TOYO 255/60/R18 OPA25 108H,255/60/R18,2,1,0.02%,"₱22,312.5",2
ALLIANCE,ALLIANCE 175/70/R14 030EX 84T,175/70/R14,4,2,0.09%,"₱22,310",8
BRIDGESTONE,BRIDGESTONE 185/65/R15 ECOPIA EP300 88H,185/65/R15,5,1,0.05%,"₱22,255.36",5
APOLLO,APOLLO 235/65/R16C ALTRUST +,235/65/R16,4,1,0.04%,"₱22,218.75",4
TOYO,TOYO 205/50/R17 PXTR1 93W,205/50/R17,4,1,0.04%,"₱22,067.5",4
SAILUN,SAILUN 225/60/R17 TERRAMAX CVR 99. H,225/60/R17,5,1,0.05%,"₱21,961.41",5
BRIDGESTONE,BRIDGESTONE 265/65/R17 DUELER A/T 693  112S,265/65/R17,2,1,0.02%,"₱21,910.71",2
SAILUN,SAILUN 235/70/R15 TERRAMAX A/T 103S,235/70/R15,2,2,0.04%,"₱21,848.21",4
APOLLO,APOLLO 215/55/R18 APTERRA CROSS,215/55/R18,4,1,0.04%,"₱21,821.43",4
COOPER,COOPER 215/45/R18 ZEON RS3-G1 93W,215/45/R18,4,1,0.04%,"₱21,750",4
COOPER,COOPER 215/55/R17 ZEON RS3-G1 98W,215/55/R17,4,1,0.04%,"₱21,732.14",4
MICHELIN,MICHELIN 195/50/R16 ENERGY XM2+ 88V,195/50/R16,2,2,0.04%,"₱21,660.71",4
APOLLO,APOLLO 235/50/R18 ASPIRE 4G+,235/50/R18,4,1,0.04%,"₱21,656.25",4
WESTLAKE,WESTLAKE 245/65/R17 SU318,245/65/R17,4,1,0.04%,"₱21,651.79",4
YOKOHAMA,YOKOHAMA 185/60/R15 ASPEC DB E70B 84H,185/60/R15,5,1,0.05%,"₱21,625",5
WESTLAKE,WESTLAKE 235/40Z/R18 Sport RS,null,4,1,0.04%,"₱21,613.21",4
BFGOODRICH,BFGOODRICH 215/45/R17 ADVANTAGE TOURING 91V,215/45/R17,2,2,0.04%,"₱21,553.57",4
ARIVO,ARIVO 275/40/R20 ULTRA SPORT ARV7,275/40/R20,4,1,0.04%,"₱21,547.86",4
ARIVO,ARIVO 205/45/R16 ULTRA ARZ4 87W,205/45/R16,4,2,0.09%,"₱21,545.18",8
VREDESTEIN,VREDESTEIN 215/55/R17 ULTRAC VORTI I,215/55/R17,4,1,0.04%,"₱21,535.71",4
MICHELIN,MICHELIN 215/70/R16C AGILIS 3 108/106T,215/70/R16,2,1,0.02%,"₱21,517.86",2
SAILUN,SAILUN 235/55/R18 TERRAMAX CVR 100V,235/55/R18,4,1,0.04%,"₱21,493.21",4
ARIVO,ARIVO 185/55/R16 PREMIO ARZ1 83V,185/55/R16,4,2,0.09%,"₱21,421.25",8
DUNLOP,DUNLOP 245/40/R20 DIREZZA DZ102 99W,245/40/R20,2,1,0.02%,"₱21,366.07",2
BRIDGESTONE,BRIDGESTONE 185/55/R16 ECOPIA EP300 83V,185/55/R16,4,1,0.04%,"₱21,354.46",4
WESTLAKE,WESTLAKE 215/60/R17 SU318,215/60/R17,5,1,0.05%,"₱21,272.32",5
DUNLOP,DUNLOP 205/55/R16 ENASAVE EC300 91V,205/55/R16,4,1,0.04%,"₱21,178.57",4
YOKOHAMA,YOKOHAMA 215/40/R17 ADVAN FLEVA V701 87W,215/40/R17,4,1,0.04%,"₱21,174.11",4
WESTLAKE,WESTLAKE 195/55/R15 SA57,195/55/R15,4,2,0.09%,"₱21,078.04",8
BRIDGESTONE,BRIDGESTONE 265/65/R17 DUELER A/T 697 RBT 112T,265/65/R17,2,1,0.02%,"₱20,982.14",2
YOKOHAMA,YOKOHAMA 185/60/R15 BLUEARTH ES32 84H,185/60/R15,5,1,0.05%,"₱20,928.57",5
WESTLAKE,WESTLAKE 195/55/R15 RP36,195/55/R15,4,2,0.09%,"₱20,904.29",8
YOKOHAMA,YOKOHAMA 195/55/R15 ADVAN FLEVA V701 85V,195/55/R15,2,2,0.04%,"₱20,821.43",4
WESTLAKE,WESTLAKE 235/60/R18 SU318,235/60/R18,4,1,0.04%,"₱20,785.71",4
WESTLAKE,WESTLAKE 245/35Z/R20 SA07,null,4,1,0.04%,"₱20,733.75",4
YOKOHAMA,YOKOHAMA 185/55/R15 BLUEARTH AE01 82V,185/55/R15,5,1,0.05%,"₱20,732.14",5
FRONWAY,FRONWAY 265/60/R18 ROADPOWER HT 79 110/H,265/60/R18,4,1,0.04%,"₱20,699.11",4
FRONWAY,FRONWAY 205/65/R15 ECOGREEN 66 94/H,205/65/R15,4,2,0.09%,"₱20,664.46",8
YOKOHAMA,YOKOHAMA 175/55/R15 BLUEARTH ES32 77V,175/55/R15,5,1,0.05%,"₱20,653.12",5
ARIVO,ARIVO 165/65/R14 PREMIO ARZ1 79T,165/65/R14,5,2,0.11%,"₱20,585.49",10
BRIDGESTONE,BRIDGESTONE 205/55/16 EP300,null,4,1,0.04%,"₱20,535.71",4
DEESTONE,DEESTONE 265/60/R18 STORMZ RS TATTOO SSW H/T,265/60/R18,4,1,0.04%,"₱20,433.61",4
WESTLAKE,WESTLAKE 225/60/R18 SU318,225/60/R18,2,2,0.04%,"₱20,428.57",4
ARIVO,ARIVO 205/50/R17 ULTRA ARZ4,205/50/R17,2,3,0.07%,"₱20,410.71",6
NEXEN,NEXEN 275/35/R19 NFERA SU1 4PR 100Y,275/35/R19,2,1,0.02%,"₱20,312.5",2
BRIDGESTONE,BRIDGESTONE 205/65/R15 ECOPIA EP300 94V,205/65/R15,2,2,0.04%,"₱20,250",4
WESTLAKE,WESTLAKE 235/75/R15 SL369 A/T,235/75/R15,4,1,0.04%,"₱20,228.75",4
MICHELIN,MICHELIN 295/40/R20 PILOT SPORT 4 SUV 110Y,295/40/R20,1,1,0.01%,"₱20,220.54",1
ARIVO,ARIVO 185/60/R15 PREMIO ARZ1 88H,185/60/R15,5,2,0.11%,"₱20,165.18",10
MICHELIN,MICHELIN 205/65/R16 PRIMACY 4 95V DOT 2023,205/65/R16,4,1,0.04%,"₱20,089.29",4
NANKANG,NANKANG 165/70/R13 RX-615,165/70/R13,4,2,0.09%,"₱20,052.86",8
WESTLAKE,WESTLAKE 185/60/R15 RP36,185/60/R15,2,4,0.09%,"₱20,017.86",8
ARIVO,ARIVO 195/50/R16 ULTRA ARZ5 84V,195/50/R16,4,2,0.09%,"₱20,014.11",8
MICHELIN,MICHELIN 185/70/R14 ENERGY XM2+ 88H,185/70/R14,5,1,0.05%,"₱19,946.43",5
MICHELIN,MICHELIN 265/50/R20 PRIMACY SUV+ 111V,265/50/R20,2,1,0.02%,"₱19,910.71",2
YOKOHAMA,YOKOHAMA 205/55/R16 BLUEARTH ES32 91V,205/55/R16,2,2,0.04%,"₱19,871.43",4
WESTLAKE,WESTLAKE 235/50/R18 SA37,235/50/R18,4,1,0.04%,"₱19,795.71",4
YOKOHAMA,YOKOHAMA 195/50/R16 BLUEARTH ES32 84V,195/50/R16,4,1,0.04%,"₱19,758.93",4
ALLIANCE,ALLIANCE 225/40/R18 030EX 92W,225/40/R18,2,2,0.04%,"₱19,678.57",4
DUNLOP,DUNLOP 225/65/R17 GRANDTREK PT3 102V,225/65/R17,2,1,0.02%,"₱19,651.79",2
MICHELIN,MICHELIN 195/60/R15 ENERGY XM2+ 88V,195/60/R15,4,1,0.04%,"₱19,642.86",4
MICHELIN,MICHELIN 245/45/ZR17 PILOT SPORT 5 99Y,null,2,1,0.02%,"₱19,642.86",2
VREDESTEIN,VREDESTEIN 205/55/R16 ULTRAC VORTI I 91W,205/55/R16,4,1,0.04%,"₱19,642.86",4
YOKOHAMA,YOKOHAMA 185/70/R14 BLUEARTH ES32 88H,185/70/R14,5,1,0.05%,"₱19,642.86",5
MICHELIN,MICHELIN 235/50/R18 PRIMACY 4 ST 97W,235/50/R18,2,1,0.02%,"₱19,625",2
DUNLOP,DUNLOP 185/55/R16 SPORT LM705 83V,185/55/R16,2,2,0.04%,"₱19,553.57",4
BRIDGESTONE,BRIDGESTONE 195/50/R16 TURANZA ER33 84V,195/50/R16,2,2,0.04%,"₱19,487.5",4
YOKOHAMA,YOKOHAMA 175/50/R13 A539 72V,175/50/R13,4,1,0.04%,"₱19,473.21",4
WESTLAKE,WESTLAKE 225/45Z/R19 SA07,null,4,1,0.04%,"₱19,469.29",4
DUNLOP,DUNLOP 295/40/R21 SPORT MAXX 050+ 111W,295/40/R21,1,1,0.01%,"₱19,441.96",1
GOODYEAR,GOODYEAR 215/70/R16 CARGO MARATHON 2 108T,215/70/R16,5,1,0.05%,"₱19,214.29",5
MICHELIN,MICHELIN 245/45/R17 PRIMACY 4 ST 99W,245/45/R17,2,1,0.02%,"₱19,196.43",2
YOKOHAMA,YOKOHAMA 175/70/R14 BLUEARTH ES32 84H,175/70/R14,5,1,0.05%,"₱19,142.86",5
ALLIANCE,ALLIANCE 225/45/R17 030EX 94W,225/45/R17,4,1,0.04%,"₱19,053.57",4
WESTLAKE,WESTLAKE 235/60/R17 SU318,235/60/R17,4,1,0.04%,"₱19,053.57",4
YOKOHAMA,YOKOHAMA 265/50/R20 GEOLANDAR X-CV G057 111W,265/50/R20,1,2,0.02%,"₱19,026.79",2
NEXEN,NEXEN 255/35/R19 NFERA SU1 4PR 96Y,255/35/R19,2,1,0.02%,"₱18,973.21",2
WESTLAKE,WESTLAKE 215/55/R18 SA07,215/55/R18,4,1,0.04%,"₱18,964.29",4
MICHELIN,MICHELIN 175/70/R14 ENERGY XM2+ 88T,175/70/R14,4,1,0.04%,"₱18,937.5",4
FRONWAY,FRONWAY 195/65/R15 ECOGREEN 66 91/H,195/65/R15,4,2,0.09%,"₱18,909.64",8
MICHELIN,MICHELIN 225/65/R17 PRIMACY SUV+ 106H,225/65/R17,2,1,0.02%,"₱18,866.07",2
MICHELIN,MICHELIN 225/55/R18 PRIMACY 4 ST 102V,225/55/R18,2,1,0.02%,"₱18,830.36",2
ARIVO,ARIVO 245/40/R20 ULTRA ARZ5 99W,245/40/R20,4,1,0.04%,"₱18,773.21",4
BRIDGESTONE,BRIDGESTONE 205/50/R17 TURANZA T005    2023,205/50/R17,4,1,0.04%,"₱18,750",4
WESTLAKE,WESTLAKE 215/55/R18 SA37,215/55/R18,4,1,0.04%,"₱18,750",4
LAUFENN,LAUFENN 185/65/R15 G FIT AS 88H,185/65/R15,5,1,0.05%,"₱18,727.82",5
MICHELIN,MICHELIN 215/55/R18 PRIMACY 4 ST 99V,215/55/R18,2,1,0.02%,"₱18,712.5",2
WESTLAKE,WESTLAKE 225/70/R16 SU318,225/70/R16,4,1,0.04%,"₱18,637.86",4
ARIVO,ARIVO 185/70/R14 PREMIO ARZ1 88H,185/70/R14,2,4,0.09%,"₱18,598.21",8
YOKOHAMA,YOKOHAMA 195/70/R15 A.DRIVE AA01 97T,195/70/R15,4,1,0.04%,"₱18,593.75",4
FRONWAY,FRONWAY 185/65/R15 ECOGREEN 66 88/H,185/65/R15,4,2,0.09%,"₱18,565.89",8
DUNLOP,DUNLOP 195/55/R15 SPORT LM705 85V,195/55/R15,4,1,0.04%,"₱18,533.93",4
ALLIANCE,ALLIANCE 205/60/R16 030EX 92H,205/60/R16,4,1,0.04%,"₱18,464.64",4
APOLLO,APOLLO 205/65/R16 APTERRA H/S 95S,205/65/R16,4,1,0.04%,"₱18,430",4
SAILUN,SAILUN 235/70/R15 TERRAMAX A/T 103S,235/70/R15,4,1,0.04%,"₱18,412.68",4
YOKOHAMA,YOKOHAMA 185/85/R16 GEOLANDAR M/T G003 105/103N,185/85/R16,4,1,0.04%,"₱18,379.46",4
SAILUN,SAILUN 175/55/R15 ATREZZO ECO 77T,175/55/R15,4,2,0.09%,"₱18,379.29",8
YOKOHAMA,YOKOHAMA 185/55/R16 BLUEARTH ES32 83V,185/55/R16,1,4,0.04%,"₱18,343.75",4
ALLIANCE,ALLIANCE 225/50/R17 030EX 98W,225/50/R17,4,1,0.04%,"₱18,306.07",4
ARIVO,ARIVO 225/50/R18 ULTRA ARZ5,225/50/R18,6,1,0.07%,"₱18,297.41",6
YOKOHAMA,YOKOHAMA 195/60/R15 BLUEARTH ES32 88H,195/60/R15,5,1,0.05%,"₱18,253.44",5
WESTLAKE,WESTLAKE 205/45Z/R17 SA37,null,2,3,0.07%,"₱18,232.14",6
ATLAS,ATLAS 225/55/R17 PARALLER 4X4 HP 97/W,225/55/R17,4,1,0.04%,"₱18,204.82",4
DUNLOP,DUNLOP 185/65/R15 ENASAVE EC300+ 88S,185/65/R15,4,1,0.04%,"₱18,187.5",4
MICHELIN,MICHELIN 165/80/R13 AGILIS 3 90/88R,165/80/R13,4,1,0.04%,"₱18,098.21",4
ARIVO,ARIVO 225/50/R18 ULTRA ARZ5,225/50/R18,4,1,0.04%,"₱18,050",4
DEESTONE,DEESTONE 175/65/R14 NAKARA R201 82H,175/65/R14,4,2,0.09%,"₱18,012.86",8
FRONWAY,FRONWAY 185/70/R14 ECOGREEN 66 88/H,185/70/R14,2,4,0.09%,"₱17,875",8
FRONWAY,FRONWAY 235/65/R17 ROADPOWER HT 79 104/H,235/65/R17,4,1,0.04%,"₱17,857.14",4
MICHELIN,MICHELIN 265/70/R15 LTX TRAIL 112T,265/70/R15,2,1,0.02%,"₱17,857.14",2
MICHELIN,MICHELIN 235/55/R18 PRIMACY SUV+ 104V,235/55/R18,2,1,0.02%,"₱17,857.14",2
BFGOODRICH,BFGOODRICH 195/55/R15 ADVANTAGE TOURING 85V,195/55/R15,4,1,0.04%,"₱17,853.57",4
ALLIANCE,ALLIANCE 165/65/R14 030EX 79T,165/65/R14,4,2,0.09%,"₱17,825",8
VREDESTEIN,VREDESTEIN 195/60/R16 ULTRAC I,195/60/R16,4,1,0.04%,"₱17,767.86",4
ARIVO,ARIVO 165/65/R13 PREMIO ARZ1,165/65/R13,4,3,0.13%,"₱17,738.75",12
SAILUN,SAILUN 245/45/R18 ATREZZO ZSR 100W,245/45/R18,4,1,0.04%,"₱17,647.86",4
ATLAS,ATLAS 225/65/R17 FORCE HP 102H,225/65/R17,4,1,0.04%,"₱17,595.89",4
WESTLAKE,WESTLAKE 225/50/R18 SA37,225/50/R18,4,1,0.04%,"₱17,546.61",4
ARIVO,ARIVO 235/75/R15 TERRAMAX ARV A/T 109S,235/75/R15,4,1,0.04%,"₱17,529.29",4
MICHELIN,MICHELIN 235/40/ZR18 PILOT SPORT 4S,null,1,1,0.01%,"₱17,459.82",1
ARIVO,ARIVO 215/55/R17 ULTRA ARZ4,215/55/R17,5,1,0.05%,"₱17,448.66",5
BRIDGESTONE,BRIDGESTONE 195/60/R15 ECOPIA EP300 88V,195/60/R15,4,1,0.04%,"₱17,432.29",4
FRONWAY,FRONWAY 175/65/R14 ECOGREEN 66 82/T,175/65/R14,2,5,0.11%,"₱17,419.64",10
BFGOODRICH,BFGOODRICH 31X10.5/R15 ALL-TERRAIN T/A KO2 109S,null,1,1,0.01%,"₱17,388.39",1
CST,CST 225/60/R16 MEDALLION MD-A1 98V,225/60/R16,4,1,0.04%,"₱17,366.07",4
MICHELIN,MICHELIN 215/50/R18 PRIMACY SUV+ 92V,215/50/R18,1,2,0.02%,"₱17,290.18",2
YOKOHAMA,YOKOHAMA 225/60/R17 GEOLANDAR CV G058 99H,225/60/R17,2,1,0.02%,"₱17,285.71",2
MICHELIN,MICHELIN 225/65/R17 PRIMACY SUV+ 106H,225/65/R17,1,2,0.02%,"₱17,232.14",2
SAILUN,SAILUN 235/50/R18 ATREZZO ZSR 101W,235/50/R18,4,1,0.04%,"₱17,232.14",4
APOLLO,APOLLO 195/R14C ALTRUST 8PR 106/104S,195/R14C,4,1,0.04%,"₱17,217.5",4
APOLLO,APOLLO 195/65/R15 ALNAC 4G 91H,195/65/R15,5,1,0.05%,"₱17,214.29",5
DUNLOP,DUNLOP 245/40/R18 DIREZZA DZ102 97W,245/40/R18,2,1,0.02%,"₱17,169.64",2
ARIVO,ARIVO 235/60/R17 TERRANO ARV H/T 102H,235/60/R17,4,1,0.04%,"₱17,148.21",4
ARIVO,ARIVO 215/45/R18 ULTRA ARZ5,215/45/R18,2,2,0.04%,"₱17,142.86",4
MICHELIN,MICHELIN 265/60/R18 PRIMACY SUV+ 110H,265/60/R18,2,1,0.02%,"₱17,142.86",2
WESTLAKE,WESTLAKE 205/45Z/R16 Sport RS,null,4,1,0.04%,"₱17,116.07",4
APOLLO,APOLLO 205/65/R16 ALNAC 4G 94H,205/65/R16,4,1,0.04%,"₱17,000",4
ARIVO,ARIVO 165/65/R14 PREMIO ARZ1 79T,165/65/R14,4,2,0.09%,"₱16,968.39",8
APOLLO,APOLLO 215/60/R16 ALNAC 4G,215/60/R16,4,1,0.04%,"₱16,941.96",4
MICHELIN,MICHELIN 235/45/R17 PILOT SPORT 4 97Y,235/45/R17,2,1,0.02%,"₱16,839.29",2
SAILUN,SAILUN 215/75/R15 TERRAMAX A/T 100S,215/75/R15,4,1,0.04%,"₱16,819.11",4
ARISUN,ARISUN 225/65/R17 ARESTA ZG02 102H,225/65/R17,4,1,0.04%,"₱16,716.11",4
SAILUN,SAILUN 225/70/R15C COMMERCIO PRO 8PR 112110S,225/70/R15,4,1,0.04%,"₱16,677.86",4
ATLAS,ATLAS 225/60/R17 FORCE HP 99H,225/60/R17,4,1,0.04%,"₱16,677.86",4
ARIVO,ARIVO 205/60/R16 PREMIO ARZ1,205/60/R16,2,3,0.07%,"₱16,662.5",6
MICHELIN,MICHELIN 205/65/R16 PRIMACY 4ST 95V,205/65/R16,1,3,0.03%,"₱16,633.93",3
DUNLOP,DUNLOP 205/55/R16 SPORT LM705 91V,205/55/R16,3,1,0.03%,"₱16,625",3
BFGOODRICH,BFGOODRICH 225/60/R18 ADVANTAGE TOURING 104H,225/60/R18,2,1,0.02%,"₱16,607.14",2
BRIDGESTONE,BRIDGESTONE 185/70/R14 ECOPIA EP150 88H,185/70/R14,4,1,0.04%,"₱16,563.39",4
ARIVO,ARIVO 225/55/R18 ULTRA ARZ5 102W,225/55/R18,4,1,0.04%,"₱16,539.29",4
FRONWAY,FRONWAY 215/60/R17C VANPLUS 09 109/107/T,215/60/R17,4,1,0.04%,"₱16,539.29",4
SAILUN,SAILUN 185/60/R15 ATREZZO ELITE 88T,185/60/R15,2,3,0.07%,"₱16,535.71",6
NANKANG,NANKANG 215/60/R15 SP-9 94H,215/60/R15,4,1,0.04%,"₱16,517.86",4
WESTLAKE,WESTLAKE 195/R14C SL366,195/R14C,4,1,0.04%,"₱16,517.86",4
MICHELIN,MICHELIN 205/70/R15 AGILIS 3 106S,205/70/R15,2,1,0.02%,"₱16,419.64",2
ALLIANCE,ALLIANCE 215/65/R16 030EX 99H,215/65/R16,4,1,0.04%,"₱16,386.07",4
ARIVO,ARIVO 235/50/R18 ULTRA ARZ5 97V,235/50/R18,2,2,0.04%,"₱16,375",4
AUSTONE,AUSTONE 205/55/R16 SP801 91H,205/55/R16,4,1,0.04%,"₱16,143.57",4
YOKOHAMA,YOKOHAMA 215/50/R17 BLUEARTH GT AE51 95W,215/50/R17,2,1,0.02%,"₱16,071.43",2
DUNLOP,DUNLOP 185/65/R14 SPORT LM705 86H,185/65/R14,4,1,0.04%,"₱16,071.43",4
ARIVO,ARIVO 185/65/R14 PREMIO ARZ1 86H,185/65/R14,2,4,0.09%,"₱16,008.93",8
GOODYEAR,GOODYEAR 185/70/R13 DURAPLUS 86H,185/70/R13,4,1,0.04%,"₱15,935.71",4
MICHELIN,MICHELIN 215/45/R18 PRIMACY 4 ST 93W,215/45/R18,2,1,0.02%,"₱15,928.57",2
ALLIANCE,ALLIANCE 215/45/R17 030EX 91W,215/45/R17,3,1,0.03%,"₱15,910.71",3
ARIVO,ARIVO 175/R14C TRANSITO ARZ 6-M,175/R14C,2,3,0.07%,"₱15,782.14",6
FRONWAY,FRONWAY 215/70/R16C VANPLUS 09 108/106/R,215/70/R16,4,1,0.04%,"₱15,745.18",4
WESTLAKE,WESTLAKE 205/55/R17 SA37,205/55/R17,2,2,0.04%,"₱15,714.29",4
WESTLAKE,WESTLAKE 225/40Z/R18 SA37,null,2,2,0.04%,"₱15,714.29",4
MICHELIN,MICHELIN 175/65/R14 ENERGY XM+ 82H,175/65/R14,4,1,0.04%,"₱15,705.36",4
WESTLAKE,WESTLAKE 235/40/ZR18 SA37,null,4,1,0.04%,"₱15,658.57",4
YOKOHAMA,YOKOHAMA 195/60/R14 BLUEARTH ES32 86H,195/60/R14,4,1,0.04%,"₱15,629.46",4
WESTLAKE,WESTLAKE 215/65/R16 RP26,215/65/R16,2,2,0.04%,"₱15,625",4
BRIDGESTONE,BRIDGESTONE 245/70/R16 DUELER H/T 689 RBT 111S,245/70/R16,2,1,0.02%,"₱15,625",2
DUNLOP,DUNLOP 175/65/R14 ENASAVE EC300+ 82T,175/65/R14,4,1,0.04%,"₱15,623.93",4
SAILUN,SAILUN 265/50/R20 TERRAMAX A/T 111T,265/50/R20,2,1,0.02%,"₱15,607.14",2
WESTLAKE,WESTLAKE 215/70/R16 SU318,215/70/R16,2,2,0.04%,"₱15,589.29",4
MICHELIN,MICHELIN 215/60/R17 PRIMACY 4 ST 96H,215/60/R17,2,1,0.02%,"₱15,482.14",2
MICHELIN,MICHELIN 215/55/R17 PRIMACY 4 ST 94V,215/55/R17,2,1,0.02%,"₱15,464.29",2
APOLLO,APOLLO 195/R14C ALTRUST GRIP,195/R14C,4,1,0.04%,"₱15,428.57",4
WESTLAKE,WESTLAKE 215/40Z/R18 SA37,null,4,1,0.04%,"₱15,374.82",4
TOYO,TOYO 215/60/R17 PXST3 100V,215/60/R17,2,1,0.02%,"₱15,357.14",2
APOLLO,APOLLO 205/55/R16 ALNAC 4G 92V,205/55/R16,4,1,0.04%,"₱15,348.21",4
APOLLO,APOLLO 205/55/R16 ALNAC 4G 91H,205/55/R16,4,1,0.04%,"₱15,200.89",4
APOLLO,APOLLO 195/60/R15 ALNAC 4G 88H,195/60/R15,4,1,0.04%,"₱15,178.57",4
YOKOHAMA,YOKOHAMA 265/35/R19 ADVAN APEX V601 98Y,265/35/R19,1,1,0.01%,"₱15,178.57",1
BFGOODRICH,BFGOODRICH 175/65/R14 ADVANTAGE TOURING 82H,175/65/R14,4,1,0.04%,"₱15,173.57",4
SAILUN,SAILUN 225/50/R17 ATREZZO ZSR 98W,225/50/R17,4,1,0.04%,"₱15,118.93",4
NANKANG,NANKANG 205/45/R17 NS-2 88V,205/45/R17,2,2,0.04%,"₱15,107.14",4
NANKANG,NANKANG 195/40/R17 AS-1 81H,195/40/R17,4,1,0.04%,"₱15,089.29",4
BRIDGESTONE,BRIDGESTONE 205/55/R17 ECOPIA EP150,205/55/R17,2,1,0.02%,"₱15,035.71",2
WESTLAKE,WESTLAKE 185/70/R14 RP26,185/70/R14,2,3,0.07%,"₱15,017.86",6
DEESTONE,DEESTONE 195/R14C KACHA R101 106/104 P,195/R14C,4,1,0.04%,"₱14,965.71",4
FRONWAY,FRONWAY 225/65/R17 ROADPOWER HT 79 102/H,225/65/R17,4,1,0.04%,"₱14,965.71",4
MICHELIN,MICHELIN 215/55/R18 PRIMACY 4 ST 99V,215/55/R18,1,1,0.01%,"₱14,857.14",1
ARIVO,ARIVO 225/60/R17 PREMIO ARZ1 99H,225/60/R17,2,2,0.04%,"₱14,857.14",4
YOKOHAMA,YOKOHAMA 165/80/R15 G.T. SPECIAL Y350 87H,165/80/R15,4,1,0.04%,"₱14,852.68",4
MICHELIN,MICHELIN 235/55/R19 PILOT SPORT 4 SUV 105Y,235/55/R19,1,1,0.01%,"₱14,821.43",1
WESTLAKE,WESTLAKE 205/50/R17 SA37,205/50/R17,4,1,0.04%,"₱14,809.82",4
ARIVO,ARIVO 235/40/R18 ULTRA ARZ4,235/40/R18,4,1,0.04%,"₱14,723.21",4
YOKOHAMA,YOKOHAMA 175/55/R15 BLUEARTH AE01 77V,175/55/R15,4,1,0.04%,"₱14,544.64",4
BFGOODRICH,BFGOODRICH 195/65/R15 ADVANTAGE TOURING 91H,195/65/R15,4,1,0.04%,"₱14,491.07",4
ARIVO,ARIVO 195/60/R15 PREMIO ARZ1,195/60/R15,2,3,0.07%,"₱14,428.57",6
DUNLOP,DUNLOP 185/65/R15 ENASAVE EC300+ 88H,185/65/R15,4,1,0.04%,"₱14,383.93",4
ARIVO,ARIVO 175/65/R15 PREMIO ARZ1 84H,175/65/R15,2,3,0.07%,"₱14,285.71",6
WESTLAKE,WESTLAKE 215/60/R16 RP36,215/60/R16,4,1,0.04%,"₱14,276.79",4
SAILUN,SAILUN 235/40/R18 ATREZZO ZSR 95W,235/40/R18,4,1,0.04%,"₱14,250",4
PIRELLI,PIRELLI 235/50/R18 P1 CINTURATO SUV 97W,235/50/R18,1,1,0.01%,"₱14,214.29",1
FRONWAY,FRONWAY 225/55/R17 EURUS 08 101/W XL,225/55/R17,4,1,0.04%,"₱14,203.57",4
FRONWAY,FRONWAY 225/60/R17 ROADPOWER HT 79 99/H,225/60/R17,4,1,0.04%,"₱14,186.25",4
APOLLO,APOLLO 195/65/R15 ALNAC 4G 91H,195/65/R15,4,1,0.04%,"₱14,116.07",4
YOKOHAMA,YOKOHAMA 155/80/R15 G.T. SPECIAL Y350 83H,155/80/R15,4,1,0.04%,"₱14,116.07",4
NANKANG,NANKANG 205/45/R16 NS-2 87V,205/45/R16,4,1,0.04%,"₱14,065",4
SAILUN,SAILUN 225/45/R17 ATREZZO ZSR 95W,225/45/R17,4,1,0.04%,"₱14,065",4
ARIVO,ARIVO 225/45/R18 ULTRA ARZ4,225/45/R18,4,1,0.04%,"₱14,027.68",4
WESTLAKE,WESTLAKE 285/60/R18 SU318,285/60/R18,2,1,0.02%,"₱13,964.29",2
WESTLAKE,WESTLAKE 215/70/R15 RP36,215/70/R15,4,1,0.04%,"₱13,961.07",4
BRIDGESTONE,BRIDGESTONE 165/65/R14 ECOPIA EP150 79S,165/65/R14,4,1,0.04%,"₱13,943.75",4
BFGOODRICH,BFGOODRICH 235/75/R15 ALL-TERRAIN T/A KO2 104S,235/75/R15,1,1,0.01%,"₱13,919.64",1
FRONWAY,FRONWAY 195/55/R15 ECOGREEN 66 85V,195/55/R15,2,3,0.07%,"₱13,901.79",6
WESTLAKE,WESTLAKE 195/R15C SC328,195/R15C,4,1,0.04%,"₱13,839.29",4
SAILUN,SAILUN 215/50/R17 ATREZZO ZSR 95W,215/50/R17,4,1,0.04%,"₱13,826.43",4
ARIVO,ARIVO 245/35/R20 ULTRA ARZ5 95W,245/35/R20,1,3,0.03%,"₱13,803.57",3
SAILUN,SAILUN 275/65/R17 TERRAMAX A/T 115S,275/65/R17,2,1,0.02%,"₱13,803.57",2
BFGOODRICH,BFGOODRICH 235/60/R17 ADVANTAGE TOURING 102H,235/60/R17,2,1,0.02%,"₱13,803.57",2
WESTLAKE,WESTLAKE 155/70/R13 RP36,155/70/R13,2,4,0.09%,"₱13,803.57",8
ARIVO,ARIVO 215/50/R17 ULTRA ARZ4,215/50/R17,4,1,0.04%,"₱13,753.21",4
ATLAS,ATLAS 31X10.5/R15LT PARALLER AT 109R,null,2,1,0.02%,"₱13,750",2
MICHELIN,MICHELIN 215/65/R16 PRIMACY SUV+ 102H,215/65/R16,2,1,0.02%,"₱13,714.29",2
FRONWAY,FRONWAY 215/70/R15C VANPLUS 09 109/107/R,215/70/R15,4,1,0.04%,"₱13,683.93",4
DOUBLECOIN,DOUBLECOIN 235/60/R16 DS-66 100H,235/60/R16,4,1,0.04%,"₱13,629.29",4
NANKANG,NANKANG 215/55/R18 SP-9 99V,215/55/R18,2,1,0.02%,"₱13,607.14",2
YOKOHAMA,YOKOHAMA 175/65/R14 BLUEARTH ES32 82T,175/65/R14,2,2,0.04%,"₱13,553.57",4
DUNLOP,DUNLOP 185/70/R14 SPORT LM705 88H,185/70/R14,3,1,0.03%,"₱13,513.39",3
DEESTONE,DEESTONE 205/45/ZR17 CARRERAS R702 88 XL W,null,4,1,0.04%,"₱13,494.64",4
YOKOHAMA,YOKOHAMA 165/60/R14 BLUEARTH ES32 75T,165/60/R14,4,1,0.04%,"₱13,486.61",4
WESTLAKE,WESTLAKE 255/45Z/R20 SA07,null,2,1,0.02%,"₱13,446.43",2
MICHELIN,MICHELIN 225/45/R18 PRIMACY 3 ZP 95Y,225/45/R18,1,1,0.01%,"₱13,392.86",1
DUNLOP,DUNLOP 185/65/R15 ENASAVE EC300+ 88S,185/65/R15,3,1,0.03%,"₱13,392.86",3
WESTLAKE,WESTLAKE 205/45/R16 SA57,205/45/R16,4,1,0.04%,"₱13,337.5",4
SAILUN,SAILUN 265/50/R20 ATREZZO SVR LX 111V,265/50/R20,2,1,0.02%,"₱13,303.57",2
ATLAS,ATLAS 205/45/R17 FORCE UHP 88/W,205/45/R17,4,1,0.04%,"₱13,216.25",4
WESTLAKE,WESTLAKE 195/60/R16 RP36,195/60/R16,2,2,0.04%,"₱13,214.29",4
DUNLOP,DUNLOP 275/55/R20 GRANDTREK AT5 113T,275/55/R20,1,1,0.01%,"₱13,214.29",1
ARIVO,ARIVO 205/55/R16 ULTRA ARZ4 94W,205/55/R16,2,2,0.04%,"₱13,160.71",4
BFGOODRICH,BFGOODRICH 225/50/R17 ADVANTAGE TOURING 98V,225/50/R17,2,1,0.02%,"₱13,151.79",2
WESTLAKE,WESTLAKE 175/65/R15 RP26,175/65/R15,5,1,0.05%,"₱13,125",5
SAILUN,SAILUN 205/45/R17 ATREZZO ZSR 88W,205/45/R17,2,2,0.04%,"₱13,071.43",4
WESTLAKE,WESTLAKE 155/70/R13 RP36,155/70/R13,4,2,0.09%,"₱13,036.43",8
DUNLOP,DUNLOP 215/55/R16 SPORT LM704 93V,215/55/R16,2,1,0.02%,"₱13,035.71",2
WESTLAKE,WESTLAKE 215/45Z/R17 Z-007,null,4,1,0.04%,"₱13,023.04",4
WESTLAKE,WESTLAKE 205/50/R16 SA37,205/50/R16,4,1,0.04%,"₱13,023.04",4
SAILUN,SAILUN 205/55/R16 ATREZZO ELITE 94V,205/55/R16,4,1,0.04%,"₱13,005.71",4
WESTLAKE,WESTLAKE 205/45Z/R16 SA57,null,4,1,0.04%,"₱12,991.07",4
BRIDGESTONE,BRIDGESTONE 205/50/R17 TURANZA T005    2023,205/50/R17,1,2,0.02%,"₱12,964.29",2
APOLLO,APOLLO 185/55/R15 ALNAC 4G 88H,185/55/R15,2,2,0.04%,"₱12,901.79",4
FRONWAY,FRONWAY 215/50/R17 EURUS 08 95/W XL,215/50/R17,4,1,0.04%,"₱12,869.82",4
GOODYEAR,GOODYEAR 165/80/R13 DURAPLUS 83T,165/80/R13,4,1,0.04%,"₱12,867.14",4
WESTLAKE,WESTLAKE 195/55/R16 RP36,195/55/R16,4,1,0.04%,"₱12,845.89",4
WESTLAKE,WESTLAKE 165/65/R14 RP18,165/65/R14,2,3,0.07%,"₱12,750",6
ALLIANCE,ALLIANCE 195/65/R15 030EX 91H,195/65/R15,4,1,0.04%,"₱12,748.57",4
WESTLAKE,WESTLAKE 215/60/R17 SU318,215/60/R17,3,1,0.03%,"₱12,674.11",3
CST,CST 175/65/R14 MARQUIS MR-C5 82H,175/65/R14,5,1,0.05%,"₱12,671.87",5
WESTLAKE,WESTLAKE 235/55/R19 Z-007,235/55/R19,2,1,0.02%,"₱12,651.79",2
ARIVO,ARIVO 205/65/R16 PREMIO ARZ1,205/65/R16,2,2,0.04%,"₱12,598.21",4
ARIVO,ARIVO 235/50/R18 ULTRA ARZ5 97V,235/50/R18,1,3,0.03%,"₱12,517.86",3
ALLIANCE,ALLIANCE 215/55/R16 030EX 97V,215/55/R16,3,1,0.03%,"₱12,513.39",3
BRIDGESTONE,BRIDGESTONE 205/50/R17 TURANZA T005    2023,205/50/R17,2,1,0.02%,"₱12,500",2
SAILUN,SAILUN 215/40/R17 ATREZZO ZSR 87W,215/40/R17,4,1,0.04%,"₱12,500",4
GOODYEAR,GOODYEAR 205/65/R16 DURAPLUS 2 95H,205/65/R16,2,1,0.02%,"₱12,498.21",2
WESTLAKE,WESTLAKE 255/50/R20 SUPERIDE 1,255/50/R20,2,1,0.02%,"₱12,482.14",2
FRONWAY,FRONWAY 215/65/R16 ECOGREEN 66 98/H,215/65/R16,4,1,0.04%,"₱12,471.43",4
ALLIANCE,ALLIANCE 225/55/R17 030EX 101W,225/55/R17,2,1,0.02%,"₱12,428.57",2
BRIDGESTONE,BRIDGESTONE 185/65/R15 ECOPIA EP300 88H,185/65/R15,3,1,0.03%,"₱12,334.82",3
SAILUN,SAILUN 205/45/R17 ATREZZO ZSR 88W,205/45/R17,4,1,0.04%,"₱12,332.86",4
ARIVO,ARIVO 195/R14C TRANSITO ARZ 6-C 106/104R,195/R14C,4,1,0.04%,"₱12,330.18",4
ARIVO,ARIVO 215/60/R17 PREMIO ARZ1,215/60/R17,4,1,0.04%,"₱12,321.43",4
WESTLAKE,WESTLAKE 195/50/R16 RP26,195/50/R16,2,2,0.04%,"₱12,285.71",4
BRIDGESTONE,BRIDGESTONE 195/60/R16 ECOPIA EP150 89H,195/60/R16,2,1,0.02%,"₱12,250",2
ARIVO,ARIVO 215/45/R17 ULTRA ARZ4 91W,215/45/R17,4,1,0.04%,"₱12,191.61",4
DUNLOP,DUNLOP 215/45/R18 SPORT MAXX TT 89W,215/45/R18,1,1,0.01%,"₱12,142.86",1
ARIVO,ARIVO 265/65/R17 TERRAMAX ARV PRO A/T,265/65/R17,1,2,0.02%,"₱12,098.21",2
FRONWAY,FRONWAY 175/65/R14 ECOGREEN 55 82/T,175/65/R14,4,2,0.09%,"₱12,088.93",8
FRONWAY,FRONWAY 225/45/R17 EURUS 08 94/W XL,225/45/R17,4,1,0.04%,"₱12,072.32",4
WESTLAKE,WESTLAKE 205/45Z/R17 SA37,null,4,1,0.04%,"₱12,035.71",4
SAILUN,SAILUN 205/45/R16 ATREZZO ZSR 87W,205/45/R16,4,1,0.04%,"₱12,028.93",4
MICHELIN,MICHELIN 255/45/R20 PILOT SPORT EV,255/45/R20,1,1,0.01%,"₱12,008.93",1
LAUFENN,LAUFENN 195/50/R16 S FIT EQ 84V,195/50/R16,4,1,0.04%,"₱12,003.75",4
ALLIANCE,ALLIANCE 195/55/R15 030EX 85H,195/55/R15,4,1,0.04%,"₱11,986.43",4
APOLLO,APOLLO 175/70/R14 ALNAC 84H,175/70/R14,4,1,0.04%,"₱11,986.43",4
DUNLOP,DUNLOP 215/60/R16 SPORT LM705 95H,215/60/R16,2,1,0.02%,"₱11,982.14",2
ARIVO,ARIVO 165/65/R14 PREMIO ARZ1 79T,165/65/R14,2,3,0.07%,"₱11,960.71",6
BFGOODRICH,BFGOODRICH 225/45/R18 ADVANTAGE TOURING 95V,225/45/R18,2,1,0.02%,"₱11,957.91",2
LAUFENN,LAUFENN 225/60/R18 S FIT AS 100V,225/60/R18,2,1,0.02%,"₱11,928.57",2
WESTLAKE,WESTLAKE 205/65/R15 RP36,205/65/R15,4,1,0.04%,"₱11,917.14",4
PRINX,PRINX 225/65/R17 HH2 102H,225/65/R17,2,1,0.02%,"₱11,821.43",2
FRONWAY,FRONWAY 215/45/R17 EURUS 08 91/W XL,215/45/R17,2,2,0.04%,"₱11,821.43",4
FRONWAY,FRONWAY 205/55/R16 ECOGREEN 66,205/55/R16,2,2,0.04%,"₱11,675.68",4
BFGOODRICH,BFGOODRICH 215/55/R17 ADVANTAGE TOURING 94V,215/55/R17,2,1,0.02%,"₱11,607.14",2
NANKANG,NANKANG 195/60/R14 SP-9 86H,195/60/R14,4,1,0.04%,"₱11,570.71",4
ARIVO,ARIVO 185/55/R15 PREMIO ARZ1,185/55/R15,5,1,0.05%,"₱11,541.07",5
SAILUN,SAILUN 175/65/R15 ATREZZO ECO 84H,175/65/R15,4,1,0.04%,"₱11,535",4
ARIVO,ARIVO 205/50/R16 ULTRA ARZ4 91W,205/50/R16,4,1,0.04%,"₱11,518.75",4
ARIVO,ARIVO 185/55/R16 PREMIO ARZ1 83V,185/55/R16,2,2,0.04%,"₱11,491.07",4
WESTLAKE,WESTLAKE 225/55/R19 SU318,225/55/R19,2,1,0.02%,"₱11,392.86",2
ARIVO,ARIVO 195/55/R16 PREMIO ARZ1,195/55/R16,4,1,0.04%,"₱11,380.18",4
ARIVO,ARIVO 205/70/R15 PREMIO ARZ1 96H,205/70/R15,4,1,0.04%,"₱11,377.5",4
ARIVO,ARIVO 205/45/R16 ULTRA ARZ4 87W,205/45/R16,2,2,0.04%,"₱11,375",4
ARIVO,ARIVO 255/45/R20 ULTRA ARZ5 105W,255/45/R20,2,1,0.02%,"₱11,366.07",2
BRIDGESTONE,BRIDGESTONE 185/55/R16 TURANZA ER370 83H,185/55/R16,2,1,0.02%,"₱11,330.36",2
DEESTONE,DEESTONE 195/50/R15 CARRERAS R702 85 V,195/50/R15,4,1,0.04%,"₱11,328.57",4
LAUFENN,LAUFENN 225/70/R16 X FIT HT 103H,225/70/R16,2,1,0.02%,"₱11,303.57",2
ARIVO,ARIVO 205/40/R17 ULTRA ARZ4 84W,205/40/R17,4,1,0.04%,"₱11,290.89",4
APOLLO,APOLLO 185/70/R14 AMAZER 3G MAXX 88T,185/70/R14,4,1,0.04%,"₱11,254.46",4
BRIDGESTONE,BRIDGESTONE 205/60/R16 ECOPIA EP300 92V,205/60/R16,2,1,0.02%,"₱11,176.79",2
APOLLO,APOLLO 185/70/R13 ALNAC 86H,185/70/R13,4,1,0.04%,"₱11,155",4
ARIVO,ARIVO 195/50/R16 ULTRA ARZ5 84V,195/50/R16,2,2,0.04%,"₱11,133.93",4
ARIVO,ARIVO 175/70/R14 PREMIO ARZ1 84T,175/70/R14,5,1,0.05%,"₱11,107.37",5
APOLLO,APOLLO 185/55/R15 ALNAC 4G 88H,185/55/R15,4,1,0.04%,"₱11,089.29",4
SAILUN,SAILUN 175/65/R14 ATREZZO ECO 86T,175/65/R14,5,1,0.05%,"₱11,085.71",5
ATLAS,ATLAS 195/55/R15 GREEN 85/V,195/55/R15,4,1,0.04%,"₱10,981.79",4
ARIVO,ARIVO 235/45/R19 ULTRA ARZ4 99W,235/45/R19,1,2,0.02%,"₱10,973.21",2
DUNLOP,DUNLOP 255/65/R17 GRANDTREK AT25 110H,255/65/R17,1,1,0.01%,"₱10,933.04",1
WESTLAKE,WESTLAKE 195/60/R15 RP36,195/60/R15,2,2,0.04%,"₱10,919.64",4
WESTLAKE,WESTLAKE 235/65/R17 SL369 A/T,235/65/R17,2,1,0.02%,"₱10,910.71",2
CST,CST 155/80/R13 MARQUIS MR61 79T,155/80/R13,5,1,0.05%,"₱10,847.54",5
WESTLAKE,WESTLAKE 195/70/R14 RP26,195/70/R14,4,1,0.04%,"₱10,843.21",4
APOLLO,APOLLO 185/65/R14 ALNAC 4G 86H,185/65/R14,4,1,0.04%,"₱10,794.64",4
WESTLAKE,WESTLAKE 195/60/R14 RP36,195/60/R14,4,1,0.04%,"₱10,715.36",4
DEESTONE,DEESTONE 185/60/R15  PREMIUM TOURER RA01 84H,185/60/R15,4,1,0.04%,"₱10,714.29",4
WESTLAKE,WESTLAKE 195/60/R15 RP36,195/60/R15,4,1,0.04%,"₱10,701.96",4
DUNLOP,DUNLOP 205/55/R16 SPORT LM705 91V,205/55/R16,2,1,0.02%,"₱10,696.43",2
ARIVO,ARIVO 185/R14C TRANSITO ARZ 6-C,185/R14C,2,2,0.04%,"₱10,682.41",4
ARIVO,ARIVO 265/60/R18 TERRANO ARV H/T,265/60/R18,2,1,0.02%,"₱10,660.71",2
NANKANG,NANKANG 225/55/R16 NS-2 95V,225/55/R16,2,1,0.02%,"₱10,642.86",2
DUNLOP,DUNLOP 185/55/R16 SPORT LM705 83V,185/55/R16,1,2,0.02%,"₱10,535.71",2
MICHELIN,MICHELIN 195/80/R14C AGILIS 3 106/104R DOT 2021,195/80/R14,2,1,0.02%,"₱10,535.71",2
ARIVO,ARIVO 235/45/R19 ULTRA ARZ4 99W,235/45/R19,2,1,0.02%,"₱10,526.79",2
WESTLAKE,WESTLAKE 225/55/R18 SU318,225/55/R18,2,1,0.02%,"₱10,500",2
DEESTONE,DEESTONE 175/70/R14 NAKARA R201 84H,175/70/R14,4,1,0.04%,"₱10,462.14",4
ATLAS,ATLAS 185/60/R15 FORCE HP 84/H,185/60/R15,4,1,0.04%,"₱10,442.14",4
APOLLO,APOLLO 175/65/R14 AMAZER XP 82T,175/65/R14,4,1,0.04%,"₱10,437.5",4
AUSTONE,AUSTONE 155/70/R13 SP801 75T,155/70/R13,4,1,0.04%,"₱10,427.5",4
ATLAS,ATLAS 185/55/R16 AS380NB 83/V,185/55/R16,4,1,0.04%,"₱10,421.96",4
MICHELIN,MICHELIN 225/60/R17 PRIMACY 4 ST 103V,225/60/R17,1,1,0.01%,"₱10,410.71",1
YOKOHAMA,YOKOHAMA 195/60/R16 BLUEARTH ES32 89H,195/60/R16,2,1,0.02%,"₱10,384.39",2
ARIVO,ARIVO 195/65/R15 PREMIO ARZ1 91V,195/65/R15,2,2,0.04%,"₱10,383.93",4
DUNLOP,DUNLOP 205/65/R16 SPORT LM704 95H,205/65/R16,2,1,0.02%,"₱10,357.14",2
ARIVO,ARIVO 185/R14C TRANSITO ARZ 6-C 102/100R,185/R14C,4,1,0.04%,"₱10,323.57",4
NANKANG,NANKANG 225/45/R17 NS-2 94V,225/45/R17,2,1,0.02%,"₱10,321.43",2
DEESTONE,DEESTONE 235/65/R17 PAYAK R601 108 XLH,235/65/R17,2,1,0.02%,"₱10,303.57",2
BFGOODRICH,BFGOODRICH 205/60/R16 ADVANTAGE TOURING 92H,205/60/R16,2,1,0.02%,"₱10,289.73",2
WESTLAKE,WESTLAKE 185/65/R15 RP36,185/65/R15,2,2,0.04%,"₱10,285.71",4
YOKOHAMA,YOKOHAMA 185/70/R14 BLUEARTH ES32 88H,185/70/R14,2,1,0.02%,"₱10,276.79",2
BRIDGESTONE,BRIDGESTONE 185/R14C DURAVIS R624 102/100R,185/R14C,2,1,0.02%,"₱10,267.86",2
DUNLOP,DUNLOP 205/60/R16 SPORT LM705 92H,205/60/R16,2,1,0.02%,"₱10,267.86",2
YOKOHAMA,YOKOHAMA 235/65/R16C BLUEARTH VAN RY55 121/119R,235/65/R16,1,1,0.01%,"₱10,258.93",1
WESTLAKE,WESTLAKE 235/50/R18 SA37,235/50/R18,2,1,0.02%,"₱10,250",2
WESTLAKE,WESTLAKE 235/65/R17 SU318,235/65/R17,2,1,0.02%,"₱10,178.57",2
WESTLAKE,WESTLAKE 215/55/R18 SA07,215/55/R18,2,1,0.02%,"₱10,178.57",2
WESTLAKE,WESTLAKE 215/55/R18 SA37,215/55/R18,2,1,0.02%,"₱10,178.57",2
MAXXIS,MAXXIS 185/65/R14 MECOTRA M3 86H TL,185/65/R14,4,1,0.04%,"₱10,164.21",4
DUNLOP,DUNLOP 185/55/R15 SPORT LM705 82V,185/55/R15,2,1,0.02%,"₱10,160.71",2
OTANI,OTANI 245/65/R17 SA1000 111H XL,245/65/R17,14,1,0.15%,"₱10,151.79",14
FRONWAY,FRONWAY 235/60/R16 ECOGREEN 66 100/H,235/60/R16,3,1,0.03%,"₱10,098.21",3
WESTLAKE,WESTLAKE 195/50/R15 SA57,195/50/R15,4,1,0.04%,"₱10,095.71",4
DUNLOP,DUNLOP 205/65/R15 SPORT LM705 94H,205/65/R15,2,1,0.02%,"₱10,071.43",2
ARIVO,ARIVO 265/60/R18 TERRAMAX ARV PRO A/T,265/60/R18,2,1,0.02%,"₱10,071.43",2
ATLAS,ATLAS 185/70/R14 CROSSWIND ECO 88/T,185/70/R14,4,1,0.04%,"₱10,046.43",4
FRONWAY,FRONWAY 205/45/R16 EURUS 08 87/W XL,205/45/R16,4,1,0.04%,"₱10,043.75",4
WESTLAKE,WESTLAKE 225/45Z/R19 SA07,null,2,1,0.02%,"₱10,035.71",2
SAILUN,SAILUN 185/70/R14 ATREZZO ECO 88T,185/70/R14,4,1,0.04%,"₱10,011.79",4
NANKANG,NANKANG 175/65/R14 RX-615 82H,175/65/R14,4,1,0.04%,"₱9,977.14",4
MICHELIN,MICHELIN 265/50/R20 PRIMACY SUV+ 111V,265/50/R20,1,1,0.01%,"₱9,955.36",1
SAILUN,SAILUN 235/40/R18 ATREZZO R01 95W,235/40/R18,2,1,0.02%,"₱9,946.43",2
SAILUN,SAILUN 185/55/R15 ATREZZO ELITE 82H,185/55/R15,4,1,0.04%,"₱9,922.5",4
DUNLOP,DUNLOP 185/60/R15 SPORT LM705 84H,185/60/R15,2,1,0.02%,"₱9,910.71",2
ALLIANCE,ALLIANCE 225/45/R17 030EX 94W,225/45/R17,2,1,0.02%,"₱9,821.43",2
ARIVO,ARIVO 205/50/R16 ULTRA ARZ5 91W,205/50/R16,4,1,0.04%,"₱9,821.43",4
MICHELIN,MICHELIN 235/50/R18 PRIMACY 4 ST 97W,235/50/R18,1,1,0.01%,"₱9,812.5",1
LAUFENN,LAUFENN 185/65/R14 G FIT AS 86H,185/65/R14,4,1,0.04%,"₱9,743.3",4
DUNLOP,DUNLOP 185/65/R15 SPORT LM705 88H,185/65/R15,2,1,0.02%,"₱9,732.14",2
WESTLAKE,WESTLAKE 185/70/R14 RP26,185/70/R14,4,1,0.04%,"₱9,680",4
ARIVO,ARIVO 205/65/R16 PREMIO ARZ1,205/65/R16,3,1,0.03%,"₱9,629.46",3
WESTLAKE,WESTLAKE 215/65/R17 SU318,215/65/R17,2,1,0.02%,"₱9,625",2
FRONWAY,FRONWAY 245/70/R16 ROCKBLADE AT 107/T,245/70/R16,2,1,0.02%,"₱9,607.14",2
ARIVO,ARIVO 175/70/R14 PREMIO ARZ1 84T,175/70/R14,2,2,0.04%,"₱9,607.14",4
MICHELIN,MICHELIN 235/40/ZR18 PILOT SPORT 5 95Y XL TL,null,1,1,0.01%,"₱9,570.54",1
ALLIANCE,ALLIANCE 155/65/R14 030EX 75T,155/65/R14,2,2,0.04%,"₱9,562.5",4
ARISUN,ARISUN 195/65/R15 AGGRESSOR ZP01 91H,195/65/R15,4,1,0.04%,"₱9,561.75",4
WESTLAKE,WESTLAKE 185/60/R14 RP36,185/60/R14,4,1,0.04%,"₱9,526.79",4
WESTLAKE,WESTLAKE 185/65/R14 RP36,185/65/R14,4,1,0.04%,"₱9,526.79",4
WESTLAKE,WESTLAKE 185/65/R14 RP26,185/65/R14,4,1,0.04%,"₱9,526.79",4
WESTLAKE,WESTLAKE 185/60/R15 RP36,185/60/R15,3,1,0.03%,"₱9,446.43",3
BRIDGESTONE,BRIDGESTONE 175/65/R14 ECOPIA EP150 82H,175/65/R14,1,2,0.02%,"₱9,405.36",2
MICHELIN,MICHELIN 235/55/R17 PRIMACY 4 ST 103W XT TL,235/55/R17,13,1,0.14%,"₱9,401.79",13
YOKOHAMA,YOKOHAMA 205/70/R15 GEOLANDAR G046 96T,205/70/R15,2,1,0.02%,"₱9,375",2
ARIVO,ARIVO 205/55/R16 ULTRA ARZ4 94W,205/55/R16,3,1,0.03%,"₱9,328.57",3
ARIVO,ARIVO 245/40/R20 ULTRA ARZ5 99W,245/40/R20,2,1,0.02%,"₱9,321.43",2
YOKOHAMA,YOKOHAMA 205/65/R15 ASPEC A300 94S,205/65/R15,2,1,0.02%,"₱9,289.29",2
MICHELIN,MICHELIN 235/45/ZR18 PILOT SPORT 5,null,1,1,0.01%,"₱9,258.93",1
ARIVO,ARIVO 215/60/R17 PREMIO ARZ1,215/60/R17,3,1,0.03%,"₱9,241.07",3
WESTLAKE,WESTLAKE 175/55/R15 RP26,175/55/R15,2,2,0.04%,"₱9,196.43",4
MICHELIN,MICHELIN 205/65/R15 ENERGY XM2+ 99V,205/65/R15,2,1,0.02%,"₱9,178.57",2
ARIVO,ARIVO 265/70/R15 TERRANO ARV H/T,265/70/R15,2,1,0.02%,"₱9,153.57",2
ARIVO,ARIVO 195/50/R15 PREMIO ARZ1 82V,195/50/R15,4,1,0.04%,"₱9,108.39",4
GOODYEAR,GOODYEAR 185/60/R15 ASSURANCE MAXGUARD 84H,185/60/R15,2,1,0.02%,"₱9,098.21",2
BRIDGESTONE,BRIDGESTONE 185/65/R15 ECOPIA EP300 88H,185/65/R15,2,1,0.02%,"₱9,085.71",2
APOLLO,APOLLO 165/65/R13 AMAZER XP 77H,165/65/R13,4,1,0.04%,"₱9,080.36",4
ARIVO,ARIVO 245/35/R20 ULTRA ARZ5 95W,245/35/R20,2,1,0.02%,"₱8,964.29",2
BRIDGESTONE,BRIDGESTONE 185/60/R15 ECOPIA EP300 84V,185/60/R15,2,1,0.02%,"₱8,939.29",2
WESTLAKE,WESTLAKE 205/65/R16 SC328,205/65/R16,2,1,0.02%,"₱8,928.57",2
DUNLOP,DUNLOP 185/70/R14 ENASAVE EC300+ 88S,185/70/R14,2,1,0.02%,"₱8,910.71",2
SAILUN,SAILUN 175/65/R14 ATREZZO ECO 86T,175/65/R14,4,1,0.04%,"₱8,868.57",4
BFGOODRICH,BFGOODRICH 195/50/R16 ADVANTAGE TOURING 88V,195/50/R16,2,1,0.02%,"₱8,821.43",2
MAXXIS,MAXXIS 185/80/R14 VANSMART MCV5 102/100R,185/80/R14,2,1,0.02%,"₱8,776.79",2
ALLIANCE,ALLIANCE 155/65/R14 030EX 75T,155/65/R14,4,1,0.04%,"₱8,764.64",4
SAILUN,SAILUN 215/70/R16 TERRAMAX CVR 100H,215/70/R16,2,1,0.02%,"₱8,750",2
WESTLAKE,WESTLAKE 235/45Z/R18 SA37,null,2,1,0.02%,"₱8,723.21",2
DEESTONE,DEESTONE 155/70/R13 NAKARA R202 75T,155/70/R13,4,1,0.04%,"₱8,642.86",4
FRONWAY,FRONWAY 175/65/R15 ECOGREEN 66 84/H,175/65/R15,4,1,0.04%,"₱8,640.71",4
TOYO,TOYO 225/55/R18 PXST3 102V,225/55/R18,1,1,0.01%,"₱8,584.82",1
ALLIANCE,ALLIANCE 215/60/R16 030EX 99H,215/60/R16,2,1,0.02%,"₱8,553.57",2
ATLAS,ATLAS 175/65/R14 FORCE HP 82/H,175/65/R14,4,1,0.04%,"₱8,536.79",4
DUNLOP,DUNLOP 185/70/R14 SPORT LM705 88H,185/70/R14,2,1,0.02%,"₱8,517.86",2
ARIVO,ARIVO 185/70/R13 PREMIO ARZ1,185/70/R13,4,1,0.04%,"₱8,487.5",4
ARIVO,ARIVO 225/55/R18 ULTRA ARZ5 102W,225/55/R18,2,1,0.02%,"₱8,482.14",2
WESTLAKE,WESTLAKE 165/70/R14 RP36,165/70/R14,4,1,0.04%,"₱8,452.86",4
FRONWAY,FRONWAY 185/55/R15 ECOGREEN 66 82V,185/55/R15,4,1,0.04%,"₱8,398.21",4
WESTLAKE,WESTLAKE 155/70/R13 RP36,155/70/R13,5,1,0.05%,"₱8,376.56",5
YOKOHAMA,YOKOHAMA 215/45/R18 BLUEARTH GT AE51 93W,215/45/R18,1,1,0.01%,"₱8,258.93",1
YOKOHAMA,YOKOHAMA 225/65/R17 GEOLANDAR G91AV 101H,225/65/R17,1,1,0.01%,"₱8,234.82",1
ARIVO,ARIVO 235/60/R17 TERRANO ARV H/T 102H,235/60/R17,2,1,0.02%,"₱8,214.29",2
BFGOODRICH,BFGOODRICH 185/70/R14 ADVANTAGE TOURING 88H,185/70/R14,2,1,0.02%,"₱8,214.29",2
YOKOHAMA,YOKOHAMA 185/65/R15 BLUEARTH ES32 88H,185/65/R15,1,2,0.02%,"₱8,196.43",2
FRONWAY,FRONWAY 175/70/R14 ECOGREEN 66 84/T,175/70/R14,2,2,0.04%,"₱8,178.57",4
WESTLAKE,WESTLAKE 165/80/R13 RP26,165/80/R13,4,1,0.04%,"₱8,155.71",4
FRONWAY,FRONWAY 175/50/R15 ECOGREEN 66 75/H,175/50/R15,4,1,0.04%,"₱8,119.82",4
MICHELIN,MICHELIN 215/50/R17 PRIMACY 4 ST 95W,215/50/R17,1,1,0.01%,"₱8,035.71",1
WESTLAKE,WESTLAKE 165/65/R14 RP18,165/65/R14,4,1,0.04%,"₱8,035.71",4
SAILUN,SAILUN 165/65/R14 ATREZZO ECO 79T,165/65/R14,4,1,0.04%,"₱8,017.14",4
DUNLOP,DUNLOP 175/65/R14 ENASAVE EC300 82T,175/65/R14,2,1,0.02%,"₱7,964.29",2
LAUFENN,LAUFENN 165/65/R14 G FIT EQ 79T,165/65/R14,4,1,0.04%,"₱7,928.57",4
APOLLO,APOLLO 205/65/R15 ALNAC 4G 94H,205/65/R15,2,1,0.02%,"₱7,892.86",2
WESTLAKE,WESTLAKE 235/60/R16 RP36,235/60/R16,2,1,0.02%,"₱7,875",2
YOKOHAMA,YOKOHAMA 185/55/R15 BLUEARTH ES32 82H,185/55/R15,2,1,0.02%,"₱7,822.77",2
BRIDGESTONE,BRIDGESTONE 185/70/R14 ECOPIA EP150 88H,185/70/R14,2,1,0.02%,"₱7,812.5",2
SAILUN,SAILUN 165/80/R13 ATREZZO ECO 83T,165/80/R13,4,1,0.04%,"₱7,809.29",4
MICHELIN,MICHELIN 215/55/R17 PRIMACY 4 ST 94V,215/55/R17,1,1,0.01%,"₱7,732.14",1
YOKOHAMA,YOKOHAMA 205/65/R15 BLUEARTH ES32 94H,205/65/R15,2,1,0.02%,"₱7,719.64",2
ARIVO,ARIVO 175/50/R15 PREMIO ARZ1 75H,175/50/R15,4,1,0.04%,"₱7,705.36",4
WESTLAKE,WESTLAKE 205/55/R17 SA37,205/55/R17,1,2,0.02%,"₱7,683.04",2
YOKOHAMA,YOKOHAMA 185/60/R15 BLUEARTH ES32 84H,185/60/R15,2,1,0.02%,"₱7,660.71",2
ARIVO,ARIVO 215/70/R16 TERRANO ARV H/T 100,215/70/R16,2,1,0.02%,"₱7,660.71",2
DUNLOP,DUNLOP 205/55/R17 ENASAVE EC300+ 91V,205/55/R17,1,1,0.01%,"₱7,633.93",1
YOKOHAMA,YOKOHAMA 185/60/R15 ASPEC DB E70B 84H,185/60/R15,2,1,0.02%,"₱7,591.07",2
DUNLOP,DUNLOP 215/60/R17 ENASAVE EC300+ 96H,215/60/R17,1,1,0.01%,"₱7,553.57",1
YOKOHAMA,YOKOHAMA 165/65/R13 BLUEARTH AE01 77T,165/65/R13,2,1,0.02%,"₱7,553.57",2
MICHELIN,MICHELIN 165/65/R14 ENERGY XM2+ 79H,165/65/R14,2,1,0.02%,"₱7,531.25",2
ARIVO,ARIVO 165/60/R14 PREMIO ARZ1 75H,165/60/R14,4,1,0.04%,"₱7,466.07",4
ARIVO,ARIVO 185/60/R15 PREMIO ARZ1 88H,185/60/R15,1,3,0.03%,"₱7,464.29",3
APOLLO,APOLLO 185/55/R16 ALNAC 4G 83H,185/55/R16,2,1,0.02%,"₱7,464.29",2
LAUFENN,LAUFENN 205/65/R16 G FIT AS 95H,205/65/R16,2,1,0.02%,"₱7,437.5",2
PRINX,PRINX 225/55/R18 HH2 98V,225/55/R18,1,1,0.01%,"₱7,357.14",1
SAILUN,SAILUN 205/65/R15C COMMERCIO PRO 102/100T,205/65/R15,2,1,0.02%,"₱7,357.14",2
ARIVO,ARIVO 225/45/R18 ULTRA ARZ4,225/45/R18,2,1,0.02%,"₱7,357.14",2
DUNLOP,DUNLOP 155/65/R13 SPORT LM704 73H,155/65/R13,2,1,0.02%,"₱7,303.57",2
ATLAS,ATLAS 215/50/R17 FORCE UHP 95/W,215/50/R17,2,1,0.02%,"₱7,267.86",2
WESTLAKE,WESTLAKE 215/60/R16 RP36,215/60/R16,2,1,0.02%,"₱7,142.86",2
YOKOHAMA,YOKOHAMA 225/50/R18 ADVAN FLEVA V701 99W,225/50/R18,1,1,0.01%,"₱7,120.54",1
YOKOHAMA,YOKOHAMA 205/45/R17 ADVAN FLEVA V701 88W,205/45/R17,1,1,0.01%,"₱7,116.07",1
MAXXIS,MAXXIS 185/65/R15 MAP5 88H,185/65/R15,2,1,0.02%,"₱7,053.57",2
FRONWAY,FRONWAY 215/50/R17 EURUS 08 95/W XL,215/50/R17,2,1,0.02%,"₱6,991.07",2
NANKANG,NANKANG 215/55/R18 SP-9 99V,215/55/R18,1,1,0.01%,"₱6,982.14",1
ARIVO,ARIVO 215/50/R17 ULTRA ARZ4,215/50/R17,2,1,0.02%,"₱6,732.14",2
ARIVO,ARIVO 165/65/14 PREMIO ARZ1,null,4,1,0.04%,"₱6,635.71",4
NANKANG,NANKANG 195/65/R15 SP-9 91H,195/65/R15,2,1,0.02%,"₱6,589.29",2
SAILUN,SAILUN 215/45/R17 ATREZZO ZSR 91W,215/45/R17,2,1,0.02%,"₱6,571.43",2
MICHELIN,MICHELIN 205/60/R16 PRIMACY 4 ST 92V,205/60/R16,1,1,0.01%,"₱6,562.5",1
WESTLAKE,WESTLAKE 205/55/R16 SA37,205/55/R16,2,1,0.02%,"₱6,562.5",2
FRONWAY,FRONWAY 165/65/R13 ECOGREEN 66 77/T,165/65/R13,4,1,0.04%,"₱6,460.89",4
ALLIANCE,ALLIANCE 185/65/R15 030EX 88H,185/65/R15,2,1,0.02%,"₱6,428.57",2
VREDESTEIN,VREDESTEIN 215/60/R17 ULTRAC I,215/60/R17,1,1,0.01%,"₱6,383.93",1
WESTLAKE,WESTLAKE 195/55/R16 RP36,195/55/R16,2,1,0.02%,"₱6,348.21",2
WESTLAKE,WESTLAKE 265/70/R16 SU318,265/70/R16,1,1,0.01%,"₱6,325.89",1
WESTLAKE,WESTLAKE 215/40Z/R17 SA37,null,2,1,0.02%,"₱6,321.43",2
APOLLO,APOLLO 185/60/R15 ALNAC 4G 84H,185/60/R15,2,1,0.02%,"₱6,303.57",2
ARIVO,ARIVO 215/65/R15 PREMIO ARZ1,215/65/R15,2,1,0.02%,"₱6,276.79",2
ALLIANCE,ALLIANCE 195/60/R15 030EX 88H,195/60/R15,2,1,0.02%,"₱6,196.43",2
ARIVO,ARIVO 205/50/R17 ULTRA ARZ5,205/50/R17,2,1,0.02%,"₱6,178.57",2
WESTLAKE,WESTLAKE 185/R14C H188,185/R14C,2,1,0.02%,"₱6,107.14",2
ARIVO,ARIVO 205/70/R15 PREMIO ARZ1 96H,205/70/R15,1,2,0.02%,"₱6,031.25",2
FRONWAY,FRONWAY 205/60/R16 ECOGREEN 66 92/V,205/60/R16,2,1,0.02%,"₱5,928.57",2
WESTLAKE,WESTLAKE 155/R12C H550,155/R12C,4,1,0.04%,"₱5,923.93",4
WESTLAKE,WESTLAKE 205/65/R15 RP36,205/65/R15,2,1,0.02%,"₱5,910.71",2
ARIVO,ARIVO 265/60/R18 TERRAMAX ARV PRO A/T,265/60/R18,1,1,0.01%,"₱5,892.86",1
BRIDGESTONE,BRIDGESTONE 185/55/R15 POTENZA RE030 82V,185/55/R15,1,1,0.01%,"₱5,883.93",1
SAILUN,SAILUN 195/65/R15 ATREZZO ELITE 91V,195/65/R15,2,1,0.02%,"₱5,875",2
FRONWAY,FRONWAY 205/70/R15 ECOGREEN 66 96/H,205/70/R15,2,1,0.02%,"₱5,839.29",2
AUSTONE,AUSTONE 175/70/R14 SP802 84H,175/70/R14,2,1,0.02%,"₱5,821.43",2
FRONWAY,FRONWAY 185/55/R16 ECOGREEN 66 83/V,185/55/R16,2,1,0.02%,"₱5,812.5",2
WESTLAKE,WESTLAKE 195/55/R15 RP36,195/55/R15,2,1,0.02%,"₱5,785.71",2
ARIVO,ARIVO 195/55/R16 PREMIO ARZ1,195/55/R16,2,1,0.02%,"₱5,776.79",2
WESTLAKE,WESTLAKE 195/65/R15 RP36,195/65/R15,2,1,0.02%,"₱5,776.79",2
WESTLAKE,WESTLAKE 195/55/R15 SA57,195/55/R15,2,1,0.02%,"₱5,678.57",2
BRIDGESTONE,BRIDGESTONE 215/55/R17 TURANZA ER33 94V,215/55/R17,1,1,0.01%,"₱5,545.54",1
APOLLO,APOLLO 175/65/R14 AMAZER 3G MAXX 82T,175/65/R14,2,1,0.02%,"₱5,500",2
DUNLOP,DUNLOP 205/55/R16 SPORT LM705 91V,205/55/R16,1,1,0.01%,"₱5,482.14",1
WESTLAKE,WESTLAKE 165/R14C SL312,165/R14C,2,1,0.02%,"₱5,455.36",2
APOLLO,APOLLO 175/65/R14 AMAZER XP 82T,175/65/R14,2,1,0.02%,"₱5,455.36",2
LAUFENN,LAUFENN 175/65/R15 G FIT AS 84H,175/65/R15,2,1,0.02%,"₱5,383.93",2
WESTLAKE,WESTLAKE 185/55/R15 RP26,185/55/R15,2,1,0.02%,"₱5,357.14",2
ATLAS,ATLAS 185/60/R15 FORCE HP 84/H,185/60/R15,2,1,0.02%,"₱5,339.29",2
NANKANG,NANKANG 175/60/R13 NS-2 77H,175/60/R13,2,1,0.02%,"₱5,321.43",2
NANKANG,NANKANG 185/65/R14 RX-615 86H,185/65/R14,2,1,0.02%,"₱5,321.43",2
ARIVO,ARIVO 245/45/R20 ULTRA ARZ5 103,245/45/R20,1,1,0.01%,"₱5,312.5",1
YOKOHAMA,YOKOHAMA 195/50/R15 BLUEARTH ES32 82V,195/50/R15,1,1,0.01%,"₱5,303.57",1
FRONWAY,FRONWAY 185//R14C VANPLUS 09 102/100/R,null,2,1,0.02%,"₱5,250",2
VREDESTEIN,VREDESTEIN 195/60/R16 ULTRAC I,195/60/R16,1,1,0.01%,"₱5,214.29",1
YOKOHAMA,YOKOHAMA 195/55/R15 ADVAN FLEVA V701 85V,195/55/R15,1,1,0.01%,"₱5,205.36",1
WESTLAKE,WESTLAKE 185/65/R15 RP36,185/65/R15,1,2,0.02%,"₱5,169.64",2
MICHELIN,MICHELIN 245/45/ZR17 PILOT SPORT 5 99Y,null,1,1,0.01%,"₱5,087.14",1
BFGOODRICH,BFGOODRICH 205/70/R15 ADVANTAGE TOURING 96T,205/70/R15,1,1,0.01%,"₱5,071.43",1
SAILUN,SAILUN 175/65/R15 ATREZZO ECO 84H,175/65/R15,2,1,0.02%,"₱5,071.43",2
ARIVO,ARIVO 195/70/R14 PREMIO ARZ1 91H,195/70/R14,2,1,0.02%,"₱5,053.57",2
WESTLAKE,WESTLAKE 185/70/R14 RP36,185/70/R14,2,1,0.02%,"₱5,035.71",2
BFGOODRICH,BFGOODRICH 185/65/R15 ADVANTAGE TOURING 88H,185/65/R15,1,1,0.01%,"₱5,035.71",1
WESTLAKE,WESTLAKE 215/55/R18 SA37,215/55/R18,1,1,0.01%,"₱5,026.79",1
YOKOHAMA,YOKOHAMA 185/65/R14 BLUEARTH ES32 86H,185/65/R14,1,1,0.01%,"₱5,004.46",1
SAILUN,SAILUN 175/50/R15 ATREZZO SH406 75V,175/50/R15,2,1,0.02%,"₱4,964.29",2
YOKOHAMA,YOKOHAMA 175/55/R15 BLUEARTH AE01 77V,175/55/R15,1,1,0.01%,"₱4,937.5",1
TOYO,TOYO 185/55/R15 PXTR1 82V,185/55/R15,1,1,0.01%,"₱4,928.57",1
ARIVO,ARIVO 195/55/R15 PREMIO ARZ1 85V,195/55/R15,2,1,0.02%,"₱4,866.07",2
FRONWAY,FRONWAY 175//R13C DURAMAX 28 97/95/R,null,2,1,0.02%,"₱4,830.36",2
FRONWAY,FRONWAY 205/45/R17 EURUS 08 88/W XL,205/45/R17,2,1,0.02%,"₱4,826.79",2
BFGOODRICH,BFGOODRICH 195/55/R16 ADVANTAGE TOURING 87V,195/55/R16,1,1,0.01%,"₱4,825.89",1
WESTLAKE,WESTLAKE 215/55/R18 SA07,215/55/R18,1,1,0.01%,"₱4,821.43",1
FRONWAY,FRONWAY 185/65/R15 ECOGREEN 66 88/H,185/65/R15,1,2,0.02%,"₱4,625",2
WESTLAKE,WESTLAKE 175/65/R14 RP36,175/65/R14,2,1,0.02%,"₱4,589.29",2
MICHELIN,MICHELIN 205/65/R15 ENERGY XM2+ 99V,205/65/R15,1,1,0.01%,"₱4,589.29",1
FRONWAY,FRONWAY 185/65/R15 ECOGREEN 66 88/H,185/65/R15,2,1,0.02%,"₱4,580.36",2
ARIVO,ARIVO 185/55/R15 PREMIO ARZ1,185/55/R15,1,2,0.02%,"₱4,575.89",2
ARIVO,ARIVO 195/50/R15 PREMIO ARZ1 82V,195/50/R15,2,1,0.02%,"₱4,553.57",2
FRONWAY,FRONWAY 185/55/R15 ECOGREEN 55 82V,185/55/R15,2,1,0.02%,"₱4,464.29",2
BRIDGESTONE,BRIDGESTONE 195/50/R16 TURANZA ER33 84V,195/50/R16,1,1,0.01%,"₱4,464.29",1
FRONWAY,FRONWAY 185/60/R15 ECOGREEN 55 88/H,185/60/R15,2,1,0.02%,"₱4,437.5",2
FRONWAY,FRONWAY 175/65/R15 ECOGREEN 66 84/H,175/65/R15,2,1,0.02%,"₱4,410.71",2
WESTLAKE,WESTLAKE 165/65/R13 RP36,165/65/R13,2,1,0.02%,"₱4,375",2
ATLAS,ATLAS 175/65/R14 FORCE HP 82/H,175/65/R14,2,1,0.02%,"₱4,357.14",2
ARIVO,ARIVO 175/55/R15 PREMIO ARZ1,175/55/R15,2,1,0.02%,"₱4,241.07",2
ALLIANCE,ALLIANCE 215/55/R16 030EX 97V,215/55/R16,1,1,0.01%,"₱4,178.57",1
WESTLAKE,WESTLAKE 215/60/R17 SU318,215/60/R17,1,1,0.01%,"₱4,165.18",1
ARIVO,ARIVO 195/50/R15 PREMIO ARZ1 82V,195/50/R15,1,2,0.02%,"₱4,111.61",2
BRIDGESTONE,BRIDGESTONE 185/65/R15 ECOPIA EP300 88H,185/65/R15,1,1,0.01%,"₱4,111.61",1
BFGOODRICH,BFGOODRICH 185/60/R15 ADVANTAGE TOURING 84H,185/60/R15,1,1,0.01%,"₱4,095.98",1
MICHELIN,MICHELIN 265/60/R18 PRIMACY SUV+ 110H,265/60/R18,1,1,0.01%,"₱4,087.84",1
FRONWAY,FRONWAY 175/50/R15 ECOGREEN 66 75/H,175/50/R15,2,1,0.02%,"₱3,866.07",2
YOKOHAMA,YOKOHAMA 185/55/R15 BLUEARTH ES32 82H,185/55/R15,1,1,0.01%,"₱3,848.21",1
YOKOHAMA,YOKOHAMA 185/60/R15 BLUEARTH ES32 84H,185/60/R15,1,1,0.01%,"₱3,830.36",1
ARIVO,ARIVO 235/40/R18 ULTRA ARZ4,235/40/R18,1,1,0.01%,"₱3,794.64",1
FRONWAY,FRONWAY 235/50/R18 EURUS 08 97/V,235/50/R18,1,1,0.01%,"₱3,767.86",1
FRONWAY,FRONWAY 185/65/R14 ECOGREEN 55 86/H,185/65/R14,2,1,0.02%,"₱3,750",2
FRONWAY,FRONWAY 165/80/R13 ECOGREEN 66 83/T,165/80/R13,2,1,0.02%,"₱3,741.07",2
FRONWAY,FRONWAY 175/70/R13 ECOGREEN 66 82/T,175/70/R13,2,1,0.02%,"₱3,678.57",2
WESTLAKE,WESTLAKE 225/45/R17 SA37,225/45/R17,1,1,0.01%,"₱3,620.54",1
YOKOHAMA,YOKOHAMA 175/70/R14 BLUEARTH ES32 84H,175/70/R14,1,1,0.01%,"₱3,602.01",1
ARIVO,ARIVO 215/55/R17 ULTRA ARZ4,215/55/R17,1,1,0.01%,"₱3,526.79",1
SAILUN,SAILUN 205/50/R17 ATREZZO ZSR 93W,205/50/R17,1,1,0.01%,"₱3,526.79",1
WESTLAKE,WESTLAKE 195/60/R16 RP36,195/60/R16,1,1,0.01%,"₱3,272.32",1
ARIVO,ARIVO 205/50/R17 ULTRA ARZ4,205/50/R17,1,1,0.01%,"₱3,267.86",1
FRONWAY,FRONWAY 215/50/R17 EURUS 08 95/W XL,215/50/R17,1,1,0.01%,"₱3,227.68",1
WESTLAKE,WESTLAKE 185/55/R16 RP26,185/55/R16,1,1,0.01%,"₱3,125",1
APOLLO,APOLLO 185/60/R15 ALNAC 4G 84H,185/60/R15,1,1,0.01%,"₱3,107.14",1
ALLIANCE,ALLIANCE 185/55/R15 030EX 82V,185/55/R15,1,1,0.01%,"₱3,008.93",1
WESTLAKE,WESTLAKE 165/R14C SL312,165/R14C,1,1,0.01%,"₱2,973.21",1
SAILUN,SAILUN 185/60/R14 ATREZZO ECO 82H,185/60/R14,1,1,0.01%,"₱2,928.57",1
ARIVO,ARIVO 195/55/R16 PREMIO ARZ1,195/55/R16,1,1,0.01%,"₱2,843.75",1
SAILUN,SAILUN 215/40/R17 ATREZZO ZSR 87W,215/40/R17,1,1,0.01%,"₱2,812.5",1
ARIVO,ARIVO 205/45/R17 ULTRA ARZ4,205/45/R17,1,1,0.01%,"₱2,767.86",1
WESTLAKE,WESTLAKE 205/65/R15 RP36,205/65/R15,1,1,0.01%,"₱2,767.86",1
ARIVO,ARIVO 195/50/R16 ULTRA ARZ5 84V,195/50/R16,1,1,0.01%,"₱2,656.25",1
ARIVO,ARIVO 175/65/R14 PREMIO ARZ1 82H,175/65/R14,1,1,0.01%,"₱2,495.54",1
ARIVO,ARIVO 185/R14C TRANSITO ARZ 6-C,185/R14C,1,1,0.01%,"₱2,360.71",1
ARIVO,ARIVO 185/70/R14 PREMIO ARZ1 88H,185/70/R14,1,1,0.01%,"₱2,312.5",1
WESTLAKE,WESTLAKE 165/70/R14 RP36,165/70/R14,1,1,0.01%,"₱2,232.14",1
WESTLAKE,WESTLAKE 175/65/R14 RP36,175/65/R14,1,1,0.01%,"₱2,142.86",1
ARISUN,ARISUN 185/65/R15 AGGRESSOR ZP01 88H,185/65/R15,1,1,0.01%,"₱2,124.11",1
ARIVO,ARIVO 175/70/R14 PREMIO ARZ1 84T,175/70/R14,1,1,0.01%,"₱2,089.29",1
ARIVO,ARIVO 175/55/R15 PREMIO ARZ1,175/55/R15,1,1,0.01%,"₱2,075.89",1
ARIVO,ARIVO 165/65/R14 PREMIO ARZ1 79T,165/65/R14,1,1,0.01%,"₱1,785.71",1