Session campaign,Page path + query string,Ecommerce purchases,decoded_order_id,match_status,_ingest_loaded_at,brand,customer_source_raw,date_updated,gross_sales_amount,is_excluded_test_order,is_fulfilled_order,is_fulfillment_success_order,is_non_cancelled_order,net_sales_amount,order_date,order_status_raw,payment_status_raw,quantity_int,sku,fulfilled_net_revenue
(referral),/complete-order?requestid=Mzk0NDg%3D,2,39448,Matched,2026-09-25 02:00:22,FRONWAY,Website,2026-09-14T11:20:00,7492.3,false,false,false,true,6689.55,2026-09-12T17:04:00,New,Unpaid,2,FRONWAY 205/55/ZR17 EURUS 08 95W,0.00
(referral),/complete-order?requestid=Mzk0NjA=,2,39460,Matched,2026-09-25 02:00:22,BLACK ARROW,,2026-09-13T10:54:00,8904.6,false,false,false,true,7950.54,2026-09-13T10:54:00,New,Unpaid,4,BLACK ARROW 185/65/R15 SUPER DART P16 88H,0.00
(referral),/complete-order?requestid=Mzk0ODU%3D,2,39485,Matched,2026-09-25 02:00:22,WESTLAKE,Website,2026-09-21T12:27:00,14335.8,false,true,true,true,12799.82,2026-09-14T13:28:00,Fulfilled,Fully Paid,4,WESTLAKE 205/60/R16 RP36,12799.82
(referral),/complete-order?requestid=Mzk0OTA%3D,2,39490,Matched,2026-09-25 02:00:22,RADAR,,2026-09-24T15:14:00,9971.4,false,true,true,true,8903.04,2026-09-14T14:41:00,Fulfilled,Fully Paid,4,RADAR 175/65/R14 RIVERA PRO2 82H,8903.04
(referral),/complete-order?requestid=Mzk3MjM%3D,2,39723,Matched,2026-09-25 02:00:22,BFGOODRICH,Website,2026-09-24T14:44:00,21687,false,true,true,true,19363.39,2026-09-20T11:30:00,Fulfilled,Partial Payment,4,BFGOODRICH 215/65/R16 ADVANTAGE TOURING 98T,19363.39
(referral),/complete-order?requestid=MzkwNzU%3D,2,39075,Matched,2026-09-25 02:00:22,MICHELIN,Website,2026-09-08T21:07:00,50010,false,true,true,true,44651.79,2026-09-03T10:11:00,Fulfilled,Fully Paid,4,MICHELIN 235/60/R18 PILOT SPORT 4 SUV 107W,44651.79
(referral),/complete-order?requestid=MzkxMDE%3D,2,39101,Matched,2026-09-25 02:00:22,MICHELIN,,2026-09-18T09:45:00,36215,false,true,true,true,32334.82,2026-09-04T08:54:00,Fulfilled,Fully Paid,4,MICHELIN 215/55/R17 PRIMACY 5 94V,32334.82
(referral),/complete-order?requestid=MzkxMjU=,2,39125,Matched,2026-09-25 02:00:22,GOODYEAR,,2026-09-07T13:10:00,6665,false,false,false,true,5950.89,2026-09-04T20:23:00,New,Unpaid,1,GOODYEAR 205/50/R17 ASSURANCE TRIPLEMAX 2 89V,0.00
(referral),/complete-order?requestid=MzkyOTM%3D,2,39293,Matched,2026-09-25 02:00:22,MICHELIN,Website,2026-09-22T09:19:00,36315,false,true,true,true,32424.11,2026-09-09T16:17:00,Fulfilled,Fully Paid,4,MICHELIN 215/55/R17 PRIMACY 5 94V,32424.11
(referral),/complete-order?requestid=MzkzNjQ%3D,2,39364,Matched,2026-09-25 02:00:22,BFGOODRICH,,2026-09-24T15:19:00,12253.4,false,false,false,true,10940.54,2026-09-11T00:48:00,For Return,Partial Payment,4,BFGOODRICH 175/65/R14 ADVANTAGE TOURING 82H,0.00
(referral),/complete-order?requestid=MzkzNjk=,2,39369,Matched,2026-09-25 02:00:22,BLACK ARROW,,2026-09-11T11:18:00,8904.6,false,false,false,true,7950.54,2026-09-11T08:55:00,New,Unpaid,4,BLACK ARROW 185/65/R15 SUPER DART P16 88H,0.00
(referral),/complete-order?requestid=Mzk2ODQ=,1,39684,Matched,2026-09-25 02:00:22,YOKOHAMA,,2026-09-23T16:15:00,18053.8,false,false,false,false,16119.46,2026-09-18T23:49:00,Cancelled,Pending,4,YOKOHAMA 185/60/R15 BLUEARTH ES32 84H,0.00
(referral),/complete-order?requestid=Mzk1NTE=,1,39551,Matched,2026-09-25 02:00:22,RADAR,CHAT,2026-09-22T15:54:00,50000,false,true,true,true,44642.86,2026-09-15T16:54:00,Fulfilled,Fully Paid,4,RADAR 275/35/R21 DIMAX SPORT EV-C 103Y,44642.86
(referral),/complete-order?requestid=Mzk2NTU=,1,39655,Matched,2026-09-25 02:00:22,FRONWAY,Website,2026-09-24T14:26:00,7227.2,false,true,true,true,6452.86,2026-09-18T09:37:00,Fulfilled,Fully Paid,4,FRONWAY 165/65/R13 ECOGREEN ONE 77T,6452.86
(referral),/complete-order?requestid=Mzk1Mjg=,1,39528,Matched,2026-09-25 02:00:22,WESTLAKE,Website,2026-09-23T16:18:00,9034.4,false,false,false,false,8066.43,2026-09-15T09:30:00,Cancelled,Pending,4,WESTLAKE 165/80/R13 RP26,0.00
(referral),/complete-order?requestid=Mzk2ODY=,1,39686,Matched,2026-09-25 02:00:22,YOKOHAMA,,2026-09-23T16:15:00,18403.8,false,false,false,false,16431.96,2026-09-18T23:50:00,Cancelled,Pending,4,YOKOHAMA 185/60/R15 BLUEARTH ES32 84H,0.00
(referral),/complete-order?requestid=Mzk3NTE=,1,39751,Matched,2026-09-25 02:00:22,ARIVO,Website,2026-09-23T16:14:00,11231.8,false,false,false,false,10028.39,2026-09-21T10:58:00,Cancelled,Pending,4,ARIVO 185/65/R15 PREMIO COMFORT 6 88H,0.00
(referral),/complete-order?requestid=Mzk3NTg=,1,39758,Matched,2026-09-25 02:00:22,COMFORSER,CHAT,2026-09-23T16:29:00,15383.4,false,false,false,true,13735.18,2026-09-21T12:11:00,Processing,Partial Payment,4,COMFORSER 215/55/R17 CF710 94V,0.00
(referral),/complete-order?requestid=Mzk3OTU=,1,39795,Matched,2026-09-25 02:00:22,MICHELIN,Website,2026-09-23T10:21:00,28190,false,false,false,false,25169.64,2026-09-22T12:56:00,Cancelled,Pending,4,MICHELIN 215/65/R16 ENERGY XM2+ 98H,0.00
(referral),/complete-order?requestid=Mzk4NDA=,1,39840,Matched,2026-09-25 02:00:22,ARIVO,Website,2026-09-23T16:12:00,5710.3,false,false,false,false,5098.48,2026-09-23T13:21:00,Cancelled,Pending,2,ARIVO 185/65/R15 PREMIO COMFORT 6 88H,0.00
(referral),/complete-order?requestid=MzkwMDY=,1,39006,Matched,2026-09-25 02:00:22,WESTLAKE,Website,2026-09-23T16:26:00,4631.2,false,false,false,false,4135,2026-09-01T20:27:00,Cancelled,Pending,2,WESTLAKE 185/70/R13 RP36,0.00
(referral),/complete-order?requestid=MzkwMTE=,1,39011,Matched,2026-09-25 02:00:22,CHENGSHAN,,2026-09-10T16:33:00,4225.3,false,false,false,false,3772.59,2026-09-01T22:59:00,Cancelled,Pending,2,CHENGSHAN 175/70/R14 CSC-802 84H,0.00
(referral),/complete-order?requestid=MzkyNDg=,1,39248,Matched,2026-09-25 02:00:22,VREDESTEIN,CALL,2026-09-16T15:07:00,22280,false,true,true,true,19892.86,2026-09-08T16:20:00,Fulfilled,Partial Payment,4,VREDESTEIN 215/75/R15 PINZA AT,19892.86
(referral),/complete-order?requestid=MzkyODA=,1,39280,Matched,2026-09-25 02:00:22,WESTLAKE,,2026-09-12T13:12:00,5382.6,false,false,false,false,4805.89,2026-09-09T15:15:00,Cancelled,Pending,2,WESTLAKE 185/60/R15 RP36,0.00
(referral),/complete-order?requestid=MzkzMTQ=,1,39314,Matched,2026-09-25 02:00:22,MICHELIN,Website,2026-09-23T16:21:00,25880,false,false,false,false,23107.14,2026-09-10T02:05:00,Cancelled,Pending,4,MICHELIN 205/55/R16 PRIMACY 5 91W,0.00
(referral),/complete-order?requestid=MzkzMjU=,1,39325,Matched,2026-09-25 02:00:22,CHENGSHAN,,2026-09-10T14:38:00,6601.3,false,false,false,true,5894.02,2026-09-10T12:49:00,New,Unpaid,2,CHENGSHAN 205/55/R17 CSC-701 95V,0.00
(referral),/complete-order?requestid=MzkzNDE=,1,39341,Matched,2026-09-25 02:00:22,MICHELIN,CALL,2026-09-11T18:55:00,57975,false,true,true,true,51763.39,2026-09-10T14:53:00,Fulfilled,Fully Paid,4,MICHELIN 235/50/R21 PILOT SPORT 4 SUV 101W,51763.39
(referral),/complete-order?requestid=MzkzOTI=,1,39392,Matched,2026-09-25 02:00:22,MICHELIN,,2026-09-14T14:07:00,17370,false,false,false,false,15508.93,2026-09-11T17:02:00,Cancelled,Pending,4,MICHELIN 175/65/R14 ENERGY XM2+,0.00
