City / Reported Area,June Taira Inquiries,June Taira Bookings,June Taira Conversion Rate,June All CS Inquiries,June All CS Bookings,June All CS Conversion Rate,July Taira Inquiries,July Taira Bookings,July Taira Conversion Rate,July All CS Inquiries,July All CS Bookings,July All CS Conversion Rate,June Total Inquiries,July Total Inquiries,Inquiry Change,Inquiry Growth Rate,June Total Bookings,July Total Bookings,Booking Change,Booking Growth Rate,June Gross Booking Amount,July Gross Booking Amount,Gross Amount Change
Quezon City,56,0,0.0,156,11,0.07051282051282051,62,3,0.04838709677419355,109,4,0.03669724770642202,212,171,-41,-0.19339622641509435,11,7,-4,-0.36363636363636365,286123.9,128055.2,-158068.7
Manila,24,1,0.041666666666666664,56,2,0.03571428571428571,24,1,0.041666666666666664,38,0,0.0,80,62,-18,-0.22499999999999998,3,1,-2,-0.6666666666666667,44073.7,32669.6,-11404.1
Cavite,13,0,0.0,41,0,0.0,16,0,0.0,63,1,0.015873015873015872,54,79,25,0.462962962962963,0,1,1,,0.0,24000.0,24000.0
Davao City,17,1,0.058823529411764705,48,0,0.0,17,0,0.0,50,0,0.0,65,67,2,0.03076923076923066,1,0,-1,-1.0,34995.0,0.0,-34995.0
Pampanga,13,0,0.0,48,0,0.0,18,0,0.0,52,1,0.019230769230769232,61,70,9,0.14754098360655732,0,1,1,,0.0,16062.4,16062.4
Pasig City,17,0,0.0,54,4,0.07407407407407407,14,1,0.07142857142857142,40,7,0.175,71,54,-17,-0.23943661971830987,4,8,4,1.0,77559.2,225146.6,147587.4
Taguig City,15,1,0.06666666666666667,55,3,0.05454545454545454,17,1,0.058823529411764705,24,1,0.041666666666666664,70,41,-29,-0.41428571428571426,4,2,-2,-0.5,82031.1,34820.8,-47210.3
Parañaque City,10,0,0.0,45,6,0.13333333333333333,13,2,0.15384615384615385,29,2,0.06896551724137931,55,42,-13,-0.23636363636363633,6,4,-2,-0.33333333333333337,112833.9,110129.0,-2704.9
Antipolo City,17,1,0.058823529411764705,37,1,0.02702702702702703,8,0,0.0,34,3,0.08823529411764706,54,42,-12,-0.2222222222222222,2,3,1,0.5,33736.6,96185.0,62448.4
Caloocan City,15,1,0.06666666666666667,44,2,0.045454545454545456,11,0,0.0,26,0,0.0,59,37,-22,-0.3728813559322034,3,0,-3,-1.0,123469.6,0.0,-123469.6
Makati City,11,0,0.0,45,5,0.1111111111111111,15,1,0.06666666666666667,25,3,0.12,56,40,-16,-0.2857142857142857,5,4,-1,-0.19999999999999996,84545.5,140608.4,56062.9
Las Piñas City,15,2,0.13333333333333333,42,4,0.09523809523809523,8,1,0.125,29,3,0.10344827586206896,57,37,-20,-0.3508771929824561,6,4,-2,-0.33333333333333337,130128.3,51244.5,-78883.8
Bacoor,13,0,0.0,45,3,0.06666666666666667,9,1,0.1111111111111111,24,1,0.041666666666666664,58,33,-25,-0.43103448275862066,3,2,-1,-0.33333333333333337,82255.1,39673.0,-42582.1
Imus,15,2,0.13333333333333333,43,1,0.023255813953488372,15,1,0.06666666666666667,18,1,0.05555555555555555,58,33,-25,-0.43103448275862066,3,2,-1,-0.33333333333333337,39723.6,20470.0,-19253.6
Cebu City,10,0,0.0,33,0,0.0,10,0,0.0,26,0,0.0,43,36,-7,-0.16279069767441856,0,0,0,,0.0,0.0,0.0
Santa Rosa,9,0,0.0,34,2,0.058823529411764705,11,0,0.0,24,0,0.0,43,35,-8,-0.18604651162790697,2,0,-2,-1.0,80660.2,0.0,-80660.2
Laguna,6,0,0.0,30,0,0.0,13,0,0.0,23,0,0.0,36,36,0,0.0,0,0,0,,0.0,0.0,0.0
Lipa City,7,1,0.14285714285714285,35,1,0.02857142857142857,7,1,0.14285714285714285,22,2,0.09090909090909091,42,29,-13,-0.30952380952380953,2,3,1,0.5,20661.0,17855.2,-2805.8
Marikina City,7,0,0.0,26,1,0.038461538461538464,10,0,0.0,28,3,0.10714285714285714,33,38,5,0.1515151515151516,1,3,2,2.0,20730.6,98295.0,77564.4
Muntinlupa City,7,0,0.0,30,1,0.03333333333333333,5,0,0.0,24,0,0.0,37,29,-8,-0.21621621621621623,1,0,-1,-1.0,12551.8,0.0,-12551.8
General Trias,6,0,0.0,25,0,0.0,11,1,0.09090909090909091,23,0,0.0,31,34,3,0.09677419354838701,0,1,1,,0.0,23670.0,23670.0
Valenzuela City,5,1,0.2,28,1,0.03571428571428571,6,0,0.0,24,1,0.041666666666666664,33,30,-3,-0.09090909090909094,2,1,-1,-0.5,30687.2,18121.0,-12566.2
Baguio City,8,0,0.0,29,1,0.034482758620689655,4,0,0.0,14,0,0.0,37,18,-19,-0.5135135135135135,1,0,-1,-1.0,14500.0,0.0,-14500.0
Dasmariñas,8,1,0.125,26,2,0.07692307692307693,9,0,0.0,12,0,0.0,34,21,-13,-0.38235294117647056,3,0,-3,-1.0,87461.4,0.0,-87461.4
Iloilo City,10,0,0.0,24,0,0.0,6,0,0.0,14,0,0.0,34,20,-14,-0.4117647058823529,0,0,0,,0.0,0.0,0.0
Cainta,10,0,0.0,21,0,0.0,8,0,0.0,14,1,0.07142857142857142,31,22,-9,-0.29032258064516125,0,1,1,,0.0,12727.8,12727.8
Batangas,7,0,0.0,19,0,0.0,7,0,0.0,18,0,0.0,26,25,-1,-0.038461538461538436,0,0,0,,0.0,0.0,0.0
Calamba,10,0,0.0,15,0,0.0,8,0,0.0,17,0,0.0,25,25,0,0.0,0,0,0,,0.0,0.0,0.0
Rizal,5,0,0.0,19,0,0.0,9,0,0.0,16,0,0.0,24,25,1,0.04166666666666674,0,0,0,,0.0,0.0,0.0
San Pedro,5,0,0.0,20,2,0.1,9,0,0.0,15,0,0.0,25,24,-1,-0.040000000000000036,2,0,-2,-1.0,13127.4,0.0,-13127.4
Bulacan,8,0,0.0,15,0,0.0,7,0,0.0,17,0,0.0,23,24,1,0.04347826086956519,0,0,0,,0.0,0.0,0.0
Bacolod City,4,0,0.0,15,0,0.0,4,2,0.5,16,0,0.0,19,20,1,0.05263157894736836,0,2,2,,0.0,103902.8,103902.8
Cavite City,7,0,0.0,12,0,0.0,5,0,0.0,14,0,0.0,19,19,0,0.0,0,0,0,,0.0,0.0,0.0
Taytay,7,1,0.14285714285714285,20,2,0.1,2,0,0.0,9,0,0.0,27,11,-16,-0.5925925925925926,3,0,-3,-1.0,41604.6,0.0,-41604.6
Mandaluyong,6,1,0.16666666666666666,14,1,0.07142857142857142,6,0,0.0,11,0,0.0,20,17,-3,-0.15000000000000002,2,0,-2,-1.0,37116.2,0.0,-37116.2
Pasay City,5,0,0.0,17,2,0.11764705882352941,3,0,0.0,12,1,0.08333333333333333,22,15,-7,-0.31818181818181823,2,1,-1,-0.5,23105.4,23670.0,564.6
Batangas City,7,0,0.0,9,0,0.0,5,0,0.0,15,1,0.06666666666666667,16,20,4,0.25,0,1,1,,0.0,16000.0,16000.0
San Fernando,6,0,0.0,14,0,0.0,8,1,0.125,8,1,0.125,20,16,-4,-0.19999999999999996,0,2,2,,0.0,57020.0,57020.0
Pangasinan,5,0,0.0,9,0,0.0,5,0,0.0,15,0,0.0,14,20,6,0.4285714285714286,0,0,0,,0.0,0.0,0.0
Marilao,5,0,0.0,14,0,0.0,5,0,0.0,9,0,0.0,19,14,-5,-0.26315789473684215,0,0,0,,0.0,0.0,0.0
Biñan,4,1,0.25,15,0,0.0,5,0,0.0,8,0,0.0,19,13,-6,-0.3157894736842105,1,0,-1,-1.0,8761.3,0.0,-8761.3
Angeles City,2,0,0.0,11,0,0.0,6,0,0.0,10,0,0.0,13,16,3,0.23076923076923084,0,0,0,,0.0,0.0,0.0
Cagayan De Oro,5,0,0.0,11,0,0.0,3,0,0.0,9,0,0.0,16,12,-4,-0.25,0,0,0,,0.0,0.0,0.0
San Mateo,6,0,0.0,11,0,0.0,3,0,0.0,8,0,0.0,17,11,-6,-0.3529411764705882,0,0,0,,0.0,0.0,0.0
Malabon,5,0,0.0,8,0,0.0,3,0,0.0,11,1,0.09090909090909091,13,14,1,0.07692307692307687,0,1,1,,0.0,23206.8,23206.8
Bataan,0,0,0.0,12,0,0.0,5,0,0.0,9,0,0.0,12,14,2,0.16666666666666674,0,0,0,,0.0,0.0,0.0
Malolos,3,0,0.0,13,0,0.0,2,0,0.0,8,2,0.25,16,10,-6,-0.375,0,2,2,,0.0,30812.1,30812.1
Nueva Ecija,1,0,0.0,12,0,0.0,6,0,0.0,7,0,0.0,13,13,0,0.0,0,0,0,,0.0,0.0,0.0
San Jose Del Monte,3,0,0.0,13,0,0.0,6,0,0.0,4,1,0.25,16,10,-6,-0.375,0,1,1,,0.0,11380.0,11380.0
Silang,5,0,0.0,9,1,0.1111111111111111,4,0,0.0,8,0,0.0,14,12,-2,-0.1428571428571429,1,0,-1,-1.0,62760.0,0.0,-62760.0
Tarlac City,2,0,0.0,10,1,0.1,6,0,0.0,8,1,0.125,12,14,2,0.16666666666666674,1,1,0,0.0,14550.0,20389.4,5839.4
San Pablo City,1,0,0.0,9,2,0.2222222222222222,2,0,0.0,13,0,0.0,10,15,5,0.5,2,0,-2,-1.0,33070.0,0.0,-33070.0
Binangonan,3,0,0.0,9,0,0.0,3,0,0.0,9,0,0.0,12,12,0,0.0,0,0,0,,0.0,0.0,0.0
Cabuyao,3,0,0.0,9,0,0.0,4,0,0.0,8,0,0.0,12,12,0,0.0,0,0,0,,0.0,0.0,0.0
Carmona,1,0,0.0,12,1,0.08333333333333333,5,0,0.0,6,0,0.0,13,11,-2,-0.15384615384615385,1,0,-1,-1.0,12973.75,0.0,-12973.75
Lucena City,4,0,0.0,7,0,0.0,7,0,0.0,6,0,0.0,11,13,2,0.18181818181818188,0,0,0,,0.0,0.0,0.0
San Juan,5,1,0.2,9,0,0.0,3,0,0.0,6,0,0.0,14,9,-5,-0.3571428571428571,1,0,-1,-1.0,4712.4,0.0,-4712.4
Santa Maria,5,0,0.0,10,1,0.1,2,0,0.0,5,0,0.0,15,7,-8,-0.5333333333333333,1,0,-1,-1.0,27431.6,0.0,-27431.6
Cabanatuan City,1,0,0.0,10,0,0.0,4,0,0.0,6,0,0.0,11,10,-1,-0.09090909090909094,0,0,0,,0.0,0.0,0.0
Mindanao,2,0,0.0,9,1,0.1111111111111111,2,0,0.0,8,0,0.0,11,10,-1,-0.09090909090909094,1,0,-1,-1.0,39050.6,0.0,-39050.6
Zamboanga City,3,0,0.0,12,0,0.0,2,0,0.0,3,0,0.0,15,5,-10,-0.6666666666666667,0,0,0,,0.0,0.0,0.0
Tanza,2,0,0.0,11,3,0.2727272727272727,4,0,0.0,2,0,0.0,13,6,-7,-0.5384615384615384,3,0,-3,-1.0,51075.8,0.0,-51075.8
Mabalacat,1,0,0.0,7,0,0.0,8,0,0.0,2,0,0.0,8,10,2,0.25,0,0,0,,0.0,0.0,0.0
Tuguegarao City,2,0,0.0,7,1,0.14285714285714285,6,0,0.0,3,0,0.0,9,9,0,0.0,1,0,-1,-1.0,43000.0,0.0,-43000.0
Dasmarinas,2,0,0.0,10,0,0.0,1,0,0.0,4,0,0.0,12,5,-7,-0.5833333333333333,0,0,0,,0.0,0.0,0.0
Metro Manila,1,0,0.0,6,0,0.0,4,0,0.0,6,0,0.0,7,10,3,0.4285714285714286,0,0,0,,0.0,0.0,0.0
General Santos City,0,0,0.0,7,0,0.0,1,0,0.0,7,0,0.0,7,8,1,0.1428571428571428,0,0,0,,0.0,0.0,0.0
Isabela,2,0,0.0,5,0,0.0,4,0,0.0,4,0,0.0,7,8,1,0.1428571428571428,0,0,0,,0.0,0.0,0.0
Naga City,1,0,0.0,5,0,0.0,5,1,0.2,4,0,0.0,6,9,3,0.5,0,1,1,,0.0,9400.0,9400.0
Olongapo City,3,1,0.3333333333333333,7,0,0.0,3,0,0.0,2,0,0.0,10,5,-5,-0.5,1,0,-1,-1.0,11402.8,0.0,-11402.8
Tarlac,1,0,0.0,8,0,0.0,1,0,0.0,5,0,0.0,9,6,-3,-0.33333333333333337,0,0,0,,0.0,0.0,0.0
Tanauan,1,0,0.0,8,0,0.0,1,0,0.0,4,0,0.0,9,5,-4,-0.4444444444444444,0,0,0,,0.0,0.0,0.0
Iligan City,1,0,0.0,7,0,0.0,2,0,0.0,3,0,0.0,8,5,-3,-0.375,0,0,0,,0.0,0.0,0.0
Rosario,1,0,0.0,5,0,0.0,3,0,0.0,4,0,0.0,6,7,1,0.16666666666666674,0,0,0,,0.0,0.0,0.0
La Union,1,0,0.0,4,0,0.0,0,0,0.0,7,0,0.0,5,7,2,0.3999999999999999,0,0,0,,0.0,0.0,0.0
Meycauayan,0,0,0.0,9,0,0.0,3,0,0.0,0,0,0.0,9,3,-6,-0.6666666666666667,0,0,0,,0.0,0.0,0.0
Montalban,2,0,0.0,5,0,0.0,3,0,0.0,2,1,0.5,7,5,-2,-0.2857142857142857,0,1,1,,0.0,21900.0,21900.0
Santa Cruz,3,0,0.0,1,0,0.0,1,0,0.0,7,0,0.0,4,8,4,1.0,0,0,0,,0.0,0.0,0.0
Bicol,1,0,0.0,4,0,0.0,1,0,0.0,5,0,0.0,5,6,1,0.19999999999999996,0,0,0,,0.0,0.0,0.0
Cagayan Valley,1,0,0.0,4,0,0.0,3,0,0.0,3,0,0.0,5,6,1,0.19999999999999996,0,0,0,,0.0,0.0,0.0
Rodriguez,0,0,0.0,7,0,0.0,3,0,0.0,1,0,0.0,7,4,-3,-0.4285714285714286,0,0,0,,0.0,0.0,0.0
Santo Tomas,0,0,0.0,5,0,0.0,1,0,0.0,5,0,0.0,5,6,1,0.19999999999999996,0,0,0,,0.0,0.0,0.0
Sto Tomas,1,0,0.0,6,0,0.0,2,0,0.0,2,0,0.0,7,4,-3,-0.4285714285714286,0,0,0,,0.0,0.0,0.0
Tacloban City,3,0,0.0,2,0,0.0,3,0,0.0,3,0,0.0,5,6,1,0.19999999999999996,0,0,0,,0.0,0.0,0.0
Tagum City,2,1,0.5,4,0,0.0,1,0,0.0,4,0,0.0,6,5,-1,-0.16666666666666663,1,0,-1,-1.0,11635.6,0.0,-11635.6
Trece Martires,2,0,0.0,4,0,0.0,2,1,0.5,3,0,0.0,6,5,-1,-0.16666666666666663,0,1,1,,0.0,23550.0,23550.0
Binan,2,0,0.0,3,0,0.0,1,0,0.0,4,0,0.0,5,5,0,0.0,0,0,0,,0.0,0.0,0.0
Cabanatuan,0,0,0.0,6,0,0.0,1,0,0.0,3,0,0.0,6,4,-2,-0.33333333333333337,0,0,0,,0.0,0.0,0.0
Cavite Area,0,0,0.0,2,0,0.0,4,0,0.0,4,0,0.0,2,8,6,3.0,0,0,0,,0.0,0.0,0.0
Olongapo,3,0,0.0,2,0,0.0,1,0,0.0,4,1,0.25,5,5,0,0.0,0,1,1,,0.0,19000.0,19000.0
Tagaytay,1,0,0.0,1,0,0.0,4,0,0.0,4,0,0.0,2,8,6,3.0,0,0,0,,0.0,0.0,0.0
Angeles,1,0,0.0,6,0,0.0,0,0,0.0,2,0,0.0,7,2,-5,-0.7142857142857143,0,0,0,,0.0,0.0,0.0
Indang,1,0,0.0,5,1,0.2,1,0,0.0,2,1,0.5,6,3,-3,-0.5,1,1,0,0.0,32743.6,24675.0,-8068.6
Kawit,3,0,0.0,4,0,0.0,0,0,0.0,2,0,0.0,7,2,-5,-0.7142857142857143,0,0,0,,0.0,0.0,0.0
Leyte,1,0,0.0,2,0,0.0,1,0,0.0,5,0,0.0,3,6,3,1.0,0,0,0,,0.0,0.0,0.0
Location Please,1,0,0.0,2,0,0.0,2,0,0.0,4,0,0.0,3,6,3,1.0,0,0,0,,0.0,0.0,0.0
Los Baños,0,0,0.0,6,0,0.0,1,1,1.0,2,0,0.0,6,3,-3,-0.5,0,1,1,,0.0,27390.0,27390.0
Mandaluyong City,1,0,0.0,5,0,0.0,1,0,0.0,2,0,0.0,6,3,-3,-0.5,0,0,0,,0.0,0.0,0.0
Roxas City,1,0,0.0,3,0,0.0,2,0,0.0,3,0,0.0,4,5,1,0.25,0,0,0,,0.0,0.0,0.0
San Pablo,0,0,0.0,6,0,0.0,0,0,0.0,3,0,0.0,6,3,-3,-0.5,0,0,0,,0.0,0.0,0.0
Teresa,0,0,0.0,4,0,0.0,1,0,0.0,4,0,0.0,4,5,1,0.25,0,0,0,,0.0,0.0,0.0
Butuan City,2,0,0.0,3,0,0.0,0,0,0.0,3,0,0.0,5,3,-2,-0.4,0,0,0,,0.0,0.0,0.0
Cagayan De Oro City,0,0,0.0,4,1,0.25,1,0,0.0,3,1,0.3333333333333333,4,4,0,0.0,1,1,0,0.0,11162.25,14371.0,3208.75
Calamba City,0,0,0.0,4,1,0.25,1,0,0.0,3,0,0.0,4,4,0,0.0,1,0,-1,-1.0,32743.6,0.0,-32743.6
Candelaria,0,0,0.0,5,0,0.0,1,0,0.0,2,0,0.0,5,3,-2,-0.4,0,0,0,,0.0,0.0,0.0
Lemery,1,0,0.0,7,0,0.0,0,0,0.0,0,0,0.0,8,0,-8,-1.0,0,0,0,,0.0,0.0,0.0
Lubao,0,0,0.0,7,0,0.0,0,0,0.0,1,0,0.0,7,1,-6,-0.8571428571428572,0,0,0,,0.0,0.0,0.0
Naic,1,0,0.0,4,0,0.0,1,0,0.0,2,0,0.0,5,3,-2,-0.4,0,0,0,,0.0,0.0,0.0
Navotas,2,0,0.0,1,0,0.0,2,0,0.0,3,0,0.0,3,5,2,0.6666666666666667,0,0,0,,0.0,0.0,0.0
San Jose,0,0,0.0,3,0,0.0,1,0,0.0,4,0,0.0,3,5,2,0.6666666666666667,0,0,0,,0.0,0.0,0.0
San Juan City,2,0,0.0,1,0,0.0,2,0,0.0,3,0,0.0,3,5,2,0.6666666666666667,0,0,0,,0.0,0.0,0.0
Sto. Tomas,4,0,0.0,2,0,0.0,1,0,0.0,1,0,0.0,6,2,-4,-0.6666666666666667,0,0,0,,0.0,0.0,0.0
Subic,0,0,0.0,4,0,0.0,2,0,0.0,2,0,0.0,4,4,0,0.0,0,0,0,,0.0,0.0,0.0
Tanay,3,0,0.0,2,0,0.0,1,0,0.0,2,0,0.0,5,3,-2,-0.4,0,0,0,,0.0,0.0,0.0
Alfonso,0,0,0.0,4,0,0.0,2,0,0.0,1,0,0.0,4,3,-1,-0.25,0,0,0,,0.0,0.0,0.0
Antique,2,0,0.0,3,0,0.0,0,0,0.0,2,0,0.0,5,2,-3,-0.6,0,0,0,,0.0,0.0,0.0
Bauan,1,0,0.0,3,0,0.0,0,0,0.0,3,0,0.0,4,3,-1,-0.25,0,0,0,,0.0,0.0,0.0
Calauan,2,0,0.0,1,0,0.0,1,0,0.0,3,0,0.0,3,4,1,0.33333333333333326,0,0,0,,0.0,0.0,0.0
Capas,1,0,0.0,1,0,0.0,2,0,0.0,3,0,0.0,2,5,3,1.5,0,0,0,,0.0,0.0,0.0
Cotabato City,0,0,0.0,3,0,0.0,3,0,0.0,1,0,0.0,3,4,1,0.33333333333333326,0,0,0,,0.0,0.0,0.0
General Santos,0,0,0.0,1,0,0.0,3,0,0.0,3,0,0.0,1,6,5,5.0,0,0,0,,0.0,0.0,0.0
Lucena,1,0,0.0,4,0,0.0,1,0,0.0,1,0,0.0,5,2,-3,-0.6,0,0,0,,0.0,0.0,0.0
Santiago City,0,0,0.0,2,0,0.0,1,0,0.0,4,0,0.0,2,5,3,1.5,0,0,0,,0.0,0.0,0.0
Tacloban,0,0,0.0,5,0,0.0,1,0,0.0,1,0,0.0,5,2,-3,-0.6,0,0,0,,0.0,0.0,0.0
Zambales,0,0,0.0,4,0,0.0,2,0,0.0,1,0,0.0,4,3,-1,-0.25,0,0,0,,0.0,0.0,0.0
Angono,0,0,0.0,2,0,0.0,0,0,0.0,4,1,0.25,2,4,2,1.0,0,1,1,,0.0,13036.8,13036.8
Arayat,1,0,0.0,4,0,0.0,0,0,0.0,1,1,1.0,5,1,-4,-0.8,0,1,1,,0.0,11601.2,11601.2
Bohol,0,0,0.0,5,0,0.0,0,0,0.0,1,0,0.0,5,1,-4,-0.8,0,0,0,,0.0,0.0,0.0
Calumpit,1,0,0.0,2,0,0.0,1,0,0.0,2,0,0.0,3,3,0,0.0,0,0,0,,0.0,0.0,0.0
Daet,0,0,0.0,3,0,0.0,2,0,0.0,1,0,0.0,3,3,0,0.0,0,0,0,,0.0,0.0,0.0
Dasmariñas City,2,0,0.0,2,1,0.5,2,0,0.0,0,0,0.0,4,2,-2,-0.5,1,0,-1,-1.0,40095.0,0.0,-40095.0
Ilocos Sur,1,0,0.0,4,0,0.0,1,0,0.0,0,0,0.0,5,1,-4,-0.8,0,0,0,,0.0,0.0,0.0
Laguna Area,2,0,0.0,1,0,0.0,0,0,0.0,3,0,0.0,3,3,0,0.0,0,0,0,,0.0,0.0,0.0
Lapu-Lapu City,1,0,0.0,3,1,0.3333333333333333,1,0,0.0,1,0,0.0,4,2,-2,-0.5,1,0,-1,-1.0,23095.0,0.0,-23095.0
Mabalacat City,0,0,0.0,6,0,0.0,0,0,0.0,0,0,0.0,6,0,-6,-1.0,0,0,0,,0.0,0.0,0.0
Malabon City,0,0,0.0,4,0,0.0,2,0,0.0,0,0,0.0,4,2,-2,-0.5,0,0,0,,0.0,0.0,0.0
Malvar,0,0,0.0,4,1,0.25,1,1,1.0,1,0,0.0,4,2,-2,-0.5,1,1,0,0.0,9641.8,33315.0,23673.2
Naga,0,0,0.0,5,0,0.0,0,0,0.0,1,0,0.0,5,1,-4,-0.8,0,0,0,,0.0,0.0,0.0
Ormoc City,1,0,0.0,1,0,0.0,2,0,0.0,2,0,0.0,2,4,2,1.0,0,0,0,,0.0,0.0,0.0
Pagadian City,0,0,0.0,3,0,0.0,1,0,0.0,2,0,0.0,3,3,0,0.0,0,0,0,,0.0,0.0,0.0
San Antonio,1,0,0.0,2,0,0.0,1,0,0.0,2,0,0.0,3,3,0,0.0,0,0,0,,0.0,0.0,0.0
Tanauan City,1,0,0.0,4,0,0.0,1,0,0.0,0,0,0.0,5,1,-4,-0.8,0,0,0,,0.0,0.0,0.0
Aklan,1,0,0.0,1,0,0.0,2,0,0.0,1,0,0.0,2,3,1,0.5,0,0,0,,0.0,0.0,0.0
Bacoor City,0,0,0.0,3,1,0.3333333333333333,0,0,0.0,2,1,0.5,3,2,-1,-0.33333333333333337,1,1,0,0.0,47850.0,5801.4,-42048.6
Baliuag,1,0,0.0,1,0,0.0,1,0,0.0,2,0,0.0,2,3,1,0.5,0,0,0,,0.0,0.0,0.0
Baliwag,0,0,0.0,5,0,0.0,0,0,0.0,0,0,0.0,5,0,-5,-1.0,0,0,0,,0.0,0.0,0.0
Bocaue,1,0,0.0,3,0,0.0,0,0,0.0,1,0,0.0,4,1,-3,-0.75,0,0,0,,0.0,0.0,0.0
Bukidnon,0,0,0.0,4,0,0.0,0,0,0.0,1,0,0.0,4,1,-3,-0.75,0,0,0,,0.0,0.0,0.0
Dagupan,0,0,0.0,3,0,0.0,2,0,0.0,0,0,0.0,3,2,-1,-0.33333333333333337,0,0,0,,0.0,0.0,0.0
Dipolog City,1,0,0.0,1,0,0.0,1,0,0.0,2,0,0.0,2,3,1,0.5,0,0,0,,0.0,0.0,0.0
Ilocos Norte,2,0,0.0,2,0,0.0,1,0,0.0,0,0,0.0,4,1,-3,-0.75,0,0,0,,0.0,0.0,0.0
Kalibo,0,0,0.0,1,0,0.0,2,0,0.0,2,0,0.0,1,4,3,3.0,0,0,0,,0.0,0.0,0.0
Koronadal City,1,0,0.0,1,0,0.0,2,0,0.0,1,0,0.0,2,3,1,0.5,0,0,0,,0.0,0.0,0.0
Malasiqui,1,0,0.0,1,0,0.0,1,0,0.0,2,0,0.0,2,3,1,0.5,0,0,0,,0.0,0.0,0.0
Mariveles,0,0,0.0,4,1,0.25,0,0,0.0,1,0,0.0,4,1,-3,-0.75,1,0,-1,-1.0,10895.0,0.0,-10895.0
Mindoro,0,0,0.0,1,0,0.0,1,0,0.0,3,0,0.0,1,4,3,3.0,0,0,0,,0.0,0.0,0.0
Morong,0,0,0.0,2,0,0.0,0,0,0.0,3,0,0.0,2,3,1,0.5,0,0,0,,0.0,0.0,0.0
Pampanga Po,1,0,0.0,2,0,0.0,2,0,0.0,0,0,0.0,3,2,-1,-0.33333333333333337,0,0,0,,0.0,0.0,0.0
Paranaque City,1,0,0.0,2,1,0.5,1,0,0.0,1,0,0.0,3,2,-1,-0.33333333333333337,1,0,-1,-1.0,10553.5,0.0,-10553.5
Pulilan,0,0,0.0,4,0,0.0,1,0,0.0,0,0,0.0,4,1,-3,-0.75,0,0,0,,0.0,0.0,0.0
Quezon,0,0,0.0,0,0,0.0,0,0,0.0,5,0,0.0,0,5,5,,0,0,0,,0.0,0.0,0.0
Quezon Province,1,0,0.0,2,0,0.0,1,0,0.0,1,0,0.0,3,2,-1,-0.33333333333333337,0,0,0,,0.0,0.0,0.0
Sorsogon City,2,0,0.0,1,0,0.0,1,0,0.0,1,0,0.0,3,2,-1,-0.33333333333333337,0,0,0,,0.0,0.0,0.0
Tagaytay City,0,0,0.0,2,0,0.0,2,0,0.0,1,0,0.0,2,3,1,0.5,0,0,0,,0.0,0.0,0.0
Talisay City,0,0,0.0,2,1,0.5,1,0,0.0,2,0,0.0,2,3,1,0.5,1,0,-1,-1.0,49650.0,0.0,-49650.0
Tiaong,1,0,0.0,3,0,0.0,0,0,0.0,1,0,0.0,4,1,-3,-0.75,0,0,0,,0.0,0.0,0.0
Urdaneta,1,0,0.0,1,0,0.0,2,0,0.0,1,0,0.0,2,3,1,0.5,0,0,0,,0.0,0.0,0.0
Visayas,0,0,0.0,3,0,0.0,1,0,0.0,1,0,0.0,3,2,-1,-0.33333333333333337,0,0,0,,0.0,0.0,0.0
Albay,0,0,0.0,0,0,0.0,1,0,0.0,3,1,0.3333333333333333,0,4,4,,0,1,1,,0.0,6687.5,6687.5
Amadeo,1,0,0.0,1,1,1.0,1,0,0.0,1,0,0.0,2,2,0,0.0,1,0,-1,-1.0,14000.0,0.0,-14000.0
Apalit,0,0,0.0,2,0,0.0,1,0,0.0,1,0,0.0,2,2,0,0.0,0,0,0,,0.0,0.0,0.0
Balayan,0,0,0.0,2,0,0.0,1,0,0.0,1,0,0.0,2,2,0,0.0,0,0,0,,0.0,0.0,0.0
Baler,1,0,0.0,2,1,0.5,1,0,0.0,0,0,0.0,3,1,-2,-0.6666666666666667,1,0,-1,-1.0,11616.2,0.0,-11616.2
Bay,1,0,0.0,1,0,0.0,2,0,0.0,0,0,0.0,2,2,0,0.0,0,0,0,,0.0,0.0,0.0
Biñan City,1,0,0.0,0,0,0.0,0,0,0.0,3,0,0.0,1,3,2,2.0,0,0,0,,0.0,0.0,0.0
Cagayan,1,0,0.0,1,0,0.0,1,0,0.0,1,0,0.0,2,2,0,0.0,0,0,0,,0.0,0.0,0.0
Dumaguete City,0,0,0.0,3,0,0.0,0,0,0.0,1,0,0.0,3,1,-2,-0.6666666666666667,0,0,0,,0.0,0.0,0.0
Guimba,0,0,0.0,2,0,0.0,0,0,0.0,2,0,0.0,2,2,0,0.0,0,0,0,,0.0,0.0,0.0
Ilocos,1,0,0.0,2,0,0.0,1,0,0.0,0,0,0.0,3,1,-2,-0.6666666666666667,0,0,0,,0.0,0.0,0.0
Infanta,1,1,1.0,0,0,0.0,2,0,0.0,1,0,0.0,1,3,2,2.0,1,0,-1,-1.0,16369.2,0.0,-16369.2
Laoag City,0,0,0.0,0,0,0.0,1,0,0.0,3,0,0.0,0,4,4,,0,0,0,,0.0,0.0,0.0
Legazpi City,1,0,0.0,2,0,0.0,0,0,0.0,1,0,0.0,3,1,-2,-0.6666666666666667,0,0,0,,0.0,0.0,0.0
Magalang,0,0,0.0,3,0,0.0,0,0,0.0,1,0,0.0,3,1,-2,-0.6666666666666667,0,0,0,,0.0,0.0,0.0
Magallanes,2,0,0.0,0,0,0.0,1,0,0.0,1,0,0.0,2,2,0,0.0,0,0,0,,0.0,0.0,0.0
Malolos City,1,0,0.0,2,1,0.5,1,0,0.0,0,0,0.0,3,1,-2,-0.6666666666666667,1,0,-1,-1.0,8791.2,0.0,-8791.2
Marawi City,0,0,0.0,1,0,0.0,1,0,0.0,2,0,0.0,1,3,2,2.0,0,0,0,,0.0,0.0,0.0
Marinduque,1,0,0.0,2,0,0.0,0,0,0.0,1,0,0.0,3,1,-2,-0.6666666666666667,0,0,0,,0.0,0.0,0.0
Munoz,0,0,0.0,2,0,0.0,1,0,0.0,1,0,0.0,2,2,0,0.0,0,0,0,,0.0,0.0,0.0
Negros,1,0,0.0,3,0,0.0,0,0,0.0,0,0,0.0,4,0,-4,-1.0,0,0,0,,0.0,0.0,0.0
Novaliches,2,0,0.0,0,0,0.0,1,0,0.0,1,0,0.0,2,2,0,0.0,0,0,0,,0.0,0.0,0.0
Ormoc,0,0,0.0,1,0,0.0,2,0,0.0,1,0,0.0,1,3,2,2.0,0,0,0,,0.0,0.0,0.0
Palawan,0,0,0.0,2,0,0.0,1,0,0.0,1,0,0.0,2,2,0,0.0,0,0,0,,0.0,0.0,0.0
Palayan City,0,0,0.0,2,0,0.0,1,0,0.0,1,0,0.0,2,2,0,0.0,0,0,0,,0.0,0.0,0.0
Pateros,1,0,0.0,2,0,0.0,0,0,0.0,1,0,0.0,3,1,-2,-0.6666666666666667,0,0,0,,0.0,0.0,0.0
Pila,0,0,0.0,0,0,0.0,2,0,0.0,2,0,0.0,0,4,4,,0,0,0,,0.0,0.0,0.0
Plaridel,1,0,0.0,1,0,0.0,1,0,0.0,1,0,0.0,2,2,0,0.0,0,0,0,,0.0,0.0,0.0
Porac,0,0,0.0,2,0,0.0,1,0,0.0,1,0,0.0,2,2,0,0.0,0,0,0,,0.0,0.0,0.0
Rizal Area,0,0,0.0,0,0,0.0,1,0,0.0,3,0,0.0,0,4,4,,0,0,0,,0.0,0.0,0.0
Roxas,0,0,0.0,1,0,0.0,1,0,0.0,2,0,0.0,1,3,2,2.0,0,0,0,,0.0,0.0,0.0
San Jose Del Monte City,1,0,0.0,0,0,0.0,3,0,0.0,0,0,0.0,1,3,2,2.0,0,0,0,,0.0,0.0,0.0
San Pascual,0,0,0.0,3,0,0.0,0,0,0.0,1,0,0.0,3,1,-2,-0.6666666666666667,0,0,0,,0.0,0.0,0.0
Santa Rosa City,1,0,0.0,0,0,0.0,2,0,0.0,1,0,0.0,1,3,2,2.0,0,0,0,,0.0,0.0,0.0
Sucat,0,0,0.0,1,0,0.0,1,0,0.0,2,0,0.0,1,3,2,2.0,0,0,0,,0.0,0.0,0.0
Surigao City,1,0,0.0,1,0,0.0,0,0,0.0,2,0,0.0,2,2,0,0.0,0,0,0,,0.0,0.0,0.0
Taal,2,0,0.0,1,0,0.0,0,0,0.0,1,0,0.0,3,1,-2,-0.6666666666666667,0,0,0,,0.0,0.0,0.0
Trece Martires City,2,0,0.0,0,0,0.0,2,0,0.0,0,0,0.0,2,2,0,0.0,0,0,0,,0.0,0.0,0.0
Valencia City,0,0,0.0,2,0,0.0,1,0,0.0,1,0,0.0,2,2,0,0.0,0,0,0,,0.0,0.0,0.0
Agoncillo,0,0,0.0,2,0,0.0,0,0,0.0,1,0,0.0,2,1,-1,-0.5,0,0,0,,0.0,0.0,0.0
Alaminos,2,0,0.0,1,0,0.0,0,0,0.0,0,0,0.0,3,0,-3,-1.0,0,0,0,,0.0,0.0,0.0
Balanga,0,0,0.0,1,0,0.0,1,0,0.0,1,0,0.0,1,2,1,1.0,0,0,0,,0.0,0.0,0.0
Bongabon,0,0,0.0,0,0,0.0,1,0,0.0,2,0,0.0,0,3,3,,0,0,0,,0.0,0.0,0.0
Bulakan,0,0,0.0,2,0,0.0,0,0,0.0,1,0,0.0,2,1,-1,-0.5,0,0,0,,0.0,0.0,0.0
Bustos,1,0,0.0,1,0,0.0,0,0,0.0,1,0,0.0,2,1,-1,-0.5,0,0,0,,0.0,0.0,0.0
Calasiao,0,0,0.0,2,0,0.0,0,0,0.0,1,0,0.0,2,1,-1,-0.5,0,0,0,,0.0,0.0,0.0
Catarman,0,0,0.0,1,0,0.0,0,0,0.0,2,1,0.5,1,2,1,1.0,0,1,1,,0.0,25879.6,25879.6
Cauayan City,0,0,0.0,2,0,0.0,0,0,0.0,1,0,0.0,2,1,-1,-0.5,0,0,0,,0.0,0.0,0.0
Compostela,2,0,0.0,1,0,0.0,0,0,0.0,0,0,0.0,3,0,-3,-1.0,0,0,0,,0.0,0.0,0.0
Cotabato,0,0,0.0,0,0,0.0,0,0,0.0,3,0,0.0,0,3,3,,0,0,0,,0.0,0.0,0.0
Dagupan City,0,0,0.0,3,0,0.0,0,0,0.0,0,0,0.0,3,0,-3,-1.0,0,0,0,,0.0,0.0,0.0
Dinalupihan,0,0,0.0,1,0,0.0,1,0,0.0,1,0,0.0,1,2,1,1.0,0,0,0,,0.0,0.0,0.0
Gapan City,3,0,0.0,0,0,0.0,0,0,0.0,0,0,0.0,3,0,-3,-1.0,0,0,0,,0.0,0.0,0.0
Gensan,0,0,0.0,1,0,0.0,0,0,0.0,2,0,0.0,1,2,1,1.0,0,0,0,,0.0,0.0,0.0
Gma,0,0,0.0,3,0,0.0,0,0,0.0,0,0,0.0,3,0,-3,-1.0,0,0,0,,0.0,0.0,0.0
Guagua,0,0,0.0,0,0,0.0,0,0,0.0,3,0,0.0,0,3,3,,0,0,0,,0.0,0.0,0.0
Guiguinto,0,0,0.0,2,0,0.0,1,0,0.0,0,0,0.0,2,1,-1,-0.5,0,0,0,,0.0,0.0,0.0
Hermosa,0,0,0.0,2,0,0.0,0,0,0.0,1,0,0.0,2,1,-1,-0.5,0,0,0,,0.0,0.0,0.0
Las Pinas City,0,0,0.0,1,1,1.0,1,0,0.0,1,0,0.0,1,2,1,1.0,1,0,-1,-1.0,13871.0,0.0,-13871.0
Legazpi,0,0,0.0,1,0,0.0,0,0,0.0,2,0,0.0,1,2,1,1.0,0,0,0,,0.0,0.0,0.0
Leyte Po,1,0,0.0,1,0,0.0,1,0,0.0,0,0,0.0,2,1,-1,-0.5,0,0,0,,0.0,0.0,0.0
Lingayen,1,0,0.0,1,0,0.0,0,0,0.0,1,0,0.0,2,1,-1,-0.5,0,0,0,,0.0,0.0,0.0
Location Pls.,2,0,0.0,1,0,0.0,0,0,0.0,0,0,0.0,3,0,-3,-1.0,0,0,0,,0.0,0.0,0.0
Location Sir,2,0,0.0,1,0,0.0,0,0,0.0,0,0,0.0,3,0,-3,-1.0,0,0,0,,0.0,0.0,0.0
Mabini,0,0,0.0,2,0,0.0,0,0,0.0,1,0,0.0,2,1,-1,-0.5,0,0,0,,0.0,0.0,0.0
Mexico,1,0,0.0,2,0,0.0,0,0,0.0,0,0,0.0,3,0,-3,-1.0,0,0,0,,0.0,0.0,0.0
Naguilian,1,0,0.0,1,0,0.0,0,0,0.0,1,0,0.0,2,1,-1,-0.5,0,0,0,,0.0,0.0,0.0
Nasugbu,0,0,0.0,1,0,0.0,0,0,0.0,2,0,0.0,1,2,1,1.0,0,0,0,,0.0,0.0,0.0
Negros Occidental,1,0,0.0,2,0,0.0,0,0,0.0,0,0,0.0,3,0,-3,-1.0,0,0,0,,0.0,0.0,0.0
Norzagaray,0,0,0.0,2,0,0.0,0,0,0.0,1,0,0.0,2,1,-1,-0.5,0,0,0,,0.0,0.0,0.0
Nyo Po,0,0,0.0,1,0,0.0,2,0,0.0,0,0,0.0,1,2,1,1.0,0,0,0,,0.0,0.0,0.0
Oriental Mindoro,0,0,0.0,1,0,0.0,0,0,0.0,2,0,0.0,1,2,1,1.0,0,0,0,,0.0,0.0,0.0
Padre Garcia,0,0,0.0,2,0,0.0,1,0,0.0,0,0,0.0,2,1,-1,-0.5,0,0,0,,0.0,0.0,0.0
Pagudpud,1,0,0.0,1,0,0.0,0,0,0.0,1,0,0.0,2,1,-1,-0.5,0,0,0,,0.0,0.0,0.0
Pampanga Area,0,0,0.0,0,0,0.0,0,0,0.0,3,0,0.0,0,3,3,,0,0,0,,0.0,0.0,0.0
Pandi,0,0,0.0,2,0,0.0,0,0,0.0,1,0,0.0,2,1,-1,-0.5,0,0,0,,0.0,0.0,0.0
Pili,0,0,0.0,1,0,0.0,0,0,0.0,2,0,0.0,1,2,1,1.0,0,0,0,,0.0,0.0,0.0
Rosales,0,0,0.0,0,0,0.0,1,0,0.0,2,0,0.0,0,3,3,,0,0,0,,0.0,0.0,0.0
Sablayan,0,0,0.0,3,0,0.0,0,0,0.0,0,0,0.0,3,0,-3,-1.0,0,0,0,,0.0,0.0,0.0
San Ildefonso,0,0,0.0,2,0,0.0,0,0,0.0,1,0,0.0,2,1,-1,-0.5,0,0,0,,0.0,0.0,0.0
San Jose City,1,0,0.0,0,0,0.0,0,0,0.0,2,0,0.0,1,2,1,1.0,0,0,0,,0.0,0.0,0.0
San Miguel,0,0,0.0,1,0,0.0,0,0,0.0,2,1,0.5,1,2,1,1.0,0,1,1,,0.0,27500.0,27500.0
San Rafael,0,0,0.0,0,0,0.0,2,0,0.0,1,0,0.0,0,3,3,,0,0,0,,0.0,0.0,0.0
Sariaya,0,0,0.0,2,0,0.0,0,0,0.0,1,0,0.0,2,1,-1,-0.5,0,0,0,,0.0,0.0,0.0
Sta. Maria,0,0,0.0,1,0,0.0,0,0,0.0,2,1,0.5,1,2,1,1.0,0,1,1,,0.0,13000.0,13000.0
Sta. Rosa,0,0,0.0,1,0,0.0,0,0,0.0,2,0,0.0,1,2,1,1.0,0,0,0,,0.0,0.0,0.0
Store Location,0,0,0.0,1,0,0.0,0,0,0.0,2,0,0.0,1,2,1,1.0,0,0,0,,0.0,0.0,0.0
Tagbilaran City,1,0,0.0,1,0,0.0,0,0,0.0,1,0,0.0,2,1,-1,-0.5,0,0,0,,0.0,0.0,0.0
Talisay,1,0,0.0,2,0,0.0,0,0,0.0,0,0,0.0,3,0,-3,-1.0,0,0,0,,0.0,0.0,0.0
Tayabas,1,0,0.0,0,0,0.0,2,0,0.0,0,0,0.0,1,2,1,1.0,0,0,0,,0.0,0.0,0.0
Tuguegarao,0,0,0.0,2,0,0.0,0,0,0.0,1,0,0.0,2,1,-1,-0.5,0,0,0,,0.0,0.0,0.0
Vigan City,0,0,0.0,0,0,0.0,2,0,0.0,1,0,0.0,0,3,3,,0,0,0,,0.0,0.0,0.0
Agoo,0,0,0.0,0,0,0.0,1,0,0.0,1,0,0.0,0,2,2,,0,0,0,,0.0,0.0,0.0
Agusan Del Sur,0,0,0.0,2,0,0.0,0,0,0.0,0,0,0.0,2,0,-2,-1.0,0,0,0,,0.0,0.0,0.0
Alabang,0,0,0.0,1,0,0.0,1,0,0.0,0,0,0.0,1,1,0,0.0,0,0,0,,0.0,0.0,0.0
Alaminos City,0,0,0.0,0,0,0.0,0,0,0.0,2,0,0.0,0,2,2,,0,0,0,,0.0,0.0,0.0
Alicia,0,0,0.0,2,0,0.0,0,0,0.0,0,0,0.0,2,0,-2,-1.0,0,0,0,,0.0,0.0,0.0
Alitagtag,0,0,0.0,2,0,0.0,0,0,0.0,0,0,0.0,2,0,-2,-1.0,0,0,0,,0.0,0.0,0.0
Angat,0,0,0.0,1,0,0.0,0,0,0.0,1,0,0.0,1,1,0,0.0,0,0,0,,0.0,0.0,0.0
Appolo,0,0,0.0,2,0,0.0,0,0,0.0,0,0,0.0,2,0,-2,-1.0,0,0,0,,0.0,0.0,0.0
Bacolor,0,0,0.0,0,0,0.0,1,0,0.0,1,0,0.0,0,2,2,,0,0,0,,0.0,0.0,0.0
Balagtas,0,0,0.0,0,0,0.0,0,0,0.0,2,0,0.0,0,2,2,,0,0,0,,0.0,0.0,0.0
Bambang,1,0,0.0,1,0,0.0,0,0,0.0,0,0,0.0,2,0,-2,-1.0,0,0,0,,0.0,0.0,0.0
Bani,0,0,0.0,1,0,0.0,1,0,0.0,0,0,0.0,1,1,0,0.0,0,0,0,,0.0,0.0,0.0
Baras,1,0,0.0,1,1,1.0,0,0,0.0,0,0,0.0,2,0,-2,-1.0,1,0,-1,-1.0,9641.8,0.0,-9641.8
Batangas Area,0,0,0.0,1,0,0.0,0,0,0.0,1,0,0.0,1,1,0,0.0,0,0,0,,0.0,0.0,0.0
Bayambang,1,0,0.0,0,0,0.0,0,0,0.0,1,0,0.0,1,1,0,0.0,0,0,0,,0.0,0.0,0.0
Bayombong,1,0,0.0,1,0,0.0,0,0,0.0,0,0,0.0,2,0,-2,-1.0,0,0,0,,0.0,0.0,0.0
Benguet,0,0,0.0,0,0,0.0,0,0,0.0,2,1,0.5,0,2,2,,0,1,1,,0.0,47040.0,47040.0
Bikol,0,0,0.0,2,0,0.0,0,0,0.0,0,0,0.0,2,0,-2,-1.0,0,0,0,,0.0,0.0,0.0
Bislig City,0,0,0.0,1,0,0.0,1,0,0.0,0,0,0.0,1,1,0,0.0,0,0,0,,0.0,0.0,0.0
Bolinao,0,0,0.0,2,0,0.0,0,0,0.0,0,0,0.0,2,0,-2,-1.0,0,0,0,,0.0,0.0,0.0
Bontoc,0,0,0.0,1,1,1.0,0,0,0.0,1,0,0.0,1,1,0,0.0,1,0,-1,-1.0,28785.2,0.0,-28785.2
Bos,0,0,0.0,1,0,0.0,0,0,0.0,1,0,0.0,1,1,0,0.0,0,0,0,,0.0,0.0,0.0
Bulacan Po,0,0,0.0,1,0,0.0,0,0,0.0,1,0,0.0,1,1,0,0.0,0,0,0,,0.0,0.0,0.0
Calabarzon,0,0,0.0,0,0,0.0,0,0,0.0,2,0,0.0,0,2,2,,0,0,0,,0.0,0.0,0.0
Calapan City,0,0,0.0,1,0,0.0,1,0,0.0,0,0,0.0,1,1,0,0.0,0,0,0,,0.0,0.0,0.0
Calatagan,1,0,0.0,0,0,0.0,0,0,0.0,1,0,0.0,1,1,0,0.0,0,0,0,,0.0,0.0,0.0
Camarines Norte,0,0,0.0,2,0,0.0,0,0,0.0,0,0,0.0,2,0,-2,-1.0,0,0,0,,0.0,0.0,0.0
Candaba,0,0,0.0,1,0,0.0,1,0,0.0,0,0,0.0,1,1,0,0.0,0,0,0,,0.0,0.0,0.0
Clark,0,0,0.0,0,0,0.0,1,0,0.0,1,0,0.0,0,2,2,,0,0,0,,0.0,0.0,0.0
Commonwealth,1,0,0.0,0,0,0.0,1,0,0.0,0,0,0.0,1,1,0,0.0,0,0,0,,0.0,0.0,0.0
Concepcion,1,0,0.0,1,0,0.0,0,0,0.0,0,0,0.0,2,0,-2,-1.0,0,0,0,,0.0,0.0,0.0
Consolacion,1,0,0.0,1,0,0.0,0,0,0.0,0,0,0.0,2,0,-2,-1.0,0,0,0,,0.0,0.0,0.0
Cuenca,1,0,0.0,1,0,0.0,0,0,0.0,0,0,0.0,2,0,-2,-1.0,0,0,0,,0.0,0.0,0.0
Daanbantayan,0,0,0.0,1,1,1.0,0,0,0.0,1,0,0.0,1,1,0,0.0,1,0,-1,-1.0,39013.4,0.0,-39013.4
Daraga,0,0,0.0,1,0,0.0,0,0,0.0,1,0,0.0,1,1,0,0.0,0,0,0,,0.0,0.0,0.0
Dasma,0,0,0.0,1,0,0.0,0,0,0.0,1,0,0.0,1,1,0,0.0,0,0,0,,0.0,0.0,0.0
Dipolog,0,0,0.0,1,0,0.0,0,0,0.0,1,0,0.0,1,1,0,0.0,0,0,0,,0.0,0.0,0.0
El Nido,0,0,0.0,1,0,0.0,0,0,0.0,1,0,0.0,1,1,0,0.0,0,0,0,,0.0,0.0,0.0
Fairview,0,0,0.0,1,0,0.0,0,0,0.0,1,0,0.0,1,1,0,0.0,0,0,0,,0.0,0.0,0.0
Floridablanca,0,0,0.0,0,0,0.0,1,0,0.0,1,0,0.0,0,2,2,,0,0,0,,0.0,0.0,0.0
Gapan,1,0,0.0,1,0,0.0,0,0,0.0,0,0,0.0,2,0,-2,-1.0,0,0,0,,0.0,0.0,0.0
Gen. Trias,0,0,0.0,1,0,0.0,0,0,0.0,1,0,0.0,1,1,0,0.0,0,0,0,,0.0,0.0,0.0
General Mariano Alvarez,0,0,0.0,2,0,0.0,0,0,0.0,0,0,0.0,2,0,-2,-1.0,0,0,0,,0.0,0.0,0.0
Guimaras,0,0,0.0,0,0,0.0,0,0,0.0,2,0,0.0,0,2,2,,0,0,0,,0.0,0.0,0.0
Ilagan,0,0,0.0,1,0,0.0,0,0,0.0,1,0,0.0,1,1,0,0.0,0,0,0,,0.0,0.0,0.0
Iligan,1,0,0.0,1,0,0.0,0,0,0.0,0,0,0.0,2,0,-2,-1.0,0,0,0,,0.0,0.0,0.0
Jolo,0,0,0.0,2,0,0.0,0,0,0.0,0,0,0.0,2,0,-2,-1.0,0,0,0,,0.0,0.0,0.0
Kidapawan City,0,0,0.0,0,0,0.0,0,0,0.0,2,0,0.0,0,2,2,,0,0,0,,0.0,0.0,0.0
Kolambugan,0,0,0.0,1,0,0.0,0,0,0.0,1,0,0.0,1,1,0,0.0,0,0,0,,0.0,0.0,0.0
La Trinidad,1,0,0.0,1,0,0.0,0,0,0.0,0,0,0.0,2,0,-2,-1.0,0,0,0,,0.0,0.0,0.0
Laguna Po,0,0,0.0,0,0,0.0,2,0,0.0,0,0,0.0,0,2,2,,0,0,0,,0.0,0.0,0.0
Lanao Del Norte,1,0,0.0,1,0,0.0,0,0,0.0,0,0,0.0,2,0,-2,-1.0,0,0,0,,0.0,0.0,0.0
Lapu-Lapu,0,0,0.0,2,0,0.0,0,0,0.0,0,0,0.0,2,0,-2,-1.0,0,0,0,,0.0,0.0,0.0
Laurel,0,0,0.0,1,0,0.0,1,0,0.0,0,0,0.0,1,1,0,0.0,0,0,0,,0.0,0.0,0.0
Legaspi,0,0,0.0,2,0,0.0,0,0,0.0,0,0,0.0,2,0,-2,-1.0,0,0,0,,0.0,0.0,0.0
Lian,1,0,0.0,0,0,0.0,0,0,0.0,1,0,0.0,1,1,0,0.0,0,0,0,,0.0,0.0,0.0
Limay,0,0,0.0,2,0,0.0,0,0,0.0,0,0,0.0,2,0,-2,-1.0,0,0,0,,0.0,0.0,0.0
Loc Nyo Po,0,0,0.0,1,0,0.0,0,0,0.0,1,0,0.0,1,1,0,0.0,0,0,0,,0.0,0.0,0.0
Loc.,0,0,0.0,1,0,0.0,0,0,0.0,1,0,0.0,1,1,0,0.0,0,0,0,,0.0,0.0,0.0
Loc.Po,0,0,0.0,1,0,0.0,1,0,0.0,0,0,0.0,1,1,0,0.0,0,0,0,,0.0,0.0,0.0
Location Boss,0,0,0.0,2,0,0.0,0,0,0.0,0,0,0.0,2,0,-2,-1.0,0,0,0,,0.0,0.0,0.0
Location Nio,0,0,0.0,0,0,0.0,1,0,0.0,1,0,0.0,0,2,2,,0,0,0,,0.0,0.0,0.0
Location Pls Ty,1,0,0.0,0,0,0.0,0,0,0.0,1,0,0.0,1,1,0,0.0,0,0,0,,0.0,0.0,0.0
Location Po Ninyo,0,0,0.0,0,0,0.0,1,0,0.0,1,0,0.0,0,2,2,,0,0,0,,0.0,0.0,0.0
Location.,0,0,0.0,0,0,0.0,0,0,0.0,2,0,0.0,0,2,2,,0,0,0,,0.0,0.0,0.0
Lumban,0,0,0.0,1,0,0.0,1,0,0.0,0,0,0.0,1,1,0,0.0,0,0,0,,0.0,0.0,0.0
Malaybalay,0,0,0.0,1,0,0.0,1,0,0.0,0,0,0.0,1,1,0,0.0,0,0,0,,0.0,0.0,0.0
Mandaue,1,0,0.0,0,0,0.0,0,0,0.0,1,0,0.0,1,1,0,0.0,0,0,0,,0.0,0.0,0.0
Mendez,0,0,0.0,1,0,0.0,1,0,0.0,0,0,0.0,1,1,0,0.0,0,0,0,,0.0,0.0,0.0
Meycauayan City,0,0,0.0,1,0,0.0,1,0,0.0,0,0,0.0,1,1,0,0.0,0,0,0,,0.0,0.0,0.0
Minalin,0,0,0.0,1,0,0.0,0,0,0.0,1,0,0.0,1,1,0,0.0,0,0,0,,0.0,0.0,0.0
Naval,1,0,0.0,0,0,0.0,0,0,0.0,1,0,0.0,1,1,0,0.0,0,0,0,,0.0,0.0,0.0
Navotas City,0,0,0.0,1,0,0.0,1,0,0.0,0,0,0.0,1,1,0,0.0,0,0,0,,0.0,0.0,0.0
Northern Samar,0,0,0.0,2,0,0.0,0,0,0.0,0,0,0.0,2,0,-2,-1.0,0,0,0,,0.0,0.0,0.0
Nueva Ecija Po,0,0,0.0,1,0,0.0,0,0,0.0,1,0,0.0,1,1,0,0.0,0,0,0,,0.0,0.0,0.0
Oroquieta City,0,0,0.0,0,0,0.0,0,0,0.0,2,0,0.0,0,2,2,,0,0,0,,0.0,0.0,0.0
Ozamis City,0,0,0.0,0,0,0.0,1,0,0.0,1,0,0.0,0,2,2,,0,0,0,,0.0,0.0,0.0
Ozamiz City,0,0,0.0,2,0,0.0,0,0,0.0,0,0,0.0,2,0,-2,-1.0,0,0,0,,0.0,0.0,0.0
Pagsanjan,0,0,0.0,1,0,0.0,0,0,0.0,1,0,0.0,1,1,0,0.0,0,0,0,,0.0,0.0,0.0
Pangasinan Po,0,0,0.0,1,0,0.0,0,0,0.0,1,0,0.0,1,1,0,0.0,0,0,0,,0.0,0.0,0.0
Pantukan,1,0,0.0,0,0,0.0,0,0,0.0,1,0,0.0,1,1,0,0.0,0,0,0,,0.0,0.0,0.0
Pililla,0,0,0.0,1,0,0.0,1,0,0.0,0,0,0.0,1,1,0,0.0,0,0,0,,0.0,0.0,0.0
Po,1,0,0.0,1,0,0.0,0,0,0.0,0,0,0.0,2,0,-2,-1.0,0,0,0,,0.0,0.0,0.0
Qc,0,0,0.0,0,0,0.0,2,0,0.0,0,0,0.0,0,2,2,,0,0,0,,0.0,0.0,0.0
Rizal Po,0,0,0.0,0,0,0.0,2,0,0.0,0,0,0.0,0,2,2,,0,0,0,,0.0,0.0,0.0
Romblon,0,0,0.0,0,0,0.0,2,1,0.5,0,0,0.0,0,2,2,,0,1,1,,0.0,42874.0,42874.0
San Carlos City,1,0,0.0,1,0,0.0,0,0,0.0,0,0,0.0,2,0,-2,-1.0,0,0,0,,0.0,0.0,0.0
San Isidro,0,0,0.0,1,0,0.0,0,0,0.0,1,0,0.0,1,1,0,0.0,0,0,0,,0.0,0.0,0.0
San Simon,0,0,0.0,2,0,0.0,0,0,0.0,0,0,0.0,2,0,-2,-1.0,0,0,0,,0.0,0.0,0.0
Santa Barbara,0,0,0.0,0,0,0.0,0,0,0.0,2,0,0.0,0,2,2,,0,0,0,,0.0,0.0,0.0
Siargao,0,0,0.0,1,0,0.0,0,0,0.0,1,0,0.0,1,1,0,0.0,0,0,0,,0.0,0.0,0.0
Sorsogon,0,0,0.0,1,0,0.0,0,0,0.0,1,0,0.0,1,1,0,0.0,0,0,0,,0.0,0.0,0.0
South Cotabato,1,0,0.0,0,0,0.0,0,0,0.0,1,0,0.0,1,1,0,0.0,0,0,0,,0.0,0.0,0.0
Southern Leyte,1,0,0.0,0,0,0.0,1,0,0.0,0,0,0.0,1,1,0,0.0,0,0,0,,0.0,0.0,0.0
Tagbilaran,0,0,0.0,1,0,0.0,1,0,0.0,0,0,0.0,1,1,0,0.0,0,0,0,,0.0,0.0,0.0
Tagum,0,0,0.0,0,0,0.0,1,0,0.0,1,0,0.0,0,2,2,,0,0,0,,0.0,0.0,0.0
Talavera,0,0,0.0,1,0,0.0,1,0,0.0,0,0,0.0,1,1,0,0.0,0,0,0,,0.0,0.0,0.0
Tayabas City,0,0,0.0,1,0,0.0,0,0,0.0,1,0,0.0,1,1,0,0.0,0,0,0,,0.0,0.0,0.0
Taysan,0,0,0.0,2,0,0.0,0,0,0.0,0,0,0.0,2,0,-2,-1.0,0,0,0,,0.0,0.0,0.0
Tondo,0,0,0.0,1,0,0.0,0,0,0.0,1,0,0.0,1,1,0,0.0,0,0,0,,0.0,0.0,0.0
Vigan,1,0,0.0,0,0,0.0,0,0,0.0,1,0,0.0,1,1,0,0.0,0,0,0,,0.0,0.0,0.0
Villasis,1,0,0.0,1,0,0.0,0,0,0.0,0,0,0.0,2,0,-2,-1.0,0,0,0,,0.0,0.0,0.0
Virac,0,0,0.0,1,0,0.0,0,0,0.0,1,0,0.0,1,1,0,0.0,0,0,0,,0.0,0.0,0.0
West Lake,1,0,0.0,0,0,0.0,0,0,0.0,1,0,0.0,1,1,0,0.0,0,0,0,,0.0,0.0,0.0
Your Location,1,0,0.0,0,0,0.0,0,0,0.0,1,0,0.0,1,1,0,0.0,0,0,0,,0.0,0.0,0.0
Zamboanga Sibugay,0,0,0.0,2,0,0.0,0,0,0.0,0,0,0.0,2,0,-2,-1.0,0,0,0,,0.0,0.0,0.0
#14,0,0,0.0,0,0,0.0,0,0,0.0,1,0,0.0,0,1,1,,0,0,0,,0.0,0.0,0.0
4 An Gulong,0,0,0.0,0,0,0.0,1,0,0.0,0,0,0.0,0,1,1,,0,0,0,,0.0,0.0,0.0
Abra Coldilleara,0,0,0.0,1,0,0.0,0,0,0.0,0,0,0.0,1,0,-1,-1.0,0,0,0,,0.0,0.0,0.0
Addres Sa Rizal,0,0,0.0,0,0,0.0,0,0,0.0,1,0,0.0,0,1,1,,0,0,0,,0.0,0.0,0.0
Adress,0,0,0.0,0,0,0.0,0,0,0.0,1,0,0.0,0,1,1,,0,0,0,,0.0,0.0,0.0
Ahop,0,0,0.0,1,0,0.0,0,0,0.0,0,0,0.0,1,0,-1,-1.0,0,0,0,,0.0,0.0,0.0
Ako Ang Pupunta,1,0,0.0,0,0,0.0,0,0,0.0,0,0,0.0,1,0,-1,-1.0,0,0,0,,0.0,0.0,0.0
Albay Po,0,0,0.0,0,0,0.0,1,0,0.0,0,0,0.0,0,1,1,,0,0,0,,0.0,0.0,0.0
Albay Po Sir,0,0,0.0,0,0,0.0,0,0,0.0,1,0,0.0,0,1,1,,0,0,0,,0.0,0.0,0.0
Aliaga,0,0,0.0,0,0,0.0,0,0,0.0,1,0,0.0,0,1,1,,0,0,0,,0.0,0.0,0.0
Ang Layo,0,0,0.0,1,0,0.0,0,0,0.0,0,0,0.0,1,0,-1,-1.0,0,0,0,,0.0,0.0,0.0
Ang Mahal Pla,1,0,0.0,0,0,0.0,0,0,0.0,0,0,0.0,1,0,-1,-1.0,0,0,0,,0.0,0.0,0.0
Anini-Y,0,0,0.0,0,0,0.0,1,0,0.0,0,0,0.0,0,1,1,,0,0,0,,0.0,0.0,0.0
Antique Aq,0,0,0.0,0,0,0.0,1,0,0.0,0,0,0.0,0,1,1,,0,0,0,,0.0,0.0,0.0
Anywhere In Thr Philippines,0,0,0.0,1,0,0.0,0,0,0.0,0,0,0.0,1,0,-1,-1.0,0,0,0,,0.0,0.0,0.0
Aparri,0,0,0.0,0,0,0.0,0,0,0.0,1,0,0.0,0,1,1,,0,0,0,,0.0,0.0,0.0
Area,0,0,0.0,1,0,0.0,0,0,0.0,0,0,0.0,1,0,-1,-1.0,0,0,0,,0.0,0.0,0.0
Around Laguna,0,0,0.0,0,0,0.0,0,0,0.0,1,0,0.0,0,1,1,,0,0,0,,0.0,0.0,0.0
Asayang,0,0,0.0,0,0,0.0,0,0,0.0,1,0,0.0,0,1,1,,0,0,0,,0.0,0.0,0.0
Asingan,0,0,0.0,1,0,0.0,0,0,0.0,0,0,0.0,1,0,-1,-1.0,0,0,0,,0.0,0.0,0.0
Aurora Province,0,0,0.0,1,0,0.0,0,0,0.0,0,0,0.0,1,0,-1,-1.0,0,0,0,,0.0,0.0,0.0
B.E. Dujali,0,0,0.0,1,0,0.0,0,0,0.0,0,0,0.0,1,0,-1,-1.0,0,0,0,,0.0,0.0,0.0
Baganga,0,0,0.0,0,0,0.0,1,0,0.0,0,0,0.0,0,1,1,,0,0,0,,0.0,0.0,0.0
Baguip City,0,0,0.0,0,0,0.0,1,0,0.0,0,0,0.0,0,1,1,,0,0,0,,0.0,0.0,0.0
Bais City,0,0,0.0,1,0,0.0,0,0,0.0,0,0,0.0,1,0,-1,-1.0,0,0,0,,0.0,0.0,0.0
Balingasag,0,0,0.0,0,0,0.0,0,0,0.0,1,0,0.0,0,1,1,,0,0,0,,0.0,0.0,0.0
Balungao,0,0,0.0,1,0,0.0,0,0,0.0,0,0,0.0,1,0,-1,-1.0,0,0,0,,0.0,0.0,0.0
Banaue,0,0,0.0,1,0,0.0,0,0,0.0,0,0,0.0,1,0,-1,-1.0,0,0,0,,0.0,0.0,0.0
Banawe,0,0,0.0,0,0,0.0,0,0,0.0,1,0,0.0,0,1,1,,0,0,0,,0.0,0.0,0.0
Baseco Pier,0,0,0.0,0,0,0.0,1,0,0.0,0,0,0.0,0,1,1,,0,0,0,,0.0,0.0,0.0
Basilisa,0,0,0.0,1,0,0.0,0,0,0.0,0,0,0.0,1,0,-1,-1.0,0,0,0,,0.0,0.0,0.0
Basista,0,0,0.0,0,0,0.0,1,0,0.0,0,0,0.0,0,1,1,,0,0,0,,0.0,0.0,0.0
Bataan O Zambales Area,0,0,0.0,0,0,0.0,1,0,0.0,0,0,0.0,0,1,1,,0,0,0,,0.0,0.0,0.0
Bataan Po,0,0,0.0,1,0,0.0,0,0,0.0,0,0,0.0,1,0,-1,-1.0,0,0,0,,0.0,0.0,0.0
Bataan Po Ako,0,0,0.0,1,0,0.0,0,0,0.0,0,0,0.0,1,0,-1,-1.0,0,0,0,,0.0,0.0,0.0
Bataan Willing To Go If Pampanga Po Available,0,0,0.0,1,0,0.0,0,0,0.0,0,0,0.0,1,0,-1,-1.0,0,0,0,,0.0,0.0,0.0
Batanagas,0,0,0.0,1,0,0.0,0,0,0.0,0,0,0.0,1,0,-1,-1.0,0,0,0,,0.0,0.0,0.0
Batangas Papp,0,0,0.0,1,0,0.0,0,0,0.0,0,0,0.0,1,0,-1,-1.0,0,0,0,,0.0,0.0,0.0
Batangas Pier,0,0,0.0,0,0,0.0,0,0,0.0,1,0,0.0,0,1,1,,0,0,0,,0.0,0.0,0.0
Batangas Po,0,0,0.0,1,0,0.0,0,0,0.0,0,0,0.0,1,0,-1,-1.0,0,0,0,,0.0,0.0,0.0
Batangas Province,0,0,0.0,0,0,0.0,0,0,0.0,1,0,0.0,0,1,1,,0,0,0,,0.0,0.0,0.0
Batanggas,0,0,0.0,1,0,0.0,0,0,0.0,0,0,0.0,1,0,-1,-1.0,0,0,0,,0.0,0.0,0.0
Batasan Qc,0,0,0.0,0,0,0.0,0,0,0.0,1,0,0.0,0,1,1,,0,0,0,,0.0,0.0,0.0
Bato,0,0,0.0,0,0,0.0,0,0,0.0,1,0,0.0,0,1,1,,0,0,0,,0.0,0.0,0.0
Bats,0,0,0.0,0,0,0.0,0,0,0.0,1,0,0.0,0,1,1,,0,0,0,,0.0,0.0,0.0
Bats City,1,0,0.0,0,0,0.0,0,0,0.0,0,0,0.0,1,0,-1,-1.0,0,0,0,,0.0,0.0,0.0
Bauang,0,0,0.0,0,0,0.0,0,0,0.0,1,0,0.0,0,1,1,,0,0,0,,0.0,0.0,0.0
Bauko,0,0,0.0,1,1,1.0,0,0,0.0,0,0,0.0,1,0,-1,-1.0,1,0,-1,-1.0,15711.1,0.0,-15711.1
Bautista,0,0,0.0,0,0,0.0,0,0,0.0,1,0,0.0,0,1,1,,0,0,0,,0.0,0.0,0.0
Bayawan,0,0,0.0,1,0,0.0,0,0,0.0,0,0,0.0,1,0,-1,-1.0,0,0,0,,0.0,0.0,0.0
Baybay City,1,0,0.0,0,0,0.0,0,0,0.0,0,0,0.0,1,0,-1,-1.0,0,0,0,,0.0,0.0,0.0
Bayugan City,0,0,0.0,1,0,0.0,0,0,0.0,0,0,0.0,1,0,-1,-1.0,0,0,0,,0.0,0.0,0.0
Bcol,0,0,0.0,0,0,0.0,1,0,0.0,0,0,0.0,0,1,1,,0,0,0,,0.0,0.0,0.0
Benito Soliven,1,0,0.0,0,0,0.0,0,0,0.0,0,0,0.0,1,0,-1,-1.0,0,0,0,,0.0,0.0,0.0
Bf Paranaque,0,0,0.0,0,0,0.0,0,0,0.0,1,0,0.0,0,1,1,,0,0,0,,0.0,0.0,0.0
Bicol Area,1,0,0.0,0,0,0.0,0,0,0.0,0,0,0.0,1,0,-1,-1.0,0,0,0,,0.0,0.0,0.0
Bicol Location,0,0,0.0,0,0,0.0,1,0,0.0,0,0,0.0,0,1,1,,0,0,0,,0.0,0.0,0.0
Bicol Po Cam Sur,0,0,0.0,1,0,0.0,0,0,0.0,0,0,0.0,1,0,-1,-1.0,0,0,0,,0.0,0.0,0.0
Bikol Area Po Kasi Aaku,0,0,0.0,0,0,0.0,0,0,0.0,1,0,0.0,0,1,1,,0,0,0,,0.0,0.0,0.0
Bikol Po Aq.,0,0,0.0,1,0,0.0,0,0,0.0,0,0,0.0,1,0,-1,-1.0,0,0,0,,0.0,0.0,0.0
Binan City,0,0,0.0,0,0,0.0,1,0,0.0,0,0,0.0,0,1,1,,0,0,0,,0.0,0.0,0.0
Binmaley,0,0,0.0,1,0,0.0,0,0,0.0,0,0,0.0,1,0,-1,-1.0,0,0,0,,0.0,0.0,0.0
Bislig,0,0,0.0,0,0,0.0,0,0,0.0,1,1,1.0,0,1,1,,0,1,1,,0.0,10320.6,10320.6
Bodiga,0,0,0.0,1,0,0.0,0,0,0.0,0,0,0.0,1,0,-1,-1.0,0,0,0,,0.0,0.0,0.0
Bohol Area,0,0,0.0,0,0,0.0,1,0,0.0,0,0,0.0,0,1,1,,0,0,0,,0.0,0.0,0.0
Bohol Po,1,0,0.0,0,0,0.0,0,0,0.0,0,0,0.0,1,0,-1,-1.0,0,0,0,,0.0,0.0,0.0
Bong Romano Zone 3 Ogbong Biga Catanduanes,0,0,0.0,0,0,0.0,0,0,0.0,1,0,0.0,0,1,1,,0,0,0,,0.0,0.0,0.0
Bosch Mangghan,0,0,0.0,0,0,0.0,0,0,0.0,1,0,0.0,0,1,1,,0,0,0,,0.0,0.0,0.0
Buenavista,1,0,0.0,0,0,0.0,0,0,0.0,0,0,0.0,1,0,-1,-1.0,0,0,0,,0.0,0.0,0.0
Bukacan,1,0,0.0,0,0,0.0,0,0,0.0,0,0,0.0,1,0,-1,-1.0,0,0,0,,0.0,0.0,0.0
Bukidnon Po,1,0,0.0,0,0,0.0,0,0,0.0,0,0,0.0,1,0,-1,-1.0,0,0,0,,0.0,0.0,0.0
Bukidnon Pp Kami,0,0,0.0,1,0,0.0,0,0,0.0,0,0,0.0,1,0,-1,-1.0,0,0,0,,0.0,0.0,0.0
Bulacan Area,0,0,0.0,1,0,0.0,0,0,0.0,0,0,0.0,1,0,-1,-1.0,0,0,0,,0.0,0.0,0.0
Bulacan Area Po,0,0,0.0,1,0,0.0,0,0,0.0,0,0,0.0,1,0,-1,-1.0,0,0,0,,0.0,0.0,0.0
Bulacan Branch,0,0,0.0,0,0,0.0,0,0,0.0,1,0,0.0,0,1,1,,0,0,0,,0.0,0.0,0.0
Bulacan Location,0,0,0.0,1,0,0.0,0,0,0.0,0,0,0.0,1,0,-1,-1.0,0,0,0,,0.0,0.0,0.0
Bulacan Sit,0,0,0.0,1,0,0.0,0,0,0.0,0,0,0.0,1,0,-1,-1.0,0,0,0,,0.0,0.0,0.0
Burgos,0,0,0.0,0,0,0.0,1,0,0.0,0,0,0.0,0,1,1,,0,0,0,,0.0,0.0,0.0
Butuan,0,0,0.0,1,0,0.0,0,0,0.0,0,0,0.0,1,0,-1,-1.0,0,0,0,,0.0,0.0,0.0
C. Raymundo,0,0,0.0,0,0,0.0,0,0,0.0,1,0,0.0,0,1,1,,0,0,0,,0.0,0.0,0.0
Cab.N.E.,0,0,0.0,1,0,0.0,0,0,0.0,0,0,0.0,1,0,-1,-1.0,0,0,0,,0.0,0.0,0.0
Caba,0,0,0.0,1,1,1.0,0,0,0.0,0,0,0.0,1,0,-1,-1.0,1,0,-1,-1.0,33000.0,0.0,-33000.0
Cabadbaran,0,0,0.0,1,0,0.0,0,0,0.0,0,0,0.0,1,0,-1,-1.0,0,0,0,,0.0,0.0,0.0
Cabagan,0,0,0.0,1,0,0.0,0,0,0.0,0,0,0.0,1,0,-1,-1.0,0,0,0,,0.0,0.0,0.0
Cabiao,0,0,0.0,0,0,0.0,0,0,0.0,1,0,0.0,0,1,1,,0,0,0,,0.0,0.0,0.0
Cagayan Valley Area,0,0,0.0,1,0,0.0,0,0,0.0,0,0,0.0,1,0,-1,-1.0,0,0,0,,0.0,0.0,0.0
Cagayan Valley Loc Ko,0,0,0.0,1,0,0.0,0,0,0.0,0,0,0.0,1,0,-1,-1.0,0,0,0,,0.0,0.0,0.0
Calaca,0,0,0.0,1,0,0.0,0,0,0.0,0,0,0.0,1,0,-1,-1.0,0,0,0,,0.0,0.0,0.0
Calapan,0,0,0.0,1,0,0.0,0,0,0.0,0,0,0.0,1,0,-1,-1.0,0,0,0,,0.0,0.0,0.0
Calbayog,0,0,0.0,1,0,0.0,0,0,0.0,0,0,0.0,1,0,-1,-1.0,0,0,0,,0.0,0.0,0.0
Cam Norte,0,0,0.0,0,0,0.0,0,0,0.0,1,0,0.0,0,1,1,,0,0,0,,0.0,0.0,0.0
Cam.Sur,1,0,0.0,0,0,0.0,0,0,0.0,0,0,0.0,1,0,-1,-1.0,0,0,0,,0.0,0.0,0.0
Camarines,1,0,0.0,0,0,0.0,0,0,0.0,0,0,0.0,1,0,-1,-1.0,0,0,0,,0.0,0.0,0.0
Camarines Sur,0,0,0.0,1,0,0.0,0,0,0.0,0,0,0.0,1,0,-1,-1.0,0,0,0,,0.0,0.0,0.0
Camiling,0,0,0.0,0,0,0.0,0,0,0.0,1,0,0.0,0,1,1,,0,0,0,,0.0,0.0,0.0
Camsur,0,0,0.0,0,0,0.0,0,0,0.0,1,0,0.0,0,1,1,,0,0,0,,0.0,0.0,0.0
Candon City,0,0,0.0,0,0,0.0,1,0,0.0,0,0,0.0,0,1,1,,0,0,0,,0.0,0.0,0.0
Canlubang,0,0,0.0,0,0,0.0,0,0,0.0,1,0,0.0,0,1,1,,0,0,0,,0.0,0.0,0.0
Capoocan,0,0,0.0,0,0,0.0,0,0,0.0,1,0,0.0,0,1,1,,0,0,0,,0.0,0.0,0.0
Carcar,0,0,0.0,1,0,0.0,0,0,0.0,0,0,0.0,1,0,-1,-1.0,0,0,0,,0.0,0.0,0.0
Carcar City,0,0,0.0,0,0,0.0,0,0,0.0,1,0,0.0,0,1,1,,0,0,0,,0.0,0.0,0.0
Cardona,0,0,0.0,0,0,0.0,0,0,0.0,1,0,0.0,0,1,1,,0,0,0,,0.0,0.0,0.0
Carmen,0,0,0.0,0,0,0.0,0,0,0.0,1,1,1.0,0,1,1,,0,1,1,,0.0,7200.0,7200.0
Carmona City,0,0,0.0,1,0,0.0,0,0,0.0,0,0,0.0,1,0,-1,-1.0,0,0,0,,0.0,0.0,0.0
Castillejos,1,0,0.0,0,0,0.0,0,0,0.0,0,0,0.0,1,0,-1,-1.0,0,0,0,,0.0,0.0,0.0
Catbalogan,0,0,0.0,1,0,0.0,0,0,0.0,0,0,0.0,1,0,-1,-1.0,0,0,0,,0.0,0.0,0.0
Catbalogan City,0,0,0.0,0,0,0.0,1,0,0.0,0,0,0.0,0,1,1,,0,0,0,,0.0,0.0,0.0
Cauayan,0,0,0.0,1,0,0.0,0,0,0.0,0,0,0.0,1,0,-1,-1.0,0,0,0,,0.0,0.0,0.0
Cavite Area Po,0,0,0.0,1,0,0.0,0,0,0.0,0,0,0.0,1,0,-1,-1.0,0,0,0,,0.0,0.0,0.0
Cavite Area Poh Ako,0,0,0.0,0,0,0.0,0,0,0.0,1,0,0.0,0,1,1,,0,0,0,,0.0,0.0,0.0
Cavite Loc,0,0,0.0,0,0,0.0,0,0,0.0,1,0,0.0,0,1,1,,0,0,0,,0.0,0.0,0.0
Cavite Locatiom,0,0,0.0,0,0,0.0,0,0,0.0,1,0,0.0,0,1,1,,0,0,0,,0.0,0.0,0.0
Cavite Location,0,0,0.0,1,0,0.0,0,0,0.0,0,0,0.0,1,0,-1,-1.0,0,0,0,,0.0,0.0,0.0
Cavite Po,0,0,0.0,0,0,0.0,0,0,0.0,1,0,0.0,0,1,1,,0,0,0,,0.0,0.0,0.0
Cavite Store Location,0,0,0.0,1,0,0.0,0,0,0.0,0,0,0.0,1,0,-1,-1.0,0,0,0,,0.0,0.0,0.0
Cdo,0,0,0.0,1,0,0.0,0,0,0.0,0,0,0.0,1,0,-1,-1.0,0,0,0,,0.0,0.0,0.0
Cdoc,0,0,0.0,0,0,0.0,0,0,0.0,1,0,0.0,0,1,1,,0,0,0,,0.0,0.0,0.0
Cebu Province Po,0,0,0.0,1,0,0.0,0,0,0.0,0,0,0.0,1,0,-1,-1.0,0,0,0,,0.0,0.0,0.0
Cebubor Bohol,0,0,0.0,0,0,0.0,1,0,0.0,0,0,0.0,0,1,1,,0,0,0,,0.0,0.0,0.0
City Of Ilagan,0,0,0.0,0,0,0.0,1,0,0.0,0,0,0.0,0,1,1,,0,0,0,,0.0,0.0,0.0
City Of San Fernando,0,0,0.0,1,0,0.0,0,0,0.0,0,0,0.0,1,0,-1,-1.0,0,0,0,,0.0,0.0,0.0
City/Barangay,1,0,0.0,0,0,0.0,0,0,0.0,0,0,0.0,1,0,-1,-1.0,0,0,0,,0.0,0.0,0.0
Clark Freeport Zone,1,1,1.0,0,0,0.0,0,0,0.0,0,0,0.0,1,0,-1,-1.0,1,0,-1,-1.0,88289.75,0.0,-88289.75
Close Kau Pag Sunday Thank You...,0,0,0.0,1,0,0.0,0,0,0.0,0,0,0.0,1,0,-1,-1.0,0,0,0,,0.0,0.0,0.0
Cogeo,0,0,0.0,0,0,0.0,0,0,0.0,1,0,0.0,0,1,1,,0,0,0,,0.0,0.0,0.0
Commonwealth Area,1,0,0.0,0,0,0.0,0,0,0.0,0,0,0.0,1,0,-1,-1.0,0,0,0,,0.0,0.0,0.0
Commonwealth Qc,0,0,0.0,0,0,0.0,1,0,0.0,0,0,0.0,0,1,1,,0,0,0,,0.0,0.0,0.0
Complet Address Please,0,0,0.0,0,0,0.0,0,0,0.0,1,0,0.0,0,1,1,,0,0,0,,0.0,0.0,0.0
Complete Loc Boss,0,0,0.0,0,0,0.0,0,0,0.0,1,0,0.0,0,1,1,,0,0,0,,0.0,0.0,0.0
Cvte,0,0,0.0,0,0,0.0,0,0,0.0,1,0,0.0,0,1,1,,0,0,0,,0.0,0.0,0.0
Daan Location,0,0,0.0,0,0,0.0,0,0,0.0,1,0,0.0,0,1,1,,0,0,0,,0.0,0.0,0.0
Dalin Ko Po Sskyan Ko Jan Sa Loc.Nyo.Para Balancing,0,0,0.0,1,0,0.0,0,0,0.0,0,0,0.0,1,0,-1,-1.0,0,0,0,,0.0,0.0,0.0
Dasmarinas City,0,0,0.0,0,0,0.0,0,0,0.0,1,0,0.0,0,1,1,,0,0,0,,0.0,0.0,0.0
DasmariñAs,0,0,0.0,1,0,0.0,0,0,0.0,0,0,0.0,1,0,-1,-1.0,0,0,0,,0.0,0.0,0.0
Davao De Oro,0,0,0.0,0,0,0.0,0,0,0.0,1,0,0.0,0,1,1,,0,0,0,,0.0,0.0,0.0
Davao Del Norte Po,0,0,0.0,0,0,0.0,1,0,0.0,0,0,0.0,0,1,1,,0,0,0,,0.0,0.0,0.0
Digos,1,0,0.0,0,0,0.0,0,0,0.0,0,0,0.0,1,0,-1,-1.0,0,0,0,,0.0,0.0,0.0
Digos City,0,0,0.0,0,0,0.0,0,0,0.0,1,0,0.0,0,1,1,,0,0,0,,0.0,0.0,0.0
Dilasag,0,0,0.0,1,0,0.0,0,0,0.0,0,0,0.0,1,0,-1,-1.0,0,0,0,,0.0,0.0,0.0
Dito Sa Probinsya,0,0,0.0,1,0,0.0,0,0,0.0,0,0,0.0,1,0,-1,-1.0,0,0,0,,0.0,0.0,0.0
Dto Sa Batangas,0,0,0.0,0,0,0.0,1,0,0.0,0,0,0.0,0,1,1,,0,0,0,,0.0,0.0,0.0
Dumaguete,0,0,0.0,0,0,0.0,0,0,0.0,1,1,1.0,0,1,1,,0,1,1,,0.0,61755.0,61755.0
Dyan,0,0,0.0,0,0,0.0,0,0,0.0,1,0,0.0,0,1,1,,0,0,0,,0.0,0.0,0.0
Eastern Samar,0,0,0.0,0,0,0.0,0,0,0.0,1,0,0.0,0,1,1,,0,0,0,,0.0,0.0,0.0
Echague,0,0,0.0,1,0,0.0,0,0,0.0,0,0,0.0,1,0,-1,-1.0,0,0,0,,0.0,0.0,0.0
España,0,0,0.0,1,0,0.0,0,0,0.0,0,0,0.0,1,0,-1,-1.0,0,0,0,,0.0,0.0,0.0
Estancia,1,0,0.0,0,0,0.0,0,0,0.0,0,0,0.0,1,0,-1,-1.0,0,0,0,,0.0,0.0,0.0
Exact Location,0,0,0.0,1,0,0.0,0,0,0.0,0,0,0.0,1,0,-1,-1.0,0,0,0,,0.0,0.0,0.0
Exact Location Pls.,1,0,0.0,0,0,0.0,0,0,0.0,0,0,0.0,1,0,-1,-1.0,0,0,0,,0.0,0.0,0.0
Florida,0,0,0.0,1,0,0.0,0,0,0.0,0,0,0.0,1,0,-1,-1.0,0,0,0,,0.0,0.0,0.0
Florida Blanca,0,0,0.0,1,0,0.0,0,0,0.0,0,0,0.0,1,0,-1,-1.0,0,0,0,,0.0,0.0,0.0
Fort Magsaysay,0,0,0.0,0,0,0.0,1,0,0.0,0,0,0.0,0,1,1,,0,0,0,,0.0,0.0,0.0
From Mindanao,0,0,0.0,1,0,0.0,0,0,0.0,0,0,0.0,1,0,-1,-1.0,0,0,0,,0.0,0.0,0.0
Gamu,1,0,0.0,0,0,0.0,0,0,0.0,0,0,0.0,1,0,-1,-1.0,0,0,0,,0.0,0.0,0.0
Gattaran,0,0,0.0,0,0,0.0,0,0,0.0,1,0,0.0,0,1,1,,0,0,0,,0.0,0.0,0.0
Gen Luis Po,0,0,0.0,1,0,0.0,0,0,0.0,0,0,0.0,1,0,-1,-1.0,0,0,0,,0.0,0.0,0.0
General Emilio Aguinaldo,0,0,0.0,1,0,0.0,0,0,0.0,0,0,0.0,1,0,-1,-1.0,0,0,0,,0.0,0.0,0.0
Gerona,0,0,0.0,0,0,0.0,1,0,0.0,0,0,0.0,0,1,1,,0,0,0,,0.0,0.0,0.0
Goa,0,0,0.0,1,0,0.0,0,0,0.0,0,0,0.0,1,0,-1,-1.0,0,0,0,,0.0,0.0,0.0
Gubat,0,0,0.0,0,0,0.0,0,0,0.0,1,0,0.0,0,1,1,,0,0,0,,0.0,0.0,0.0
Guimaras Po,0,0,0.0,1,0,0.0,0,0,0.0,0,0,0.0,1,0,-1,-1.0,0,0,0,,0.0,0.0,0.0
Gumaca,0,0,0.0,0,0,0.0,0,0,0.0,1,0,0.0,0,1,1,,0,0,0,,0.0,0.0,0.0
Himamaylan City,0,0,0.0,0,0,0.0,1,0,0.0,0,0,0.0,0,1,1,,0,0,0,,0.0,0.0,0.0
Hm,0,0,0.0,0,0,0.0,0,0,0.0,1,0,0.0,0,1,1,,0,0,0,,0.0,0.0,0.0
Hm 225/70/ R17,0,0,0.0,0,0,0.0,0,0,0.0,1,0,0.0,0,1,1,,0,0,0,,0.0,0.0,0.0
Hm Po,0,0,0.0,1,0,0.0,0,0,0.0,0,0,0.0,1,0,-1,-1.0,0,0,0,,0.0,0.0,0.0
Hm. And Location,0,0,0.0,0,0,0.0,0,0,0.0,1,0,0.0,0,1,1,,0,0,0,,0.0,0.0,0.0
Ibaan,0,0,0.0,0,0,0.0,0,0,0.0,1,0,0.0,0,1,1,,0,0,0,,0.0,0.0,0.0
Ilagan City,0,0,0.0,0,0,0.0,1,0,0.0,0,0,0.0,0,1,1,,0,0,0,,0.0,0.0,0.0
Ilocos Area,0,0,0.0,0,0,0.0,0,0,0.0,1,0,0.0,0,1,1,,0,0,0,,0.0,0.0,0.0
Ilocos Norte Po,0,0,0.0,1,0,0.0,0,0,0.0,0,0,0.0,1,0,-1,-1.0,0,0,0,,0.0,0.0,0.0
Ilocos Sur Po,0,0,0.0,1,0,0.0,0,0,0.0,0,0,0.0,1,0,-1,-1.0,0,0,0,,0.0,0.0,0.0
Imus City,0,0,0.0,1,0,0.0,0,0,0.0,0,0,0.0,1,0,-1,-1.0,0,0,0,,0.0,0.0,0.0
Imus/Bacoor,0,0,0.0,1,0,0.0,0,0,0.0,0,0,0.0,1,0,-1,-1.0,0,0,0,,0.0,0.0,0.0
Infanta Quezon Po,0,0,0.0,0,0,0.0,0,0,0.0,1,0,0.0,0,1,1,,0,0,0,,0.0,0.0,0.0
Inopacan,0,0,0.0,1,1,1.0,0,0,0.0,0,0,0.0,1,0,-1,-1.0,1,0,-1,-1.0,40000.0,0.0,-40000.0
Installation,1,0,0.0,0,0,0.0,0,0,0.0,0,0,0.0,1,0,-1,-1.0,0,0,0,,0.0,0.0,0.0
Iriga City,0,0,0.0,0,0,0.0,0,0,0.0,1,0,0.0,0,1,1,,0,0,0,,0.0,0.0,0.0
Isabel,0,0,0.0,1,0,0.0,0,0,0.0,0,0,0.0,1,0,-1,-1.0,0,0,0,,0.0,0.0,0.0
Isabela Kc,0,0,0.0,0,0,0.0,1,0,0.0,0,0,0.0,0,1,1,,0,0,0,,0.0,0.0,0.0
Isabela Po,0,0,0.0,0,0,0.0,1,0,0.0,0,0,0.0,0,1,1,,0,0,0,,0.0,0.0,0.0
Island Municipalities,0,0,0.0,0,0,0.0,1,0,0.0,0,0,0.0,0,1,1,,0,0,0,,0.0,0.0,0.0
Isulan,0,0,0.0,0,0,0.0,1,0,0.0,0,0,0.0,0,1,1,,0,0,0,,0.0,0.0,0.0
Itogon,0,0,0.0,1,0,0.0,0,0,0.0,0,0,0.0,1,0,-1,-1.0,0,0,0,,0.0,0.0,0.0
Jaen,0,0,0.0,1,0,0.0,0,0,0.0,0,0,0.0,1,0,-1,-1.0,0,0,0,,0.0,0.0,0.0
Jala-Jala,0,0,0.0,0,0,0.0,0,0,0.0,1,0,0.0,0,1,1,,0,0,0,,0.0,0.0,0.0
Jn Batangas,0,0,0.0,0,0,0.0,0,0,0.0,1,0,0.0,0,1,1,,0,0,0,,0.0,0.0,0.0
Jose Panganiban,0,0,0.0,0,0,0.0,0,0,0.0,1,0,0.0,0,1,1,,0,0,0,,0.0,0.0,0.0
Kabankalan City,0,0,0.0,0,0,0.0,1,0,0.0,0,0,0.0,0,1,1,,0,0,0,,0.0,0.0,0.0
Kalibo Iloilo City,0,0,0.0,0,0,0.0,1,0,0.0,0,0,0.0,0,1,1,,0,0,0,,0.0,0.0,0.0
Kalinga,0,0,0.0,0,0,0.0,0,0,0.0,1,0,0.0,0,1,1,,0,0,0,,0.0,0.0,0.0
Kano,1,0,0.0,0,0,0.0,0,0,0.0,0,0,0.0,1,0,-1,-1.0,0,0,0,,0.0,0.0,0.0
Kapangan,0,0,0.0,1,0,0.0,0,0,0.0,0,0,0.0,1,0,-1,-1.0,0,0,0,,0.0,0.0,0.0
Kawit Cavite,1,0,0.0,0,0,0.0,0,0,0.0,0,0,0.0,1,0,-1,-1.0,0,0,0,,0.0,0.0,0.0
Kayapa,1,0,0.0,0,0,0.0,0,0,0.0,0,0,0.0,1,0,-1,-1.0,0,0,0,,0.0,0.0,0.0
Kidapawan,0,0,0.0,1,0,0.0,0,0,0.0,0,0,0.0,1,0,-1,-1.0,0,0,0,,0.0,0.0,0.0
Kitcharao,1,0,0.0,0,0,0.0,0,0,0.0,0,0,0.0,1,0,-1,-1.0,0,0,0,,0.0,0.0,0.0
La Union Area,1,0,0.0,0,0,0.0,0,0,0.0,0,0,0.0,1,0,-1,-1.0,0,0,0,,0.0,0.0,0.0
Labangan,0,0,0.0,0,0,0.0,0,0,0.0,1,0,0.0,0,1,1,,0,0,0,,0.0,0.0,0.0
Labo,0,0,0.0,0,0,0.0,0,0,0.0,1,1,1.0,0,1,1,,0,1,1,,0.0,5697.5,5697.5
Laguna Area Po,1,0,0.0,0,0,0.0,0,0,0.0,0,0,0.0,1,0,-1,-1.0,0,0,0,,0.0,0.0,0.0
Laguna Location,0,0,0.0,1,0,0.0,0,0,0.0,0,0,0.0,1,0,-1,-1.0,0,0,0,,0.0,0.0,0.0
Laguna Po Kmi,0,0,0.0,0,0,0.0,1,0,0.0,0,0,0.0,0,1,1,,0,0,0,,0.0,0.0,0.0
Lalamove,0,0,0.0,1,0,0.0,0,0,0.0,0,0,0.0,1,0,-1,-1.0,0,0,0,,0.0,0.0,0.0
Lamitan City,0,0,0.0,0,0,0.0,0,0,0.0,1,0,0.0,0,1,1,,0,0,0,,0.0,0.0,0.0
Lamut,0,0,0.0,0,0,0.0,1,0,0.0,0,0,0.0,0,1,1,,0,0,0,,0.0,0.0,0.0
Lanao Sur Area,0,0,0.0,0,0,0.0,0,0,0.0,1,0,0.0,0,1,1,,0,0,0,,0.0,0.0,0.0
Lancaster Cavite,0,0,0.0,0,0,0.0,0,0,0.0,1,0,0.0,0,1,1,,0,0,0,,0.0,0.0,0.0
Laoag,0,0,0.0,0,0,0.0,0,0,0.0,1,0,0.0,0,1,1,,0,0,0,,0.0,0.0,0.0
Las Pibas,0,0,0.0,1,0,0.0,0,0,0.0,0,0,0.0,1,0,-1,-1.0,0,0,0,,0.0,0.0,0.0
Libon,1,0,0.0,0,0,0.0,0,0,0.0,0,0,0.0,1,0,-1,-1.0,0,0,0,,0.0,0.0,0.0
Lication,0,0,0.0,0,0,0.0,1,0,0.0,0,0,0.0,0,1,1,,0,0,0,,0.0,0.0,0.0
Lication Nyo,0,0,0.0,1,0,0.0,0,0,0.0,0,0,0.0,1,0,-1,-1.0,0,0,0,,0.0,0.0,0.0
Ligao,0,0,0.0,1,0,0.0,0,0,0.0,0,0,0.0,1,0,-1,-1.0,0,0,0,,0.0,0.0,0.0
Liliw,0,0,0.0,0,0,0.0,0,0,0.0,1,0,0.0,0,1,1,,0,0,0,,0.0,0.0,0.0
Liloy,0,0,0.0,0,0,0.0,1,0,0.0,0,0,0.0,0,1,1,,0,0,0,,0.0,0.0,0.0
Loc 0O,0,0,0.0,1,0,0.0,0,0,0.0,0,0,0.0,1,0,-1,-1.0,0,0,0,,0.0,0.0,0.0
Loc In Batangas,0,0,0.0,1,0,0.0,0,0,0.0,0,0,0.0,1,0,-1,-1.0,0,0,0,,0.0,0.0,0.0
Loc Nyo,0,0,0.0,1,0,0.0,0,0,0.0,0,0,0.0,1,0,-1,-1.0,0,0,0,,0.0,0.0,0.0
Loc Pla,0,0,0.0,1,0,0.0,0,0,0.0,0,0,0.0,1,0,-1,-1.0,0,0,0,,0.0,0.0,0.0
Loc Pls,0,0,0.0,1,0,0.0,0,0,0.0,0,0,0.0,1,0,-1,-1.0,0,0,0,,0.0,0.0,0.0
Loc Poh,0,0,0.0,0,0,0.0,0,0,0.0,1,0,0.0,0,1,1,,0,0,0,,0.0,0.0,0.0
Loc. Po,1,0,0.0,0,0,0.0,0,0,0.0,0,0,0.0,1,0,-1,-1.0,0,0,0,,0.0,0.0,0.0
Loca Pampanga,0,0,0.0,0,0,0.0,0,0,0.0,1,0,0.0,0,1,1,,0,0,0,,0.0,0.0,0.0
Located Ngane,0,0,0.0,0,0,0.0,0,0,0.0,1,0,0.0,0,1,1,,0,0,0,,0.0,0.0,0.0
Locatio Nyo Ser,1,0,0.0,0,0,0.0,0,0,0.0,0,0,0.0,1,0,-1,-1.0,0,0,0,,0.0,0.0,0.0
Location Address Location,0,0,0.0,0,0,0.0,0,0,0.0,1,0,0.0,0,1,1,,0,0,0,,0.0,0.0,0.0
Location Address Nìnyo,0,0,0.0,1,0,0.0,0,0,0.0,0,0,0.0,1,0,-1,-1.0,0,0,0,,0.0,0.0,0.0
Location Din Po,1,0,0.0,0,0,0.0,0,0,0.0,0,0,0.0,1,0,-1,-1.0,0,0,0,,0.0,0.0,0.0
Location Mo,0,0,0.0,0,0,0.0,0,0,0.0,1,0,0.0,0,1,1,,0,0,0,,0.0,0.0,0.0
Location Mo Po,0,0,0.0,1,0,0.0,0,0,0.0,0,0,0.0,1,0,-1,-1.0,0,0,0,,0.0,0.0,0.0
Location Mopo,0,0,0.0,1,0,0.0,0,0,0.0,0,0,0.0,1,0,-1,-1.0,0,0,0,,0.0,0.0,0.0
Location Ng Gulong Ph,0,0,0.0,0,0,0.0,0,0,0.0,1,0,0.0,0,1,1,,0,0,0,,0.0,0.0,0.0
Location Ngani,0,0,0.0,0,0,0.0,0,0,0.0,1,0,0.0,0,1,1,,0,0,0,,0.0,0.0,0.0
Location Nila,1,0,0.0,0,0,0.0,0,0,0.0,0,0,0.0,1,0,-1,-1.0,0,0,0,,0.0,0.0,0.0
Location Ninyo Po Sir,0,0,0.0,0,0,0.0,1,0,0.0,0,0,0.0,0,1,1,,0,0,0,,0.0,0.0,0.0
Location Ninyo Sir,0,0,0.0,1,0,0.0,0,0,0.0,0,0,0.0,1,0,-1,-1.0,0,0,0,,0.0,0.0,0.0
Location Nio Pls,0,0,0.0,0,0,0.0,0,0,0.0,1,0,0.0,0,1,1,,0,0,0,,0.0,0.0,0.0
Location Pls. Landmark Nyo,0,0,0.0,0,0,0.0,0,0,0.0,1,0,0.0,0,1,1,,0,0,0,,0.0,0.0,0.0
Location Pls..,1,0,0.0,0,0,0.0,0,0,0.0,0,0,0.0,1,0,-1,-1.0,0,0,0,,0.0,0.0,0.0
Location Plz,0,0,0.0,0,0,0.0,0,0,0.0,1,0,0.0,0,1,1,,0,0,0,,0.0,0.0,0.0
Location Po Maam Sir,0,0,0.0,0,0,0.0,0,0,0.0,1,0,0.0,0,1,1,,0,0,0,,0.0,0.0,0.0
Location Po Nyo,0,0,0.0,0,0,0.0,0,0,0.0,1,0,0.0,0,1,1,,0,0,0,,0.0,0.0,0.0
Location Po.,0,0,0.0,1,0,0.0,0,0,0.0,0,0,0.0,1,0,-1,-1.0,0,0,0,,0.0,0.0,0.0
Location Po/Hm,0,0,0.0,0,0,0.0,1,0,0.0,0,0,0.0,0,1,1,,0,0,0,,0.0,0.0,0.0
Location Poh,1,0,0.0,0,0,0.0,0,0,0.0,0,0,0.0,1,0,-1,-1.0,0,0,0,,0.0,0.0,0.0
Locationp,0,0,0.0,1,0,0.0,0,0,0.0,0,0,0.0,1,0,-1,-1.0,0,0,0,,0.0,0.0,0.0
Locations,0,0,0.0,0,0,0.0,0,0,0.0,1,0,0.0,0,1,1,,0,0,0,,0.0,0.0,0.0
Locs,0,0,0.0,1,0,0.0,0,0,0.0,0,0,0.0,1,0,-1,-1.0,0,0,0,,0.0,0.0,0.0
Loction,0,0,0.0,1,0,0.0,0,0,0.0,0,0,0.0,1,0,-1,-1.0,0,0,0,,0.0,0.0,0.0
Loction Po,0,0,0.0,1,0,0.0,0,0,0.0,0,0,0.0,1,0,-1,-1.0,0,0,0,,0.0,0.0,0.0
Logar,0,0,0.0,0,0,0.0,1,0,0.0,0,0,0.0,0,1,1,,0,0,0,,0.0,0.0,0.0
Loon,0,0,0.0,0,0,0.0,1,0,0.0,0,0,0.0,0,1,1,,0,0,0,,0.0,0.0,0.0
Los Banos,1,0,0.0,0,0,0.0,0,0,0.0,0,0,0.0,1,0,-1,-1.0,0,0,0,,0.0,0.0,0.0
Lovation,0,0,0.0,1,0,0.0,0,0,0.0,0,0,0.0,1,0,-1,-1.0,0,0,0,,0.0,0.0,0.0
Lto East Ave.,0,0,0.0,0,0,0.0,0,0,0.0,1,0,0.0,0,1,1,,0,0,0,,0.0,0.0,0.0
Lugait,0,0,0.0,1,0,0.0,0,0,0.0,0,0,0.0,1,0,-1,-1.0,0,0,0,,0.0,0.0,0.0
Maasin City,0,0,0.0,0,0,0.0,0,0,0.0,1,0,0.0,0,1,1,,0,0,0,,0.0,0.0,0.0
Mabinay,0,0,0.0,0,0,0.0,0,0,0.0,1,0,0.0,0,1,1,,0,0,0,,0.0,0.0,0.0
Mabolo,0,0,0.0,1,0,0.0,0,0,0.0,0,0,0.0,1,0,-1,-1.0,0,0,0,,0.0,0.0,0.0
Madaluyong,0,0,0.0,0,0,0.0,0,0,0.0,1,0,0.0,0,1,1,,0,0,0,,0.0,0.0,0.0
Magkano Po Ba Budget Natin Sir,1,0,0.0,0,0,0.0,0,0,0.0,0,0,0.0,1,0,-1,-1.0,0,0,0,,0.0,0.0,0.0
Malapit Na Kasi Ma Pudpud Ung Gamit Ko,1,0,0.0,0,0,0.0,0,0,0.0,0,0,0.0,1,0,-1,-1.0,0,0,0,,0.0,0.0,0.0
Malayo,1,0,0.0,0,0,0.0,0,0,0.0,0,0,0.0,1,0,-1,-1.0,0,0,0,,0.0,0.0,0.0
Malayo Garahe Namin..,0,0,0.0,0,0,0.0,1,0,0.0,0,0,0.0,0,1,1,,0,0,0,,0.0,0.0,0.0
Mambusao,0,0,0.0,1,0,0.0,0,0,0.0,0,0,0.0,1,0,-1,-1.0,0,0,0,,0.0,0.0,0.0
Mandaue City,0,0,0.0,1,0,0.0,0,0,0.0,0,0,0.0,1,0,-1,-1.0,0,0,0,,0.0,0.0,0.0
Manny Aguilar C/O Personal Collection,0,0,0.0,1,0,0.0,0,0,0.0,0,0,0.0,1,0,-1,-1.0,0,0,0,,0.0,0.0,0.0
Manukan,0,0,0.0,0,0,0.0,0,0,0.0,1,0,0.0,0,1,1,,0,0,0,,0.0,0.0,0.0
Marcos,0,0,0.0,1,0,0.0,0,0,0.0,0,0,0.0,1,0,-1,-1.0,0,0,0,,0.0,0.0,0.0
Marcos Alvarez Bacoor,1,0,0.0,0,0,0.0,0,0,0.0,0,0,0.0,1,0,-1,-1.0,0,0,0,,0.0,0.0,0.0
Marcos Hi Way Near Sm Mkna,0,0,0.0,0,0,0.0,0,0,0.0,1,0,0.0,0,1,1,,0,0,0,,0.0,0.0,0.0
Maria,0,0,0.0,0,0,0.0,0,0,0.0,1,0,0.0,0,1,1,,0,0,0,,0.0,0.0,0.0
Marialo,0,0,0.0,0,0,0.0,0,0,0.0,1,0,0.0,0,1,1,,0,0,0,,0.0,0.0,0.0
Masinloc,0,0,0.0,0,0,0.0,0,0,0.0,1,0,0.0,0,1,1,,0,0,0,,0.0,0.0,0.0
Mataas Na Kahoy,0,0,0.0,0,0,0.0,1,0,0.0,0,0,0.0,0,1,1,,0,0,0,,0.0,0.0,0.0
Mati City,0,0,0.0,1,0,0.0,0,0,0.0,0,0,0.0,1,0,-1,-1.0,0,0,0,,0.0,0.0,0.0
Mayantoc,0,0,0.0,0,0,0.0,1,0,0.0,0,0,0.0,0,1,1,,0,0,0,,0.0,0.0,0.0
Mdam,0,0,0.0,0,0,0.0,0,0,0.0,1,0,0.0,0,1,1,,0,0,0,,0.0,0.0,0.0
Me Bridgeton Po Kyo R18,0,0,0.0,0,0,0.0,0,0,0.0,1,0,0.0,0,1,1,,0,0,0,,0.0,0.0,0.0
Medina,0,0,0.0,1,0,0.0,0,0,0.0,0,0,0.0,1,0,-1,-1.0,0,0,0,,0.0,0.0,0.0
Mercedes,0,0,0.0,1,0,0.0,0,0,0.0,0,1,0.0,1,0,-1,-1.0,0,1,1,,0.0,26000.0,26000.0
Metro Manila Po,0,0,0.0,0,0,0.0,1,0,0.0,0,0,0.0,0,1,1,,0,0,0,,0.0,0.0,0.0
Meycauyan,0,0,0.0,0,0,0.0,1,0,0.0,0,0,0.0,0,1,1,,0,0,0,,0.0,0.0,0.0
Mikel Halog,0,0,0.0,1,0,0.0,0,0,0.0,0,0,0.0,1,0,-1,-1.0,0,0,0,,0.0,0.0,0.0
Mindananao Particularly Sultan Kudarat Province,0,0,0.0,0,0,0.0,0,0,0.0,1,0,0.0,0,1,1,,0,0,0,,0.0,0.0,0.0
Mindanao Po Ako,0,0,0.0,0,0,0.0,0,0,0.0,1,0,0.0,0,1,1,,0,0,0,,0.0,0.0,0.0
Mindanao Po Mam,0,0,0.0,1,0,0.0,0,0,0.0,0,0,0.0,1,0,-1,-1.0,0,0,0,,0.0,0.0,0.0
Mindanao Po Moindanao Po Maam,0,0,0.0,1,0,0.0,0,0,0.0,0,0,0.0,1,0,-1,-1.0,0,0,0,,0.0,0.0,0.0
Mindanao Sa Amin,1,0,0.0,0,0,0.0,0,0,0.0,0,0,0.0,1,0,-1,-1.0,0,0,0,,0.0,0.0,0.0
Mindanso,0,0,0.0,1,0,0.0,0,0,0.0,0,0,0.0,1,0,-1,-1.0,0,0,0,,0.0,0.0,0.0
Mindoro Po Sir Arivo Po 195/55/15,1,0,0.0,0,0,0.0,0,0,0.0,0,0,0.0,1,0,-1,-1.0,0,0,0,,0.0,0.0,0.0
Minglanilla,0,0,0.0,0,0,0.0,0,0,0.0,1,0,0.0,0,1,1,,0,0,0,,0.0,0.0,0.0
Moalboal,0,0,0.0,0,0,0.0,0,0,0.0,1,0,0.0,0,1,1,,0,0,0,,0.0,0.0,0.0
Molino,0,0,0.0,0,0,0.0,0,0,0.0,1,0,0.0,0,1,1,,0,0,0,,0.0,0.0,0.0
Mulnay,0,0,0.0,0,0,0.0,0,0,0.0,1,0,0.0,0,1,1,,0,0,0,,0.0,0.0,0.0
Munoz Nueva Ecija Po,0,0,0.0,0,0,0.0,0,0,0.0,1,0,0.0,0,1,1,,0,0,0,,0.0,0.0,0.0
Muñoz,0,0,0.0,0,0,0.0,1,0,0.0,0,0,0.0,0,1,1,,0,0,0,,0.0,0.0,0.0
Nabas,1,0,0.0,0,0,0.0,0,0,0.0,0,0,0.0,1,0,-1,-1.0,0,0,0,,0.0,0.0,0.0
Nagcarlan,1,0,0.0,0,0,0.0,0,0,0.0,0,0,0.0,1,0,-1,-1.0,0,0,0,,0.0,0.0,0.0
Narra,0,0,0.0,0,0,0.0,0,0,0.0,1,0,0.0,0,1,1,,0,0,0,,0.0,0.0,0.0
Narvacan,0,0,0.0,0,0,0.0,1,0,0.0,0,0,0.0,0,1,1,,0,0,0,,0.0,0.0,0.0
Nasa Province Kac Ako,0,0,0.0,0,0,0.0,1,0,0.0,0,0,0.0,0,1,1,,0,0,0,,0.0,0.0,0.0
Natividad,0,0,0.0,1,0,0.0,0,0,0.0,0,0,0.0,1,0,-1,-1.0,0,0,0,,0.0,0.0,0.0
Ncr,0,0,0.0,0,0,0.0,1,0,0.0,0,0,0.0,0,1,1,,0,0,0,,0.0,0.0,0.0
Near Laguna,0,0,0.0,1,0,0.0,0,0,0.0,0,0,0.0,1,0,-1,-1.0,0,0,0,,0.0,0.0,0.0
Near Metropolitan Hospital Po Kami,0,0,0.0,0,0,0.0,0,0,0.0,1,0,0.0,0,1,1,,0,0,0,,0.0,0.0,0.0
Near Mindanao Ave.,0,0,0.0,0,0,0.0,1,0,0.0,0,0,0.0,0,1,1,,0,0,0,,0.0,0.0,0.0
Near Sm Fairview,0,0,0.0,1,0,0.0,0,0,0.0,0,0,0.0,1,0,-1,-1.0,0,0,0,,0.0,0.0,0.0
Negros Ho,0,0,0.0,1,0,0.0,0,0,0.0,0,0,0.0,1,0,-1,-1.0,0,0,0,,0.0,0.0,0.0
Negros Oriental Sir,0,0,0.0,0,0,0.0,0,0,0.0,1,0,0.0,0,1,1,,0,0,0,,0.0,0.0,0.0
Negros Poh,0,0,0.0,1,0,0.0,0,0,0.0,0,0,0.0,1,0,-1,-1.0,0,0,0,,0.0,0.0,0.0
New Corella,0,0,0.0,1,0,0.0,0,0,0.0,0,0,0.0,1,0,-1,-1.0,0,0,0,,0.0,0.0,0.0
Ng Store Niyo,0,0,0.0,0,0,0.0,0,0,0.0,1,0,0.0,0,1,1,,0,0,0,,0.0,0.0,0.0
Ng Unit Sir,0,0,0.0,0,0,0.0,0,0,0.0,1,0,0.0,0,1,1,,0,0,0,,0.0,0.0,0.0
Nh Shop,0,0,0.0,0,0,0.0,0,0,0.0,1,0,0.0,0,1,1,,0,0,0,,0.0,0.0,0.0
Ninu Po,0,0,0.0,0,0,0.0,1,0,0.0,0,0,0.0,0,1,1,,0,0,0,,0.0,0.0,0.0
Norte,0,0,0.0,0,0,0.0,1,0,0.0,0,0,0.0,0,1,1,,0,0,0,,0.0,0.0,0.0
North Cotabato,0,0,0.0,1,0,0.0,0,0,0.0,0,0,0.0,1,0,-1,-1.0,0,0,0,,0.0,0.0,0.0
North Fairview,0,0,0.0,1,0,0.0,0,0,0.0,0,0,0.0,1,0,-1,-1.0,0,0,0,,0.0,0.0,0.0
Not Now,1,0,0.0,0,0,0.0,0,0,0.0,0,0,0.0,1,0,-1,-1.0,0,0,0,,0.0,0.0,0.0
Nova Qc Po,0,0,0.0,0,0,0.0,1,0,0.0,0,0,0.0,0,1,1,,0,0,0,,0.0,0.0,0.0
Nueva Ecija Area Po,0,0,0.0,1,0,0.0,0,0,0.0,0,0,0.0,1,0,-1,-1.0,0,0,0,,0.0,0.0,0.0
Nueva Ecijav,0,0,0.0,0,0,0.0,0,0,0.0,1,0,0.0,0,1,1,,0,0,0,,0.0,0.0,0.0
Numancia,1,0,0.0,0,0,0.0,0,0,0.0,0,0,0.0,1,0,-1,-1.0,0,0,0,,0.0,0.0,0.0
Obando,0,0,0.0,0,0,0.0,0,0,0.0,1,0,0.0,0,1,1,,0,0,0,,0.0,0.0,0.0
Occidental Mindoro,0,0,0.0,1,0,0.0,0,0,0.0,0,0,0.0,1,0,-1,-1.0,0,0,0,,0.0,0.0,0.0
Orani,0,0,0.0,0,0,0.0,0,0,0.0,1,0,0.0,0,1,1,,0,0,0,,0.0,0.0,0.0
Orion,0,0,0.0,1,0,0.0,0,0,0.0,0,0,0.0,1,0,-1,-1.0,0,0,0,,0.0,0.0,0.0
Oroquieta,1,0,0.0,0,0,0.0,0,0,0.0,0,0,0.0,1,0,-1,-1.0,0,0,0,,0.0,0.0,0.0
Ortigas,0,0,0.0,0,0,0.0,0,0,0.0,1,0,0.0,0,1,1,,0,0,0,,0.0,0.0,0.0
Oslob,1,0,0.0,0,0,0.0,0,0,0.0,0,0,0.0,1,0,-1,-1.0,0,0,0,,0.0,0.0,0.0
Oton,0,0,0.0,0,0,0.0,0,0,0.0,1,0,0.0,0,1,1,,0,0,0,,0.0,0.0,0.0
Out Of Town,0,0,0.0,1,0,0.0,0,0,0.0,0,0,0.0,1,0,-1,-1.0,0,0,0,,0.0,0.0,0.0
Pacheco Franco Lex Parking Tondo Manila,1,1,1.0,0,0,0.0,0,0,0.0,0,0,0.0,1,0,-1,-1.0,1,0,-1,-1.0,15923.8,0.0,-15923.8
Pacita,0,0,0.0,0,0,0.0,1,0,0.0,0,0,0.0,0,1,1,,0,0,0,,0.0,0.0,0.0
Pagbilao,1,0,0.0,0,0,0.0,0,0,0.0,0,0,0.0,1,0,-1,-1.0,0,0,0,,0.0,0.0,0.0
Pakil,0,0,0.0,1,0,0.0,0,0,0.0,0,0,0.0,1,0,-1,-1.0,0,0,0,,0.0,0.0,0.0
Palawan Po,0,0,0.0,0,0,0.0,0,0,0.0,1,0,0.0,0,1,1,,0,0,0,,0.0,0.0,0.0
Palo,0,0,0.0,0,0,0.0,0,0,0.0,1,0,0.0,0,1,1,,0,0,0,,0.0,0.0,0.0
Pampanga Area Po,0,0,0.0,0,0,0.0,0,0,0.0,1,0,0.0,0,1,1,,0,0,0,,0.0,0.0,0.0
Pampanga Location,0,0,0.0,1,0,0.0,0,0,0.0,0,0,0.0,1,0,-1,-1.0,0,0,0,,0.0,0.0,0.0
Pampanga Location Po,0,0,0.0,0,0,0.0,0,0,0.0,1,0,0.0,0,1,1,,0,0,0,,0.0,0.0,0.0
Pampanga Po Ako,0,0,0.0,0,0,0.0,0,0,0.0,1,0,0.0,0,1,1,,0,0,0,,0.0,0.0,0.0
Pampanga Sir,0,0,0.0,0,0,0.0,1,0,0.0,0,0,0.0,0,1,1,,0,0,0,,0.0,0.0,0.0
Pampangga,0,0,0.0,1,0,0.0,0,0,0.0,0,0,0.0,1,0,-1,-1.0,0,0,0,,0.0,0.0,0.0
Panabo City,0,0,0.0,1,0,0.0,0,0,0.0,0,0,0.0,1,0,-1,-1.0,0,0,0,,0.0,0.0,0.0
Pangasinan Pa Po Ako Eh,0,0,0.0,1,0,0.0,0,0,0.0,0,0,0.0,1,0,-1,-1.0,0,0,0,,0.0,0.0,0.0
Pangasinan Po Ako,0,0,0.0,1,0,0.0,0,0,0.0,0,0,0.0,1,0,-1,-1.0,0,0,0,,0.0,0.0,0.0
Pangasinan Po Sir,0,0,0.0,0,0,0.0,1,0,0.0,0,0,0.0,0,1,1,,0,0,0,,0.0,0.0,0.0
Pangpanga,0,0,0.0,0,0,0.0,0,0,0.0,1,0,0.0,0,1,1,,0,0,0,,0.0,0.0,0.0
Paniqui,0,0,0.0,1,0,0.0,0,0,0.0,0,0,0.0,1,0,-1,-1.0,0,0,0,,0.0,0.0,0.0
Pantabangan,0,0,0.0,0,0,0.0,0,0,0.0,1,0,0.0,0,1,1,,0,0,0,,0.0,0.0,0.0
Paoay,0,0,0.0,1,0,0.0,0,0,0.0,0,0,0.0,1,0,-1,-1.0,0,0,0,,0.0,0.0,0.0
Para Sa Ertiga Suzuki Po.,0,0,0.0,1,0,0.0,0,0,0.0,0,0,0.0,1,0,-1,-1.0,0,0,0,,0.0,0.0,0.0
Paracale,0,0,0.0,1,0,0.0,0,0,0.0,0,0,0.0,1,0,-1,-1.0,0,0,0,,0.0,0.0,0.0
Parang,0,0,0.0,0,0,0.0,0,0,0.0,1,0,0.0,0,1,1,,0,0,0,,0.0,0.0,0.0
Pasong Tamo Near Visayas Ave/Tandang Sora Ave/Mindanao Area.,0,0,0.0,1,0,0.0,0,0,0.0,0,0,0.0,1,0,-1,-1.0,0,0,0,,0.0,0.0,0.0
Passi City,0,0,0.0,1,0,0.0,0,0,0.0,0,0,0.0,1,0,-1,-1.0,0,0,0,,0.0,0.0,0.0
Pasuquin,0,0,0.0,0,0,0.0,1,0,0.0,0,0,0.0,0,1,1,,0,0,0,,0.0,0.0,0.0
Patnongon,0,0,0.0,0,0,0.0,0,0,0.0,1,0,0.0,0,1,1,,0,0,0,,0.0,0.0,0.0
Pavia,0,0,0.0,1,0,0.0,0,0,0.0,0,0,0.0,1,0,-1,-1.0,0,0,0,,0.0,0.0,0.0
Peñaranda,0,0,0.0,1,0,0.0,0,0,0.0,0,0,0.0,1,0,-1,-1.0,0,0,0,,0.0,0.0,0.0
Ph-Riz-002,0,0,0.0,0,0,0.0,1,0,0.0,0,0,0.0,0,1,1,,0,0,0,,0.0,0.0,0.0
Piat,1,0,0.0,0,0,0.0,0,0,0.0,0,0,0.0,1,0,-1,-1.0,0,0,0,,0.0,0.0,0.0
Pigcawaran,0,0,0.0,0,0,0.0,1,0,0.0,0,0,0.0,0,1,1,,0,0,0,,0.0,0.0,0.0
Pinamalayan,0,0,0.0,0,0,0.0,1,0,0.0,0,0,0.0,0,1,1,,0,0,0,,0.0,0.0,0.0
Pinugay,0,0,0.0,1,0,0.0,0,0,0.0,0,0,0.0,1,0,-1,-1.0,0,0,0,,0.0,0.0,0.0
Pontvedra,0,0,0.0,1,0,0.0,0,0,0.0,0,0,0.0,1,0,-1,-1.0,0,0,0,,0.0,0.0,0.0
Pp Branch Pinka.Malapit Sa Taguig,0,0,0.0,0,0,0.0,0,0,0.0,1,0,0.0,0,1,1,,0,0,0,,0.0,0.0,0.0
Probinsya,0,0,0.0,1,0,0.0,0,0,0.0,0,0,0.0,1,0,-1,-1.0,0,0,0,,0.0,0.0,0.0
Province,0,0,0.0,1,0,0.0,0,0,0.0,0,0,0.0,1,0,-1,-1.0,0,0,0,,0.0,0.0,0.0
Puerto Princesa,0,0,0.0,0,0,0.0,0,0,0.0,1,0,0.0,0,1,1,,0,0,0,,0.0,0.0,0.0
Puerto Princesa City,1,0,0.0,0,0,0.0,0,0,0.0,0,0,0.0,1,0,-1,-1.0,0,0,0,,0.0,0.0,0.0
Punta Na Lang Ako Dyan,0,0,0.0,0,0,0.0,1,0,0.0,0,0,0.0,0,1,1,,0,0,0,,0.0,0.0,0.0
Pura,0,0,0.0,0,0,0.0,0,0,0.0,1,0,0.0,0,1,1,,0,0,0,,0.0,0.0,0.0
Purok4 Mabini Llanera Nueva Ecija,0,0,0.0,1,0,0.0,0,0,0.0,0,0,0.0,1,0,-1,-1.0,0,0,0,,0.0,0.0,0.0
Qc Po,0,0,0.0,0,0,0.0,0,0,0.0,1,0,0.0,0,1,1,,0,0,0,,0.0,0.0,0.0
Quezon Province Po,0,0,0.0,0,0,0.0,0,0,0.0,1,0,0.0,0,1,1,,0,0,0,,0.0,0.0,0.0
Quirino,0,0,0.0,0,0,0.0,1,0,0.0,0,0,0.0,0,1,1,,0,0,0,,0.0,0.0,0.0
Rapide Cavite,0,0,0.0,1,0,0.0,0,0,0.0,0,0,0.0,1,0,-1,-1.0,0,0,0,,0.0,0.0,0.0
Region 2,0,0,0.0,1,0,0.0,0,0,0.0,0,0,0.0,1,0,-1,-1.0,0,0,0,,0.0,0.0,0.0
Reina Mercedes,0,0,0.0,0,0,0.0,0,0,0.0,1,0,0.0,0,1,1,,0,0,0,,0.0,0.0,0.0
Rizal Location.,0,0,0.0,1,0,0.0,0,0,0.0,0,0,0.0,1,0,-1,-1.0,0,0,0,,0.0,0.0,0.0
Rodriguez (Montalban),0,0,0.0,0,0,0.0,0,0,0.0,1,0,0.0,0,1,1,,0,0,0,,0.0,0.0,0.0
S Bulacan,0,0,0.0,0,0,0.0,0,0,0.0,1,0,0.0,0,1,1,,0,0,0,,0.0,0.0,0.0
Sa Cavite,0,0,0.0,0,0,0.0,1,0,0.0,0,0,0.0,0,1,1,,0,0,0,,0.0,0.0,0.0
Sa Kanto Di Kami Nag Simba,0,0,0.0,0,0,0.0,0,0,0.0,1,0,0.0,0,1,1,,0,0,0,,0.0,0.0,0.0
Saang Location Ito,0,0,0.0,0,0,0.0,0,0,0.0,1,0,0.0,0,1,1,,0,0,0,,0.0,0.0,0.0
Sagada,0,0,0.0,1,1,1.0,0,0,0.0,0,0,0.0,1,0,-1,-1.0,1,0,-1,-1.0,37995.0,0.0,-37995.0
Sagay City,1,0,0.0,0,0,0.0,0,0,0.0,0,0,0.0,1,0,-1,-1.0,0,0,0,,0.0,0.0,0.0
Salawag,1,0,0.0,0,0,0.0,0,0,0.0,0,0,0.0,1,0,-1,-1.0,0,0,0,,0.0,0.0,0.0
Sampaloc,0,0,0.0,1,0,0.0,0,0,0.0,0,0,0.0,1,0,-1,-1.0,0,0,0,,0.0,0.0,0.0
San Ang Area,0,0,0.0,0,0,0.0,0,0,0.0,1,0,0.0,0,1,1,,0,0,0,,0.0,0.0,0.0
San B Ang Office Nyo N Pwede Nming Kayong Puntahan,0,0,0.0,1,0,0.0,0,0,0.0,0,0,0.0,1,0,-1,-1.0,0,0,0,,0.0,0.0,0.0
San Banda Un Place Nio,0,0,0.0,0,0,0.0,0,0,0.0,1,0,0.0,0,1,1,,0,0,0,,0.0,0.0,0.0
San Carlos,0,0,0.0,0,0,0.0,1,0,0.0,0,0,0.0,0,1,1,,0,0,0,,0.0,0.0,0.0
San Fabian,0,0,0.0,1,0,0.0,0,0,0.0,0,0,0.0,1,0,-1,-1.0,0,0,0,,0.0,0.0,0.0
San Fernando City,0,0,0.0,0,0,0.0,1,0,0.0,0,0,0.0,0,1,1,,0,0,0,,0.0,0.0,0.0
San Francisco,0,0,0.0,0,0,0.0,1,0,0.0,0,0,0.0,0,1,1,,0,0,0,,0.0,0.0,0.0
San Gabriel,0,0,0.0,1,0,0.0,0,0,0.0,0,0,0.0,1,0,-1,-1.0,0,0,0,,0.0,0.0,0.0
San Jacinto,0,0,0.0,0,0,0.0,0,0,0.0,1,0,0.0,0,1,1,,0,0,0,,0.0,0.0,0.0
San Loc,0,0,0.0,1,0,0.0,0,0,0.0,0,0,0.0,1,0,-1,-1.0,0,0,0,,0.0,0.0,0.0
San Loc Niyo,0,0,0.0,0,0,0.0,1,0,0.0,0,0,0.0,0,1,1,,0,0,0,,0.0,0.0,0.0
San Loc Nyo,0,0,0.0,0,0,0.0,0,0,0.0,1,0,0.0,0,1,1,,0,0,0,,0.0,0.0,0.0
San Loc. Nyo Po,1,0,0.0,0,0,0.0,0,0,0.0,0,0,0.0,1,0,-1,-1.0,0,0,0,,0.0,0.0,0.0
San Location U Sir,0,0,0.0,0,0,0.0,1,0,0.0,0,0,0.0,0,1,1,,0,0,0,,0.0,0.0,0.0
San Lugar Store Nyo,0,0,0.0,1,0,0.0,0,0,0.0,0,0,0.0,1,0,-1,-1.0,0,0,0,,0.0,0.0,0.0
San Luis,0,0,0.0,1,0,0.0,0,0,0.0,0,0,0.0,1,0,-1,-1.0,0,0,0,,0.0,0.0,0.0
San Manuel,0,0,0.0,1,0,0.0,0,0,0.0,0,0,0.0,1,0,-1,-1.0,0,0,0,,0.0,0.0,0.0
San Marcelino,0,0,0.0,0,0,0.0,1,0,0.0,0,0,0.0,0,1,1,,0,0,0,,0.0,0.0,0.0
San Mariano,0,0,0.0,1,0,0.0,0,0,0.0,0,0,0.0,1,0,-1,-1.0,0,0,0,,0.0,0.0,0.0
San Narciso,0,0,0.0,1,0,0.0,0,0,0.0,0,0,0.0,1,0,-1,-1.0,0,0,0,,0.0,0.0,0.0
San Pampanga,0,0,0.0,0,0,0.0,0,0,0.0,1,0,0.0,0,1,1,,0,0,0,,0.0,0.0,0.0
San Pedro City,0,0,0.0,1,0,0.0,0,0,0.0,0,0,0.0,1,0,-1,-1.0,0,0,0,,0.0,0.0,0.0
San Place Address Ng Shop Nyo.,0,0,0.0,0,0,0.0,0,0,0.0,1,0,0.0,0,1,1,,0,0,0,,0.0,0.0,0.0
San Poba Loc Nyo,1,0,0.0,0,0,0.0,0,0,0.0,0,0,0.0,1,0,-1,-1.0,0,0,0,,0.0,0.0,0.0
San Poh Loc Nyo Mam,0,0,0.0,0,0,0.0,0,0,0.0,1,0,0.0,0,1,1,,0,0,0,,0.0,0.0,0.0
San Pong Lugar Ang Pwesto Nio,0,0,0.0,1,0,0.0,0,0,0.0,0,0,0.0,1,0,-1,-1.0,0,0,0,,0.0,0.0,0.0
San Pp Location Niyo,0,0,0.0,1,0,0.0,0,0,0.0,0,0,0.0,1,0,-1,-1.0,0,0,0,,0.0,0.0,0.0
San Store Nyo Located,0,0,0.0,1,0,0.0,0,0,0.0,0,0,0.0,1,0,-1,-1.0,0,0,0,,0.0,0.0,0.0
San.Po Loc,0,0,0.0,1,0,0.0,0,0,0.0,0,0,0.0,1,0,-1,-1.0,0,0,0,,0.0,0.0,0.0
Sanchez Mira,0,0,0.0,1,0,0.0,0,0,0.0,0,0,0.0,1,0,-1,-1.0,0,0,0,,0.0,0.0,0.0
Santa Ana,0,0,0.0,1,0,0.0,0,0,0.0,0,0,0.0,1,0,-1,-1.0,0,0,0,,0.0,0.0,0.0
Santa Marcela,1,0,0.0,0,0,0.0,0,0,0.0,0,0,0.0,1,0,-1,-1.0,0,0,0,,0.0,0.0,0.0
Sara,1,0,0.0,0,0,0.0,0,0,0.0,0,0,0.0,1,0,-1,-1.0,0,0,0,,0.0,0.0,0.0
Science City Of Munoz,0,0,0.0,0,0,0.0,0,0,0.0,1,0,0.0,0,1,1,,0,0,0,,0.0,0.0,0.0
Science City Of Muñoz,1,0,0.0,0,0,0.0,0,0,0.0,0,0,0.0,1,0,-1,-1.0,0,0,0,,0.0,0.0,0.0
Sdjm Bulacan,0,0,0.0,0,0,0.0,1,0,0.0,0,0,0.0,0,1,1,,0,0,0,,0.0,0.0,0.0
Shaw,0,0,0.0,1,0,0.0,0,0,0.0,0,0,0.0,1,0,-1,-1.0,0,0,0,,0.0,0.0,0.0
Ship Ninyo,0,0,0.0,0,0,0.0,0,0,0.0,1,0,0.0,0,1,1,,0,0,0,,0.0,0.0,0.0
Shop Loc. Mo. Po,0,0,0.0,1,0,0.0,0,0,0.0,0,0,0.0,1,0,-1,-1.0,0,0,0,,0.0,0.0,0.0
Shop Nyo,0,0,0.0,0,0,0.0,0,0,0.0,1,0,0.0,0,1,1,,0,0,0,,0.0,0.0,0.0
Siaton,0,0,0.0,0,0,0.0,0,0,0.0,1,0,0.0,0,1,1,,0,0,0,,0.0,0.0,0.0
Silay,1,0,0.0,0,0,0.0,0,0,0.0,0,0,0.0,1,0,-1,-1.0,0,0,0,,0.0,0.0,0.0
Silay City,0,0,0.0,1,0,0.0,0,0,0.0,0,0,0.0,1,0,-1,-1.0,0,0,0,,0.0,0.0,0.0
Sindalan,0,0,0.0,1,0,0.0,0,0,0.0,0,0,0.0,1,0,-1,-1.0,0,0,0,,0.0,0.0,0.0
Sir,0,0,0.0,0,0,0.0,1,0,0.0,0,0,0.0,0,1,1,,0,0,0,,0.0,0.0,0.0
Size Shop,0,0,0.0,0,0,0.0,0,0,0.0,1,0,0.0,0,1,1,,0,0,0,,0.0,0.0,0.0
Sjdm,1,0,0.0,0,0,0.0,0,0,0.0,0,0,0.0,1,0,-1,-1.0,0,0,0,,0.0,0.0,0.0
Sm Tungko,1,0,0.0,0,0,0.0,0,0,0.0,0,0,0.0,1,0,-1,-1.0,0,0,0,,0.0,0.0,0.0
Sogod,0,0,0.0,0,0,0.0,0,0,0.0,1,0,0.0,0,1,1,,0,0,0,,0.0,0.0,0.0
Solana,0,0,0.0,1,0,0.0,0,0,0.0,0,0,0.0,1,0,-1,-1.0,0,0,0,,0.0,0.0,0.0
Solano,0,0,0.0,1,0,0.0,0,0,0.0,0,0,0.0,1,0,-1,-1.0,0,0,0,,0.0,0.0,0.0
Sta Maria,0,0,0.0,0,0,0.0,0,0,0.0,1,0,0.0,0,1,1,,0,0,0,,0.0,0.0,0.0
Sta Mesa,0,0,0.0,0,0,0.0,0,0,0.0,1,0,0.0,0,1,1,,0,0,0,,0.0,0.0,0.0
Sta Rosa,1,0,0.0,0,0,0.0,0,0,0.0,0,0,0.0,1,0,-1,-1.0,0,0,0,,0.0,0.0,0.0
Sta. Mesa,0,0,0.0,0,0,0.0,0,0,0.0,1,0,0.0,0,1,1,,0,0,0,,0.0,0.0,0.0
Sta. Teresita,0,0,0.0,0,0,0.0,0,0,0.0,1,0,0.0,0,1,1,,0,0,0,,0.0,0.0,0.0
Store Located,0,0,0.0,1,0,0.0,0,0,0.0,0,0,0.0,1,0,-1,-1.0,0,0,0,,0.0,0.0,0.0
Store Place Niyo,0,0,0.0,1,0,0.0,0,0,0.0,0,0,0.0,1,0,-1,-1.0,0,0,0,,0.0,0.0,0.0
Subic Zambales,0,0,0.0,0,0,0.0,1,0,0.0,0,0,0.0,0,1,1,,0,0,0,,0.0,0.0,0.0
Sultan Kudarat,1,0,0.0,0,0,0.0,0,0,0.0,0,0,0.0,1,0,-1,-1.0,0,0,0,,0.0,0.0,0.0
Surigao,0,0,0.0,1,0,0.0,0,0,0.0,0,0,0.0,1,0,-1,-1.0,0,0,0,,0.0,0.0,0.0
Surigao Del Sur.,0,0,0.0,1,0,0.0,0,0,0.0,0,0,0.0,1,0,-1,-1.0,0,0,0,,0.0,0.0,0.0
Tabuk City,0,0,0.0,1,0,0.0,0,0,0.0,0,0,0.0,1,0,-1,-1.0,0,0,0,,0.0,0.0,0.0
Tacurong City,0,0,0.0,0,0,0.0,0,0,0.0,1,1,1.0,0,1,1,,0,1,1,,0.0,50339.4,50339.4
Tagb,0,0,0.0,1,0,0.0,0,0,0.0,0,0,0.0,1,0,-1,-1.0,0,0,0,,0.0,0.0,0.0
Talibon,0,0,0.0,1,0,0.0,0,0,0.0,0,0,0.0,1,0,-1,-1.0,0,0,0,,0.0,0.0,0.0
Tamauan City,0,0,0.0,0,0,0.0,0,0,0.0,1,0,0.0,0,1,1,,0,0,0,,0.0,0.0,0.0
Tandag City,0,0,0.0,0,0,0.0,0,0,0.0,1,0,0.0,0,1,1,,0,0,0,,0.0,0.0,0.0
Tarlac Area,0,0,0.0,1,0,0.0,0,0,0.0,0,0,0.0,1,0,-1,-1.0,0,0,0,,0.0,0.0,0.0
Tayug,0,0,0.0,0,0,0.0,1,0,0.0,0,0,0.0,0,1,1,,0,0,0,,0.0,0.0,0.0
This Place,0,0,0.0,0,0,0.0,1,0,0.0,0,0,0.0,0,1,1,,0,0,0,,0.0,0.0,0.0
Timog,0,0,0.0,0,0,0.0,1,0,0.0,0,0,0.0,0,1,1,,0,0,0,,0.0,0.0,0.0
Tinambac,0,0,0.0,0,0,0.0,0,0,0.0,1,0,0.0,0,1,1,,0,0,0,,0.0,0.0,0.0
Toledo City,0,0,0.0,1,0,0.0,0,0,0.0,0,0,0.0,1,0,-1,-1.0,0,0,0,,0.0,0.0,0.0
Tomas Morato,0,0,0.0,0,0,0.0,1,0,0.0,0,0,0.0,0,1,1,,0,0,0,,0.0,0.0,0.0
Trento,0,0,0.0,0,0,0.0,0,0,0.0,1,0,0.0,0,1,1,,0,0,0,,0.0,0.0,0.0
Tuba,0,0,0.0,1,0,0.0,0,0,0.0,0,0,0.0,1,0,-1,-1.0,0,0,0,,0.0,0.0,0.0
Tubajon,0,0,0.0,0,0,0.0,1,0,0.0,0,0,0.0,0,1,1,,0,0,0,,0.0,0.0,0.0
Tuburan,0,0,0.0,0,0,0.0,1,0,0.0,0,0,0.0,0,1,1,,0,0,0,,0.0,0.0,0.0
Tumauini,0,0,0.0,1,0,0.0,0,0,0.0,0,0,0.0,1,0,-1,-1.0,0,0,0,,0.0,0.0,0.0
Tupi,0,0,0.0,0,0,0.0,0,0,0.0,1,0,0.0,0,1,1,,0,0,0,,0.0,0.0,0.0
Ty,0,0,0.0,1,0,0.0,0,0,0.0,0,0,0.0,1,0,-1,-1.0,0,0,0,,0.0,0.0,0.0
Ur Location,0,0,0.0,0,0,0.0,0,0,0.0,1,0,0.0,0,1,1,,0,0,0,,0.0,0.0,0.0
Urdaneta City,1,0,0.0,0,0,0.0,0,0,0.0,0,0,0.0,1,0,-1,-1.0,0,0,0,,0.0,0.0,0.0
Ususan,0,0,0.0,0,0,0.0,0,0,0.0,1,0,0.0,0,1,1,,0,0,0,,0.0,0.0,0.0
Valencia,0,0,0.0,1,0,0.0,0,0,0.0,0,0,0.0,1,0,-1,-1.0,0,0,0,,0.0,0.0,0.0
Victoria,0,0,0.0,1,0,0.0,0,0,0.0,0,0,0.0,1,0,-1,-1.0,0,0,0,,0.0,0.0,0.0
Vinzons,0,0,0.0,1,0,0.0,0,0,0.0,0,0,0.0,1,0,-1,-1.0,0,0,0,,0.0,0.0,0.0
Visayas Po Kasi Ako,0,0,0.0,0,0,0.0,0,0,0.0,1,0,0.0,0,1,1,,0,0,0,,0.0,0.0,0.0
Visayas Region 6,0,0,0.0,1,0,0.0,0,0,0.0,0,0,0.0,1,0,-1,-1.0,0,0,0,,0.0,0.0,0.0
Vizcaya,0,0,0.0,0,0,0.0,1,0,0.0,0,0,0.0,0,1,1,,0,0,0,,0.0,0.0,0.0
Walk In Po Ako,0,0,0.0,1,0,0.0,0,0,0.0,0,0,0.0,1,0,-1,-1.0,0,0,0,,0.0,0.0,0.0
Wazelake,0,0,0.0,0,0,0.0,1,0,0.0,0,0,0.0,0,1,1,,0,0,0,,0.0,0.0,0.0
Wer Location,0,0,0.0,1,0,0.0,0,0,0.0,0,0,0.0,1,0,-1,-1.0,0,0,0,,0.0,0.0,0.0
Wer Po Location New,0,0,0.0,0,0,0.0,0,0,0.0,1,0,0.0,0,1,1,,0,0,0,,0.0,0.0,0.0
Wesk Lake,0,0,0.0,0,0,0.0,0,0,0.0,1,0,0.0,0,1,1,,0,0,0,,0.0,0.0,0.0
Westgate,0,0,0.0,1,0,0.0,0,0,0.0,0,0,0.0,1,0,-1,-1.0,0,0,0,,0.0,0.0,0.0
Westlake Po,1,0,0.0,0,0,0.0,0,0,0.0,0,0,0.0,1,0,-1,-1.0,0,0,0,,0.0,0.0,0.0
Wiest Lake,1,0,0.0,0,0,0.0,0,0,0.0,0,0,0.0,1,0,-1,-1.0,0,0,0,,0.0,0.0,0.0
Yan Logar,0,0,0.0,0,0,0.0,0,0,0.0,1,0,0.0,0,1,1,,0,0,0,,0.0,0.0,0.0
Your Location Please.,0,0,0.0,0,0,0.0,0,0,0.0,1,0,0.0,0,1,1,,0,0,0,,0.0,0.0,0.0
Your Location Pls,0,0,0.0,1,0,0.0,0,0,0.0,0,0,0.0,1,0,-1,-1.0,0,0,0,,0.0,0.0,0.0
Zambales Loc,0,0,0.0,0,0,0.0,0,0,0.0,1,0,0.0,0,1,1,,0,0,0,,0.0,0.0,0.0
Zambales Po,1,0,0.0,0,0,0.0,0,0,0.0,0,0,0.0,1,0,-1,-1.0,0,0,0,,0.0,0.0,0.0
Zamboanga,0,0,0.0,0,0,0.0,0,0,0.0,1,0,0.0,0,1,1,,0,0,0,,0.0,0.0,0.0
Zaragoza,0,0,0.0,0,0,0.0,0,0,0.0,1,0,0.0,0,1,1,,0,0,0,,0.0,0.0,0.0
Zarraga,0,0,0.0,0,0,0.0,1,0,0.0,0,0,0.0,0,1,1,,0,0,0,,0.0,0.0,0.0
‘Mandaluyong/Pasig,0,0,0.0,1,0,0.0,0,0,0.0,0,0,0.0,1,0,-1,-1.0,0,0,0,,0.0,0.0,0.0
UNIDENTIFIED / NO USABLE CITY EVIDENCE,2181,11,0.0050435580009170105,8343,87,0.010427903631787127,3078,19,0.006172839506172839,8864,124,0.013989169675090252,10524,11942,1418,0.1347396427213987,98,143,45,0.4591836734693877,0.0,0.0,0.0
